{
 "schema": "crewborg-suspicion-weights/v1",
 "feature_set": "runtime",
 "trained": "2026-06-29",
 "dataset": "/Users/jamesboggs/coding/personal_labs/crewrift_lab/suspicion_lab/dataset/dataset.parquet",
 "games": 264118,
 "rows": 27670733,
 "C": 1.0,
 "cv_auc": 0.8109656257139269,
 "cv_log_loss": 0.4666638005259454,
 "intercept": 0.2733258397469933,
 "linear_clip": 5,
 "sample_unit_ticks": 24,
 "bin_spec": {
  "follow_death_samples": [
   2,
   6
  ],
  "tail_obs_samples": [
   5,
   20
  ],
  "tail_obs_max_run": [
   3,
   8
  ],
  "copresence_killrange_samples": [
   5,
   20
  ],
  "task_site_dwell_samples": [
   5,
   20
  ],
  "observed_samples": [
   10,
   40
  ]
 },
 "coefficients": {
  "witnessed_kills": 10.129320782740464,
  "near_body_bodies": 0.5210147418426184,
  "follow_death_samples__0to2": 1.4130204193798812,
  "follow_death_samples__2to6": 1.9267747091016543,
  "follow_death_samples__gt6": 1.6288174985557633,
  "tail_obs_samples__0to5": -0.3370728717234289,
  "tail_obs_samples__5to20": -0.1674935613330012,
  "tail_obs_samples__gt20": 0.29286199288916365,
  "tail_obs_max_run__0to3": -0.5742677567503796,
  "tail_obs_max_run__3to8": -0.528770071286759,
  "tail_obs_max_run__gt8": -0.5250370601510358,
  "vent_visits": 0.22438270390855783,
  "copresence_killrange_samples__0to5": -0.0017266295379569263,
  "copresence_killrange_samples__5to20": 0.2178682342088095,
  "copresence_killrange_samples__gt20": 0.7693296970080664,
  "task_site_dwell_samples__0to5": -0.3095024824939412,
  "task_site_dwell_samples__5to20": -0.5018692036438672,
  "task_site_dwell_samples__gt20": 0.8470606318461287,
  "observed_samples__0to10": -0.3267600509756498,
  "observed_samples__10to40": 0.24188489359617474,
  "observed_samples__gt40": 0.8029098014535927,
  "tasks_completed_watched": -14.131733414123968,
  "accusations_made": 1.031251245167491,
  "times_accused": -0.5584067339814249,
  "times_defended": 0.0,
  "votes_cast": -0.08189653623305282,
  "votes_skipped": -0.22516597214984388,
  "voted_against_observer": 0.6140496601807451,
  "vote_agreement_with_observer": 0.3416816591440594,
  "reported_bodies": -0.10784563482448245,
  "button_calls_made": -1.2998364808894856
 }
}