{
 "schema": "crewborg-suspicion-weights/v1",
 "feature_set": "runtime",
 "trained": "2026-06-16",
 "dataset": "/Users/jamesboggs/coding/personal_labs/crewrift_lab/suspicion_lab/dataset/dataset.parquet",
 "games": 66715,
 "rows": 6908258,
 "C": 1.0,
 "cv_auc": 0.810949984020908,
 "cv_log_loss": 0.46651506548527955,
 "intercept": 0.14271897214134072,
 "linear_clip": 5,
 "sample_unit_ticks": 24,
 "bin_spec": {
  "follow_death_samples": [
   2,
   6
  ],
  "tail_obs_samples": [
   5,
   20
  ],
  "tail_obs_max_run": [
   3,
   8
  ],
  "copresence_killrange_samples": [
   5,
   20
  ],
  "task_site_dwell_samples": [
   5,
   20
  ],
  "observed_samples": [
   10,
   40
  ]
 },
 "coefficients": {
  "witnessed_kills": 8.452699320541836,
  "near_body_bodies": 0.7132352375860984,
  "follow_death_samples__0to2": 1.4135546045818854,
  "follow_death_samples__2to6": 1.9129068230843167,
  "follow_death_samples__gt6": 1.8599121979348872,
  "tail_obs_samples__0to5": -0.6546429041630438,
  "tail_obs_samples__5to20": -0.4848594824104294,
  "tail_obs_samples__gt20": -0.006673382538451832,
  "tail_obs_max_run__0to3": -0.22849825066810298,
  "tail_obs_max_run__3to8": -0.1505944265702914,
  "tail_obs_max_run__gt8": -0.18529152808558672,
  "vent_visits": 0.19568164386500983,
  "copresence_killrange_samples__0to5": 0.0262610594383958,
  "copresence_killrange_samples__5to20": 0.2709572838295506,
  "copresence_killrange_samples__gt20": 0.8220276547262125,
  "task_site_dwell_samples__0to5": -0.3662331563897409,
  "task_site_dwell_samples__5to20": -0.5976687651264733,
  "task_site_dwell_samples__gt20": 0.9984610109270888,
  "observed_samples__0to10": -0.22509149968382555,
  "observed_samples__10to40": 0.3424551616085581,
  "observed_samples__gt40": 0.9464206035963852,
  "tasks_completed_watched": -14.364602805265818,
  "accusations_made": 0.9594497074615114,
  "times_accused": -0.5303703222157343,
  "times_defended": 0.0,
  "votes_cast": -0.07683542761328704,
  "votes_skipped": -0.2356153463592352,
  "voted_against_observer": 0.6015886524668628,
  "vote_agreement_with_observer": 0.3980499551809457,
  "reported_bodies": -0.3999545207429787,
  "button_calls_made": -1.3458497179650315
 }
}