{"crewborg-mv": [219, 444, 0.49324324324324326, 0.44699655978133135, 0.5396058460693087], "scott-crewborg-hs1": [202, 415, 0.4867469879518072, 0.4390000289252801, 0.5347370592722629], "forgeling-focusfire": [180, 398, 0.45226130653266333, 0.4040512959086733, 0.5013840796223817], "crewborg": [321, 728, 0.4409340659340659, 0.40527067386831, 0.4772175585579416], "jordan-crewborg-aaln": [195, 446, 0.437219730941704, 0.39191263108120433, 0.48359910460531275], "sasmith-crewborg-hs1": [159, 373, 0.4262734584450402, 0.3770880401328005, 0.4769620435097699], "crewrift-prime-crewborg-aaln-hunter-relhalpha": [187, 446, 0.4192825112107623, 0.3743669092417255, 0.4655767509266537], "notsus": [178, 446, 0.3991031390134529, 0.35470135276995896, 0.44522822244051496], "rowdaboat-notsus": [183, 459, 0.39869281045751637, 0.3549183011905915, 0.44414902551470054], "crewborg-aaln": [185, 474, 0.39029535864978904, 0.34742926618068337, 0.4349253885835731], "crewrift-prime-notsus-richard": [146, 389, 0.37532133676092544, 0.32864249677224566, 0.4244386433106784], "daveey-prime-notsus": [153, 421, 0.36342042755344417, 0.3189011468851011, 0.4104097303924535], "softmaxwell-crewborg": [128, 385, 0.33246753246753247, 0.287268147280525, 0.3809772256425366]}