{
 "schema": "crewborg-suspicion-weights/v1",
 "feature_set": "runtime",
 "trained": "2026-07-02",
 "dataset": "/tmp/susp_v90_dataset.parquet",
 "games": 180,
 "rows": 2220,
 "C": 1.0,
 "cv_auc": 0.6714616275343994,
 "cv_log_loss": 0.5751184925060606,
 "intercept": 0.0,
 "linear_clip": 5,
 "sample_unit_ticks": 24,
 "bin_spec": {
  "follow_death_samples": [
   2,
   6
  ],
  "tail_obs_samples": [
   5,
   20
  ],
  "tail_obs_max_run": [
   3,
   8
  ],
  "copresence_killrange_samples": [
   5,
   20
  ],
  "task_site_dwell_samples": [
   5,
   20
  ],
  "observed_samples": [
   10,
   40
  ]
 },
 "coefficients": {
  "witnessed_kills": 4.1146514921262165,
  "near_body_bodies": 0.37672707083837303,
  "follow_death_samples__0to2": 0.05501891243553779,
  "follow_death_samples__2to6": 0.0,
  "follow_death_samples__gt6": 0.0,
  "tail_obs_samples__0to5": -0.15442491971938088,
  "tail_obs_samples__5to20": 0.0,
  "tail_obs_samples__gt20": 0.0,
  "tail_obs_max_run__0to3": -0.0842086578278023,
  "tail_obs_max_run__3to8": 0.0,
  "tail_obs_max_run__gt8": 0.5266577474763081,
  "vent_visits": 0.12583008002922164,
  "copresence_killrange_samples__0to5": -0.24612973555999787,
  "copresence_killrange_samples__5to20": -0.5344782859204998,
  "copresence_killrange_samples__gt20": 0.0,
  "task_site_dwell_samples__0to5": -0.22448451566690542,
  "task_site_dwell_samples__5to20": -0.27884636199640234,
  "task_site_dwell_samples__gt20": 0.0,
  "observed_samples__0to10": -0.22736840187438445,
  "observed_samples__10to40": 0.6026312598500104,
  "observed_samples__gt40": 0.0,
  "tasks_completed_watched": -0.37274536352107424,
  "accusations_made": 0.10910571781534996,
  "times_accused": 0.19662056000163797,
  "times_defended": -0.2601041158971239,
  "votes_cast": -0.5874355461176156,
  "votes_skipped": -0.40727386640488544,
  "voted_against_observer": 0.3244201992566257,
  "vote_agreement_with_observer": -0.7701489692025876,
  "reported_bodies": 0.0,
  "button_calls_made": 0.0
 }
}