{
 "schema": "crewborg-suspicion-weights/v1",
 "feature_set": "runtime",
 "trained": "2026-07-05",
 "dataset": "/tmp/refit_corpus/dataset/runtime.parquet",
 "games": 176,
 "rows": 2462,
 "C": 0.3,
 "cv_auc": 0.697561572698729,
 "cv_log_loss": 0.5716668586400119,
 "intercept": 0.0,
 "linear_clip": 5,
 "sample_unit_ticks": 24,
 "bin_spec": {
  "follow_death_samples": [
   2,
   6
  ],
  "tail_obs_samples": [
   5,
   20
  ],
  "tail_obs_max_run": [
   3,
   8
  ],
  "copresence_killrange_samples": [
   5,
   20
  ],
  "task_site_dwell_samples": [
   5,
   20
  ],
  "observed_samples": [
   10,
   40
  ]
 },
 "coefficients": {
  "witnessed_kills": 1.8937019332399943,
  "near_body_bodies": 0.08737551552999623,
  "follow_death_samples__0to2": 0.6095951446005924,
  "follow_death_samples__2to6": 0.0,
  "follow_death_samples__gt6": 0.0,
  "tail_obs_samples__0to5": -0.3999725121824584,
  "tail_obs_samples__5to20": 0.0,
  "tail_obs_samples__gt20": 0.0,
  "tail_obs_max_run__0to3": -0.2538419469098818,
  "tail_obs_max_run__3to8": 0.0,
  "tail_obs_max_run__gt8": 0.0,
  "vent_visits": 0.44553746381046944,
  "copresence_killrange_samples__0to5": 0.3646399989357888,
  "copresence_killrange_samples__5to20": 0.0,
  "copresence_killrange_samples__gt20": 0.0,
  "task_site_dwell_samples__0to5": -0.794612075189797,
  "task_site_dwell_samples__5to20": -0.7423800093410395,
  "task_site_dwell_samples__gt20": 0.0,
  "observed_samples__0to10": -0.00744827744230336,
  "observed_samples__10to40": 0.0,
  "observed_samples__gt40": 0.0,
  "tasks_completed_watched": -0.7308843510831999,
  "accusations_made": 0.11273345224183022,
  "times_accused": 0.1287924610846706,
  "times_defended": -0.5074818373418664,
  "votes_cast": -0.3690220270893037,
  "votes_skipped": 0.0,
  "voted_against_observer": 0.2510191295192502,
  "vote_agreement_with_observer": -1.238324713842634,
  "reported_bodies": 0.0,
  "button_calls_made": 0.0
 }
}