{
 "schema": "crewborg-suspicion-weights/v1",
 "feature_set": "runtime",
 "trained": "2026-06-26",
 "dataset": "/Users/jamesboggs/coding/personal_labs/crewrift_lab/suspicion_lab/dataset/dataset.parquet",
 "games": 264118,
 "rows": 27670733,
 "C": 1.0,
 "cv_auc": 0.8109669933407769,
 "cv_log_loss": 0.4666637541939559,
 "intercept": 0.047291874916487994,
 "linear_clip": 5,
 "sample_unit_ticks": 24,
 "bin_spec": {
  "follow_death_samples": [
   2,
   6
  ],
  "tail_obs_samples": [
   5,
   20
  ],
  "tail_obs_max_run": [
   3,
   8
  ],
  "copresence_killrange_samples": [
   5,
   20
  ],
  "task_site_dwell_samples": [
   5,
   20
  ],
  "observed_samples": [
   10,
   40
  ]
 },
 "coefficients": {
  "witnessed_kills": 10.129292247781345,
  "near_body_bodies": 0.5210612439744479,
  "follow_death_samples__0to2": 1.4130660965529318,
  "follow_death_samples__2to6": 1.9268446826281387,
  "follow_death_samples__gt6": 1.6289436335355771,
  "tail_obs_samples__0to5": -0.2391097965170457,
  "tail_obs_samples__5to20": -0.06885361515398063,
  "tail_obs_samples__gt20": 0.39207808120324483,
  "tail_obs_max_run__0to3": -0.11109975882665178,
  "tail_obs_max_run__3to8": -0.0660010160699802,
  "tail_obs_max_run__gt8": -0.06263925220243378,
  "vent_visits": 0.22432741312719312,
  "copresence_killrange_samples__0to5": -0.0017429875140283,
  "copresence_killrange_samples__5to20": 0.21791620260754488,
  "copresence_killrange_samples__gt20": 0.769436826864956,
  "task_site_dwell_samples__0to5": -0.3095623518783948,
  "task_site_dwell_samples__5to20": -0.50184867540668,
  "task_site_dwell_samples__gt20": 0.8470912864875041,
  "observed_samples__0to10": -0.6617967652799247,
  "observed_samples__10to40": -0.09331176752474896,
  "observed_samples__gt40": 0.4675361530408086,
  "tasks_completed_watched": -15.236984833542655,
  "accusations_made": 1.0312947674493878,
  "times_accused": -0.5583657158241631,
  "times_defended": 0.0,
  "votes_cast": -0.0820533977834902,
  "votes_skipped": -0.22530454928155058,
  "voted_against_observer": 0.6141264831455141,
  "vote_agreement_with_observer": 0.3416980998320538,
  "reported_bodies": -0.10774575254643884,
  "button_calls_made": -1.2997644182918797
 }
}