{
 "schema": "crewborg-suspicion-weights/v1",
 "feature_set": "runtime",
 "trained": "2026-06-25",
 "dataset": "/Users/jamesboggs/coding/personal_labs/crewrift_lab/suspicion_lab/dataset/dataset.parquet",
 "games": 249260,
 "rows": 26097173,
 "C": 0.3,
 "cv_auc": 0.8102006837386458,
 "cv_log_loss": 0.4672429641710697,
 "intercept": 0.042715394942228944,
 "linear_clip": 5,
 "sample_unit_ticks": 24,
 "bin_spec": {
  "follow_death_samples": [
   2,
   6
  ],
  "tail_obs_samples": [
   5,
   20
  ],
  "tail_obs_max_run": [
   3,
   8
  ],
  "copresence_killrange_samples": [
   5,
   20
  ],
  "task_site_dwell_samples": [
   5,
   20
  ],
  "observed_samples": [
   10,
   40
  ]
 },
 "coefficients": {
  "witnessed_kills": 8.874929901833957,
  "near_body_bodies": 0.5118727337705621,
  "follow_death_samples__0to2": 1.4122831013655957,
  "follow_death_samples__2to6": 1.927741918543772,
  "follow_death_samples__gt6": 1.6171795993550069,
  "tail_obs_samples__0to5": -0.256534917301019,
  "tail_obs_samples__5to20": -0.08647010411347325,
  "tail_obs_samples__gt20": 0.3767277550874107,
  "tail_obs_max_run__0to3": -0.29065453386404716,
  "tail_obs_max_run__3to8": -0.24333328482151256,
  "tail_obs_max_run__gt8": -0.242204430851696,
  "vent_visits": 0.2258271602650929,
  "copresence_killrange_samples__0to5": 0.00037834434473554986,
  "copresence_killrange_samples__5to20": 0.2223518374782392,
  "copresence_killrange_samples__gt20": 0.7732558242792186,
  "task_site_dwell_samples__0to5": -0.3130189181233333,
  "task_site_dwell_samples__5to20": -0.5110988495041847,
  "task_site_dwell_samples__gt20": 0.8418132869818404,
  "observed_samples__0to10": -0.4608882520019535,
  "observed_samples__10to40": 0.10817866824695165,
  "observed_samples__gt40": 0.6675384355669016,
  "tasks_completed_watched": -14.38755941048162,
  "accusations_made": 1.0266207195722967,
  "times_accused": -0.5574254096780861,
  "times_defended": 0.0,
  "votes_cast": -0.09013167154121556,
  "votes_skipped": -0.22097674164597716,
  "voted_against_observer": 0.6149168851635572,
  "vote_agreement_with_observer": 0.3541025452629943,
  "reported_bodies": -0.11313937088861499,
  "button_calls_made": -1.302587468975179
 }
}