episode_id,created_at,policy,policy_version_id,player_name,slot,hero,team,ticks,xp,xp_rate,last_hits,hero_kills,building_kills,deaths,farm_rate,hero_rate,building_rate,nearby_enemy_deaths,nearby_kills,enemy_deaths,win
ereq_835f6c28-2abf-48f6-8edf-d4966a75fc2f,2026-09-17T23:54:24.367966Z,richard-gods-of-the-arena:v78,881a807d-68ab-4a62-9b6c-e98694cf0bc3,richard,0,Death Knight,RedTeam,16458,525,31.89938024061247,17,0,1,11,25.823307813829143,0.0,6.076072426783327,6,0,52,1
ereq_835f6c28-2abf-48f6-8edf-d4966a75fc2f,2026-09-17T23:54:24.367966Z,aaron-gota-ir-perimeter-blue_repair-0916-aaron:v1,b64f1ccb-02e1-4ad5-b75b-f374222e9e9a,Aaron,1,Crossbowman,RedTeam,16458,6325,384.31158099404547,119,19,5,5,180.76315469680398,173.16806416332483,30.380362133916638,21,19,52,1
ereq_835f6c28-2abf-48f6-8edf-d4966a75fc2f,2026-09-17T23:54:24.367966Z,macromackie-gota:v4,1a78a3f9-8112-4c2c-831a-f0ffee8dbacc,macromackie,2,Lich,RedTeam,16458,2800,170.13002794993315,48,10,1,9,72.91286912139992,91.1410864017499,6.076072426783327,15,10,52,1
ereq_835f6c28-2abf-48f6-8edf-d4966a75fc2f,2026-09-17T23:54:24.367966Z,red-kite:v34,a4590ed4-0b0c-4d86-8968-0844796f30e0,Andrew Brower,3,Warlock,RedTeam,16458,3250,197.47235387045814,64,9,3,4,97.21715882853323,82.02697776157491,18.22821728034998,10,9,52,1
ereq_835f6c28-2abf-48f6-8edf-d4966a75fc2f,2026-09-17T23:54:24.367966Z,gota-vanguard-rally-hold:v1,3ccd4955-3d9c-4c79-a243-e5dc12d650ad,daveey,4,Berserker,RedTeam,16458,4250,258.23307813829143,88,13,1,15,133.6735933892332,118.48341232227489,6.076072426783327,21,13,52,1
ereq_835f6c28-2abf-48f6-8edf-d4966a75fc2f,2026-09-17T23:54:24.367966Z,aaron-gota-ir-coordinated-support-anchor-0916:v1,9cedf3ff-c7ce-4cff-897f-d48b44e049ad,Aaron's Co-play Coach,5,Vanguard Knight,BlueTeam,16458,2150,130.63555717584154,40,7,1,11,60.760724267833275,63.79876048122494,6.076072426783327,15,7,44,0
ereq_835f6c28-2abf-48f6-8edf-d4966a75fc2f,2026-09-17T23:54:24.367966Z,khors:v1,fa00903c-0ba4-4eec-b20f-4c082550d80f,Andre von Auto,6,Ranger,BlueTeam,16458,3075,186.8392271235873,81,7,0,12,123.04046664236238,63.79876048122494,0.0,14,7,44,0
ereq_835f6c28-2abf-48f6-8edf-d4966a75fc2f,2026-09-17T23:54:24.367966Z,Jordan-ply_bcb80069-fb0c-4ba5-a45c-06b647870aeb:v218,f1cf890b-42d5-4cca-98cc-782774a7e9a7,Jordan,7,Arcanist,BlueTeam,16458,3700,224.81467979098312,96,8,1,14,145.82573824279984,72.91286912139992,6.076072426783327,10,8,44,0
ereq_835f6c28-2abf-48f6-8edf-d4966a75fc2f,2026-09-17T23:54:24.367966Z,james-botts-gota:v13,40d72eea-ac61-44b0-aaf4-7828fbf30170,James Botts,8,Druid Warden,BlueTeam,16458,3825,232.40977032446227,153,0,0,4,232.40977032446227,0.0,0.0,5,0,44,0
ereq_835f6c28-2abf-48f6-8edf-d4966a75fc2f,2026-09-17T23:54:24.367966Z,black-kite:v16,d10d7d74-40a7-4f6c-8838-e09729160349,Andrew Brower B,9,Demon Hunter,BlueTeam,16458,5425,329.6269291529955,117,16,1,11,177.72511848341233,145.82573824279984,6.076072426783327,22,16,44,0
ereq_00b7e0a4-cb95-4119-bcf3-1ce4a92bfac8,2026-09-17T23:54:24.351117Z,aaron-gota-ir-coordinated-support-anchor-0916:v1,9cedf3ff-c7ce-4cff-897f-d48b44e049ad,Aaron's Co-play Coach,0,Death Knight,RedTeam,9097,1100,120.91898428053204,22,3,1,3,60.45949214026602,49.4668572056722,10.992634934593822,6,3,30,1
ereq_00b7e0a4-cb95-4119-bcf3-1ce4a92bfac8,2026-09-17T23:54:24.351117Z,gota-g002:v1,a30542cb-54de-4109-92e6-bcabca7db4d8,Alex Smith,1,Crossbowman,RedTeam,9097,3050,335.27536550511155,46,12,1,2,126.41530174782895,197.8674288226888,10.992634934593822,18,12,30,1
ereq_00b7e0a4-cb95-4119-bcf3-1ce4a92bfac8,2026-09-17T23:54:24.351117Z,Jordan-ply_bcb80069-fb0c-4ba5-a45c-06b647870aeb:v218,f1cf890b-42d5-4cca-98cc-782774a7e9a7,Jordan,2,Lich,RedTeam,9097,1475,162.14136528525887,25,5,1,4,68.7039683412114,82.44476200945367,10.992634934593822,9,5,30,1
ereq_00b7e0a4-cb95-4119-bcf3-1ce4a92bfac8,2026-09-17T23:54:24.351117Z,red-kite:v34,a4590ed4-0b0c-4d86-8968-0844796f30e0,Andrew Brower,3,Warlock,RedTeam,9097,2350,258.32692096295483,60,5,1,3,164.88952401890734,82.44476200945367,10.992634934593822,9,5,30,1
ereq_00b7e0a4-cb95-4119-bcf3-1ce4a92bfac8,2026-09-17T23:54:24.351117Z,Polyworld GOTA base.bas:v1,e8aed568-d03c-49bf-beaf-68c731f05d26,Andre von Houck,4,Berserker,RedTeam,9097,2000,219.85269869187644,50,3,3,6,137.4079366824228,49.4668572056722,32.97790480378146,7,3,30,1
ereq_00b7e0a4-cb95-4119-bcf3-1ce4a92bfac8,2026-09-17T23:54:24.351117Z,aaron-gota-ir-perimeter-blue_repair-0916-aaron:v1,b64f1ccb-02e1-4ad5-b75b-f374222e9e9a,Aaron,5,Vanguard Knight,BlueTeam,9097,2500,274.8158733648456,66,3,4,2,181.37847642079805,49.4668572056722,43.97053973837529,6,3,18,0
ereq_00b7e0a4-cb95-4119-bcf3-1ce4a92bfac8,2026-09-17T23:54:24.351117Z,james-botts-gota:v13,40d72eea-ac61-44b0-aaf4-7828fbf30170,James Botts,6,Ranger,BlueTeam,9097,900,98.9337144113444,24,2,0,2,65.95580960756293,32.97790480378146,0.0,5,2,18,0
ereq_00b7e0a4-cb95-4119-bcf3-1ce4a92bfac8,2026-09-17T23:54:24.351117Z,richard-gods-of-the-arena:v78,881a807d-68ab-4a62-9b6c-e98694cf0bc3,richard,7,Arcanist,BlueTeam,9097,2875,316.03825436957237,71,6,2,9,195.11927008904036,98.9337144113444,21.985269869187643,9,6,18,0
ereq_00b7e0a4-cb95-4119-bcf3-1ce4a92bfac8,2026-09-17T23:54:24.351117Z,relh-gods-of-the-arena:v154,99ff8b49-8bb6-4ee2-9204-ff24a8efda4e,relh,8,Druid Warden,BlueTeam,9097,575,63.207650873914474,19,0,1,7,52.21501593932066,0.0,10.992634934593822,4,0,18,0
ereq_00b7e0a4-cb95-4119-bcf3-1ce4a92bfac8,2026-09-17T23:54:24.351117Z,macromackie-gota:v4,1a78a3f9-8112-4c2c-831a-f0ffee8dbacc,macromackie,9,Demon Hunter,BlueTeam,9097,1275,140.15609541607122,27,2,3,10,74.2002858085083,32.97790480378146,32.97790480378146,5,2,18,0
ereq_8eae53ab-3c16-454d-a4ef-64525c0757a4,2026-09-17T23:54:24.370706Z,macromackie-gota:v4,1a78a3f9-8112-4c2c-831a-f0ffee8dbacc,macromackie,0,Death Knight,RedTeam,12080,1075,88.99006622516556,21,3,1,7,43.46026490066225,37.25165562913907,8.278145695364238,8,3,29,0
ereq_8eae53ab-3c16-454d-a4ef-64525c0757a4,2026-09-17T23:54:24.370706Z,gota-g002:v1,a30542cb-54de-4109-92e6-bcabca7db4d8,Alex Smith,1,Crossbowman,RedTeam,12080,3625,300.0827814569536,51,15,1,5,105.54635761589404,186.25827814569536,8.278145695364238,23,15,29,0
ereq_8eae53ab-3c16-454d-a4ef-64525c0757a4,2026-09-17T23:54:24.370706Z,james-botts-gota:v13,40d72eea-ac61-44b0-aaf4-7828fbf30170,James Botts,2,Lich,RedTeam,12080,1975,163.4933774834437,61,3,0,3,126.24172185430463,37.25165562913907,0.0,17,3,29,0
ereq_8eae53ab-3c16-454d-a4ef-64525c0757a4,2026-09-17T23:54:24.370706Z,aaron-gota-ir-perimeter-blue_repair-0916-aaron:v1,b64f1ccb-02e1-4ad5-b75b-f374222e9e9a,Aaron,3,Warlock,RedTeam,12080,2750,227.64900662251657,68,5,3,7,140.72847682119206,62.086092715231786,24.834437086092716,11,5,29,0
ereq_8eae53ab-3c16-454d-a4ef-64525c0757a4,2026-09-17T23:54:24.370706Z,richard-gods-of-the-arena:v78,881a807d-68ab-4a62-9b6c-e98694cf0bc3,richard,4,Berserker,RedTeam,12080,2150,177.98013245033113,64,3,1,10,132.4503311258278,37.25165562913907,8.278145695364238,10,3,29,0
ereq_8eae53ab-3c16-454d-a4ef-64525c0757a4,2026-09-17T23:54:24.370706Z,red-kite:v34,a4590ed4-0b0c-4d86-8968-0844796f30e0,Andrew Brower,5,Vanguard Knight,BlueTeam,12080,450,37.25165562913907,18,0,0,4,37.25165562913907,0.0,0.0,7,0,32,1
ereq_8eae53ab-3c16-454d-a4ef-64525c0757a4,2026-09-17T23:54:24.370706Z,black-kite:v16,d10d7d74-40a7-4f6c-8838-e09729160349,Andrew Brower B,6,Ranger,BlueTeam,12080,5050,418.04635761589407,96,15,4,3,198.67549668874173,186.25827814569536,33.11258278145695,15,15,32,1
ereq_8eae53ab-3c16-454d-a4ef-64525c0757a4,2026-09-17T23:54:24.370706Z,gota-g003:v2,8cea4626-a0f1-4dd0-b066-58e6bd194ad3,Scott Smith,7,Arcanist,BlueTeam,12080,2475,204.8841059602649,75,4,0,9,155.21523178807948,49.66887417218543,0.0,11,4,32,1
ereq_8eae53ab-3c16-454d-a4ef-64525c0757a4,2026-09-17T23:54:24.370706Z,aaron-gota-ir-coordinated-support-anchor-0916:v1,9cedf3ff-c7ce-4cff-897f-d48b44e049ad,Aaron's Co-play Coach,8,Druid Warden,BlueTeam,12080,950,78.64238410596026,16,3,1,3,33.11258278145695,37.25165562913907,8.278145695364238,7,3,32,1
ereq_8eae53ab-3c16-454d-a4ef-64525c0757a4,2026-09-17T23:54:24.370706Z,khors:v1,fa00903c-0ba4-4eec-b20f-4c082550d80f,Andre von Auto,9,Demon Hunter,BlueTeam,12080,2550,211.09271523178808,44,9,1,10,91.05960264900662,111.75496688741723,8.278145695364238,12,8,32,1
ereq_9cb72360-d704-45e2-af83-38877cf6e697,2026-09-17T23:54:24.378662Z,Jordan-ply_bcb80069-fb0c-4ba5-a45c-06b647870aeb:v218,f1cf890b-42d5-4cca-98cc-782774a7e9a7,Jordan,0,Death Knight,RedTeam,5025,325,64.67661691542288,9,0,1,2,44.776119402985074,0.0,19.90049751243781,2,0,10,1
ereq_9cb72360-d704-45e2-af83-38877cf6e697,2026-09-17T23:54:24.378662Z,aaron-gota-ir-perimeter-blue_repair-0916-aaron:v1,b64f1ccb-02e1-4ad5-b75b-f374222e9e9a,Aaron,1,Crossbowman,RedTeam,5025,1425,283.5820895522388,29,4,1,1,144.27860696517413,119.40298507462687,19.90049751243781,4,4,10,1
ereq_9cb72360-d704-45e2-af83-38877cf6e697,2026-09-17T23:54:24.378662Z,gota-g002:v1,a30542cb-54de-4109-92e6-bcabca7db4d8,Alex Smith,2,Lich,RedTeam,5025,1675,333.3333333333333,27,4,4,1,134.32835820895522,119.40298507462687,79.60199004975124,6,4,10,1
ereq_9cb72360-d704-45e2-af83-38877cf6e697,2026-09-17T23:54:24.378662Z,james-botts-gota:v13,40d72eea-ac61-44b0-aaf4-7828fbf30170,James Botts,3,Warlock,RedTeam,5025,500,99.50248756218906,20,0,0,3,99.50248756218906,0.0,0.0,1,0,10,1
ereq_9cb72360-d704-45e2-af83-38877cf6e697,2026-09-17T23:54:24.378662Z,macromackie-gota:v4,1a78a3f9-8112-4c2c-831a-f0ffee8dbacc,macromackie,4,Berserker,RedTeam,5025,800,159.20398009950247,18,1,2,3,89.55223880597015,29.850746268656717,39.80099502487562,4,1,10,1
ereq_9cb72360-d704-45e2-af83-38877cf6e697,2026-09-17T23:54:24.378662Z,gota-vanguard-rally-hold:v1,3ccd4955-3d9c-4c79-a243-e5dc12d650ad,daveey,5,Vanguard Knight,BlueTeam,5025,725,144.27860696517413,11,3,0,5,54.72636815920398,89.55223880597015,0.0,5,3,10,0
ereq_9cb72360-d704-45e2-af83-38877cf6e697,2026-09-17T23:54:24.378662Z,gota-g003:v2,8cea4626-a0f1-4dd0-b066-58e6bd194ad3,Scott Smith,6,Ranger,BlueTeam,5025,1625,323.3830845771144,45,2,2,1,223.88059701492537,59.701492537313435,39.80099502487562,3,2,10,0
ereq_9cb72360-d704-45e2-af83-38877cf6e697,2026-09-17T23:54:24.378662Z,khors:v1,fa00903c-0ba4-4eec-b20f-4c082550d80f,Andre von Auto,7,Arcanist,BlueTeam,5025,1075,213.93034825870646,19,4,0,1,94.5273631840796,119.40298507462687,0.0,6,4,10,0
ereq_9cb72360-d704-45e2-af83-38877cf6e697,2026-09-17T23:54:24.378662Z,gota-codex-side-aware-team-secondary-20260917:v1,a7551ee6-ef55-48f0-81bc-d1ba68ca54c2,daveey-2,8,Druid Warden,BlueTeam,5025,150,29.850746268656717,6,0,0,1,29.850746268656717,0.0,0.0,1,0,10,0
ereq_9cb72360-d704-45e2-af83-38877cf6e697,2026-09-17T23:54:24.378662Z,black-kite:v16,d10d7d74-40a7-4f6c-8838-e09729160349,Andrew Brower B,9,Demon Hunter,BlueTeam,5025,1325,263.681592039801,45,0,2,2,223.88059701492537,0.0,39.80099502487562,0,0,10,0
ereq_c6ef2db4-bdb7-4cb8-a608-0f3f75b162a4,2026-09-17T23:54:24.377780Z,aaron-gota-ir-coordinated-support-anchor-0916:v1,9cedf3ff-c7ce-4cff-897f-d48b44e049ad,Aaron's Co-play Coach,0,Death Knight,RedTeam,6622,2300,347.32709151313804,48,4,5,2,181.21413470250678,90.60706735125339,75.50588945937783,6,4,47,1
ereq_c6ef2db4-bdb7-4cb8-a608-0f3f75b162a4,2026-09-17T23:54:24.377780Z,Jordan-ply_bcb80069-fb0c-4ba5-a45c-06b647870aeb:v218,f1cf890b-42d5-4cca-98cc-782774a7e9a7,Jordan,1,Crossbowman,RedTeam,6622,6025,909.8459679855029,31,33,3,0,117.03412866203564,747.5083056478405,45.303533675626696,39,33,47,1
ereq_c6ef2db4-bdb7-4cb8-a608-0f3f75b162a4,2026-09-17T23:54:24.377780Z,james-botts-gota:v13,40d72eea-ac61-44b0-aaf4-7828fbf30170,James Botts,2,Lich,RedTeam,6622,1275,192.54001812141348,33,3,0,0,124.58471760797342,67.95530051344005,0.0,31,3,47,1
ereq_c6ef2db4-bdb7-4cb8-a608-0f3f75b162a4,2026-09-17T23:54:24.377780Z,black-kite:v16,d10d7d74-40a7-4f6c-8838-e09729160349,Andrew Brower B,3,Warlock,RedTeam,6622,1875,283.14708547266684,53,3,1,1,200.09060706735124,67.95530051344005,15.101177891875567,10,3,47,1
ereq_c6ef2db4-bdb7-4cb8-a608-0f3f75b162a4,2026-09-17T23:54:24.377780Z,macromackie-gota:v4,1a78a3f9-8112-4c2c-831a-f0ffee8dbacc,macromackie,4,Berserker,RedTeam,6622,1300,196.31531259438236,26,3,2,2,98.15765629719118,67.95530051344005,30.202355783751134,10,3,47,1
ereq_c6ef2db4-bdb7-4cb8-a608-0f3f75b162a4,2026-09-17T23:54:24.377780Z,gota-g002:v1,a30542cb-54de-4109-92e6-bcabca7db4d8,Alex Smith,5,Vanguard Knight,BlueTeam,6622,0,0.0,0,0,0,12,0.0,0.0,0.0,0,0,5,0
ereq_c6ef2db4-bdb7-4cb8-a608-0f3f75b162a4,2026-09-17T23:54:24.377780Z,relh-gods-of-the-arena:v154,99ff8b49-8bb6-4ee2-9204-ff24a8efda4e,relh,6,Ranger,BlueTeam,6622,1775,268.0459075807913,55,2,1,7,207.64119601328903,45.303533675626696,15.101177891875567,2,2,5,0
ereq_c6ef2db4-bdb7-4cb8-a608-0f3f75b162a4,2026-09-17T23:54:24.377780Z,red-kite:v34,a4590ed4-0b0c-4d86-8968-0844796f30e0,Andrew Brower,7,Arcanist,BlueTeam,6622,750,113.25883418906675,24,1,0,7,90.60706735125339,22.651766837813348,0.0,1,1,5,0
ereq_c6ef2db4-bdb7-4cb8-a608-0f3f75b162a4,2026-09-17T23:54:24.377780Z,gota-g003:v2,8cea4626-a0f1-4dd0-b066-58e6bd194ad3,Scott Smith,8,Druid Warden,BlueTeam,6622,675,101.93295077016008,27,0,0,10,101.93295077016008,0.0,0.0,0,0,5,0
ereq_c6ef2db4-bdb7-4cb8-a608-0f3f75b162a4,2026-09-17T23:54:24.377780Z,richard-gods-of-the-arena:v78,881a807d-68ab-4a62-9b6c-e98694cf0bc3,richard,9,Demon Hunter,BlueTeam,6622,400,60.40471156750227,16,0,0,11,60.40471156750227,0.0,0.0,1,0,5,0
ereq_edfd2716-26e7-4f8c-b7c7-fd250242cc60,2026-09-17T23:54:24.362944Z,gota-g002:v1,a30542cb-54de-4109-92e6-bcabca7db4d8,Alex Smith,0,Death Knight,RedTeam,11045,1550,140.33499320959712,32,5,0,5,72.43096423721141,67.90402897238569,0.0,12,5,44,1
ereq_edfd2716-26e7-4f8c-b7c7-fd250242cc60,2026-09-17T23:54:24.362944Z,james-botts-gota:v13,40d72eea-ac61-44b0-aaf4-7828fbf30170,James Botts,1,Crossbowman,RedTeam,11045,1575,142.59846084200996,51,2,0,0,115.43684925305568,27.161611588954276,0.0,5,2,44,1
ereq_edfd2716-26e7-4f8c-b7c7-fd250242cc60,2026-09-17T23:54:24.362944Z,aaron-gota-ir-coordinated-support-anchor-0916:v1,9cedf3ff-c7ce-4cff-897f-d48b44e049ad,Aaron's Co-play Coach,2,Lich,RedTeam,11045,3625,328.2028066998642,57,10,7,3,129.01765504753283,135.80805794477138,63.37709370755998,12,10,44,1
ereq_edfd2716-26e7-4f8c-b7c7-fd250242cc60,2026-09-17T23:54:24.362944Z,aaron-gota-ir-perimeter-blue_repair-0916-aaron:v1,b64f1ccb-02e1-4ad5-b75b-f374222e9e9a,Aaron,3,Warlock,RedTeam,11045,1975,178.81394296061566,15,8,4,4,33.952014486192844,108.6464463558171,36.215482118605706,15,8,44,1
ereq_edfd2716-26e7-4f8c-b7c7-fd250242cc60,2026-09-17T23:54:24.362944Z,red-kite:v34,a4590ed4-0b0c-4d86-8968-0844796f30e0,Andrew Brower,4,Berserker,RedTeam,11045,3225,291.98732458125846,27,17,0,7,61.113626075147124,230.87369850611137,0.0,21,17,44,1
ereq_edfd2716-26e7-4f8c-b7c7-fd250242cc60,2026-09-17T23:54:24.362944Z,black-kite:v16,d10d7d74-40a7-4f6c-8838-e09729160349,Andrew Brower B,5,Vanguard Knight,BlueTeam,11045,2225,201.44861928474424,83,1,0,9,187.86781349026708,13.580805794477138,0.0,3,1,19,0
ereq_edfd2716-26e7-4f8c-b7c7-fd250242cc60,2026-09-17T23:54:24.362944Z,gota-vanguard-rally-hold:v1,3ccd4955-3d9c-4c79-a243-e5dc12d650ad,daveey,6,Ranger,BlueTeam,11045,1700,153.91579900407424,46,3,1,9,104.1195110909914,40.742417383431416,9.053870529651427,11,3,19,0
ereq_edfd2716-26e7-4f8c-b7c7-fd250242cc60,2026-09-17T23:54:24.362944Z,Jordan-ply_bcb80069-fb0c-4ba5-a45c-06b647870aeb:v218,f1cf890b-42d5-4cca-98cc-782774a7e9a7,Jordan,7,Arcanist,BlueTeam,11045,4550,411.9511090991399,104,11,3,4,235.40063377093708,149.38886373924854,27.161611588954276,12,11,19,0
ereq_edfd2716-26e7-4f8c-b7c7-fd250242cc60,2026-09-17T23:54:24.362944Z,macromackie-gota:v4,1a78a3f9-8112-4c2c-831a-f0ffee8dbacc,macromackie,8,Druid Warden,BlueTeam,11045,675,61.113626075147124,27,0,0,9,61.113626075147124,0.0,0.0,5,0,19,0
ereq_edfd2716-26e7-4f8c-b7c7-fd250242cc60,2026-09-17T23:54:24.362944Z,richard-gods-of-the-arena:v78,881a807d-68ab-4a62-9b6c-e98694cf0bc3,richard,9,Demon Hunter,BlueTeam,11045,1250,113.17338162064283,34,2,1,13,76.95789950203712,27.161611588954276,9.053870529651427,4,2,19,0
ereq_0c50cfb5-e009-45d2-bbc2-24d11ed667ec,2026-09-17T23:54:24.372142Z,red-kite:v34,a4590ed4-0b0c-4d86-8968-0844796f30e0,Andrew Brower,0,Death Knight,RedTeam,5629,2200,390.8331852904601,54,5,1,2,239.82945461005508,133.23858589447505,17.765144785930005,5,5,14,0
ereq_0c50cfb5-e009-45d2-bbc2-24d11ed667ec,2026-09-17T23:54:24.372142Z,nancy-goa:v2,2777766f-4931-4fd9-83f2-44a3f509ede1,NanosaurusX,1,Crossbowman,RedTeam,5629,1450,257.5945993959851,34,4,0,2,151.00373068040506,106.59086871558003,0.0,4,4,14,0
ereq_0c50cfb5-e009-45d2-bbc2-24d11ed667ec,2026-09-17T23:54:24.372142Z,khors:v1,fa00903c-0ba4-4eec-b20f-4c082550d80f,Andre von Auto,2,Lich,RedTeam,5629,1375,244.27074080653756,31,4,0,1,137.67987209095753,106.59086871558003,0.0,9,4,14,0
ereq_0c50cfb5-e009-45d2-bbc2-24d11ed667ec,2026-09-17T23:54:24.372142Z,Polyworld GOTA base.bas:v1,e8aed568-d03c-49bf-beaf-68c731f05d26,Andre von Houck,3,Warlock,RedTeam,5629,275,48.85414816130751,5,1,0,1,22.206430982412506,26.647717178895007,0.0,7,1,14,0
ereq_0c50cfb5-e009-45d2-bbc2-24d11ed667ec,2026-09-17T23:54:24.372142Z,james-botts-gota:v13,40d72eea-ac61-44b0-aaf4-7828fbf30170,James Botts,4,Berserker,RedTeam,5629,875,155.44501687688754,35,0,0,4,155.44501687688754,0.0,0.0,1,0,14,0
ereq_0c50cfb5-e009-45d2-bbc2-24d11ed667ec,2026-09-17T23:54:24.372142Z,macromackie-gota:v4,1a78a3f9-8112-4c2c-831a-f0ffee8dbacc,macromackie,5,Vanguard Knight,BlueTeam,5629,625,111.03215491206254,7,3,0,4,31.08900337537751,79.94315153668502,0.0,3,3,10,1
ereq_0c50cfb5-e009-45d2-bbc2-24d11ed667ec,2026-09-17T23:54:24.372142Z,aaron-gota-ir-coordinated-support-anchor-0916:v1,9cedf3ff-c7ce-4cff-897f-d48b44e049ad,Aaron's Co-play Coach,6,Ranger,BlueTeam,5629,2600,461.8937644341801,60,4,5,1,266.4771717889501,106.59086871558003,88.82572392965002,4,4,10,1
ereq_0c50cfb5-e009-45d2-bbc2-24d11ed667ec,2026-09-17T23:54:24.372142Z,gota-codex-side-aware-team-secondary-20260917:v1,a7551ee6-ef55-48f0-81bc-d1ba68ca54c2,daveey-2,7,Arcanist,BlueTeam,5629,750,133.23858589447505,30,0,0,5,133.23858589447505,0.0,0.0,3,0,10,1
ereq_0c50cfb5-e009-45d2-bbc2-24d11ed667ec,2026-09-17T23:54:24.372142Z,aaron-gota-ir-perimeter-blue_repair-0916-aaron:v1,b64f1ccb-02e1-4ad5-b75b-f374222e9e9a,Aaron,8,Druid Warden,BlueTeam,5629,1225,217.62302362764257,25,2,3,1,111.03215491206254,53.295434357790015,53.295434357790015,3,2,10,1
ereq_0c50cfb5-e009-45d2-bbc2-24d11ed667ec,2026-09-17T23:54:24.372142Z,Jordan-ply_bcb80069-fb0c-4ba5-a45c-06b647870aeb:v218,f1cf890b-42d5-4cca-98cc-782774a7e9a7,Jordan,9,Demon Hunter,BlueTeam,5629,400,71.06057914372002,12,0,1,3,53.295434357790015,0.0,17.765144785930005,0,0,10,1
ereq_a40ee26c-a85b-4e02-a6d4-8542f49af4bd,2026-09-17T23:54:24.377030Z,Polyworld GOTA base.bas:v1,e8aed568-d03c-49bf-beaf-68c731f05d26,Andre von Houck,0,Death Knight,RedTeam,28800,4125,143.22916666666666,87,13,0,22,75.52083333333333,67.70833333333333,0.0,41,13,75,0
ereq_a40ee26c-a85b-4e02-a6d4-8542f49af4bd,2026-09-17T23:54:24.377030Z,james-botts-gota:v13,40d72eea-ac61-44b0-aaf4-7828fbf30170,James Botts,1,Crossbowman,RedTeam,28800,6675,231.77083333333334,255,2,0,7,221.35416666666666,10.416666666666666,0.0,4,2,75,0
ereq_a40ee26c-a85b-4e02-a6d4-8542f49af4bd,2026-09-17T23:54:24.377030Z,red-kite:v34,a4590ed4-0b0c-4d86-8968-0844796f30e0,Andrew Brower,2,Lich,RedTeam,28800,11825,410.59027777777777,227,39,3,23,197.04861111111111,203.125,10.416666666666666,48,39,75,0
ereq_a40ee26c-a85b-4e02-a6d4-8542f49af4bd,2026-09-17T23:54:24.377030Z,aaron-gota-ir-coordinated-support-anchor-0916:v1,9cedf3ff-c7ce-4cff-897f-d48b44e049ad,Aaron's Co-play Coach,3,Warlock,RedTeam,28800,525,18.229166666666668,3,3,0,5,2.6041666666666665,15.625,0.0,10,3,75,0
ereq_a40ee26c-a85b-4e02-a6d4-8542f49af4bd,2026-09-17T23:54:24.377030Z,gota-codex-side-aware-team-secondary-20260917:v1,a7551ee6-ef55-48f0-81bc-d1ba68ca54c2,daveey-2,4,Berserker,RedTeam,28800,5200,180.55555555555554,102,17,1,35,88.54166666666667,88.54166666666667,3.4722222222222223,31,16,75,0
ereq_a40ee26c-a85b-4e02-a6d4-8542f49af4bd,2026-09-17T23:54:24.377030Z,richard-gods-of-the-arena:v78,881a807d-68ab-4a62-9b6c-e98694cf0bc3,richard,5,Vanguard Knight,BlueTeam,28800,2050,71.18055555555556,70,2,0,14,60.763888888888886,10.416666666666666,0.0,15,2,92,0
ereq_a40ee26c-a85b-4e02-a6d4-8542f49af4bd,2026-09-17T23:54:24.377030Z,khors:v1,fa00903c-0ba4-4eec-b20f-4c082550d80f,Andre von Auto,6,Ranger,BlueTeam,28800,5075,176.21527777777777,101,17,0,6,87.67361111111111,88.54166666666667,0.0,33,17,92,0
ereq_a40ee26c-a85b-4e02-a6d4-8542f49af4bd,2026-09-17T23:54:24.377030Z,gota-g002:v1,a30542cb-54de-4109-92e6-bcabca7db4d8,Alex Smith,7,Arcanist,BlueTeam,28800,5100,177.08333333333334,96,16,3,19,83.33333333333333,83.33333333333333,10.416666666666666,30,16,92,0
ereq_a40ee26c-a85b-4e02-a6d4-8542f49af4bd,2026-09-17T23:54:24.377030Z,macromackie-gota:v4,1a78a3f9-8112-4c2c-831a-f0ffee8dbacc,macromackie,8,Druid Warden,BlueTeam,28800,2450,85.06944444444444,56,7,0,21,48.611111111111114,36.458333333333336,0.0,23,7,92,0
ereq_a40ee26c-a85b-4e02-a6d4-8542f49af4bd,2026-09-17T23:54:24.377030Z,aaron-gota-ir-perimeter-blue_repair-0916-aaron:v1,b64f1ccb-02e1-4ad5-b75b-f374222e9e9a,Aaron,9,Demon Hunter,BlueTeam,28800,10900,378.47222222222223,116,48,8,15,100.69444444444444,250.0,27.77777777777778,59,48,92,0
ereq_8c390617-0b7e-46d3-94b5-64ba85387fef,2026-09-17T23:54:24.365045Z,Jordan-ply_bcb80069-fb0c-4ba5-a45c-06b647870aeb:v218,f1cf890b-42d5-4cca-98cc-782774a7e9a7,Jordan,0,Death Knight,RedTeam,11464,975,85.04884856943475,23,2,1,1,50.157013258897415,26.168876482903002,8.722958827634333,11,2,45,1
ereq_8c390617-0b7e-46d3-94b5-64ba85387fef,2026-09-17T23:54:24.365045Z,aaron-gota-ir-coordinated-support-anchor-0916:v1,9cedf3ff-c7ce-4cff-897f-d48b44e049ad,Aaron's Co-play Coach,1,Crossbowman,RedTeam,11464,6325,551.7271458478716,91,21,9,0,198.44731332868108,274.7732030704815,78.506629448709,23,21,45,1
ereq_8c390617-0b7e-46d3-94b5-64ba85387fef,2026-09-17T23:54:24.365045Z,gota-g003:v2,8cea4626-a0f1-4dd0-b066-58e6bd194ad3,Scott Smith,2,Lich,RedTeam,11464,2975,259.5080251221214,37,13,1,8,80.68736915561759,170.0976971388695,8.722958827634333,21,13,45,1
ereq_8c390617-0b7e-46d3-94b5-64ba85387fef,2026-09-17T23:54:24.365045Z,Polyworld GOTA base.bas:v1,e8aed568-d03c-49bf-beaf-68c731f05d26,Andre von Houck,3,Warlock,RedTeam,11464,1050,91.5910676901605,8,5,1,9,17.445917655268666,65.4221912072575,8.722958827634333,17,5,45,1
ereq_8c390617-0b7e-46d3-94b5-64ba85387fef,2026-09-17T23:54:24.365045Z,james-botts-gota:v13,40d72eea-ac61-44b0-aaf4-7828fbf30170,James Botts,4,Berserker,RedTeam,11464,2000,174.45917655268667,74,1,0,0,161.37473831123518,13.084438241451501,0.0,6,1,45,1
ereq_8c390617-0b7e-46d3-94b5-64ba85387fef,2026-09-17T23:54:24.365045Z,gota-codex-side-aware-team-secondary-20260917:v1,a7551ee6-ef55-48f0-81bc-d1ba68ca54c2,daveey-2,5,Vanguard Knight,BlueTeam,11464,1275,111.21772505233776,39,2,0,9,85.04884856943475,26.168876482903002,0.0,6,2,18,0
ereq_8c390617-0b7e-46d3-94b5-64ba85387fef,2026-09-17T23:54:24.365045Z,richard-gods-of-the-arena:v78,881a807d-68ab-4a62-9b6c-e98694cf0bc3,richard,6,Ranger,BlueTeam,11464,4675,407.7983251919051,101,11,5,9,220.25471039776693,143.9288206559665,43.61479413817167,11,11,18,0
ereq_8c390617-0b7e-46d3-94b5-64ba85387fef,2026-09-17T23:54:24.365045Z,aaron-gota-ir-perimeter-blue_repair-0916-aaron:v1,b64f1ccb-02e1-4ad5-b75b-f374222e9e9a,Aaron,7,Arcanist,BlueTeam,11464,1225,106.85624563852059,31,1,3,8,67.60293091416608,13.084438241451501,26.168876482903002,1,1,18,0
ereq_8c390617-0b7e-46d3-94b5-64ba85387fef,2026-09-17T23:54:24.365045Z,gota-g002:v1,a30542cb-54de-4109-92e6-bcabca7db4d8,Alex Smith,8,Druid Warden,BlueTeam,11464,300,26.168876482903002,12,0,0,11,26.168876482903002,0.0,0.0,1,0,18,0
ereq_8c390617-0b7e-46d3-94b5-64ba85387fef,2026-09-17T23:54:24.365045Z,red-kite:v34,a4590ed4-0b0c-4d86-8968-0844796f30e0,Andrew Brower,9,Demon Hunter,BlueTeam,11464,1975,172.2784368457781,55,4,0,8,119.94068387997208,52.337752965806004,0.0,5,4,18,0
ereq_766ebe22-c71e-41ba-a626-51edba54b32e,2026-09-17T23:54:24.385769Z,black-kite:v16,d10d7d74-40a7-4f6c-8838-e09729160349,Andrew Brower B,0,Death Knight,RedTeam,10603,1850,174.47892106007734,62,2,0,10,146.18504196925397,28.293879090823353,0.0,5,2,37,0
ereq_766ebe22-c71e-41ba-a626-51edba54b32e,2026-09-17T23:54:24.385769Z,aaron-gota-ir-coordinated-support-anchor-0916:v1,9cedf3ff-c7ce-4cff-897f-d48b44e049ad,Aaron's Co-play Coach,1,Crossbowman,RedTeam,10603,6075,572.9510515891728,63,24,9,1,148.54286522682258,339.52654908988023,84.88163727247006,25,24,37,0
ereq_766ebe22-c71e-41ba-a626-51edba54b32e,2026-09-17T23:54:24.385769Z,gota-g003:v2,8cea4626-a0f1-4dd0-b066-58e6bd194ad3,Scott Smith,2,Lich,RedTeam,10603,1875,176.83674431764595,51,4,0,10,120.24898613599925,56.587758181646706,0.0,12,4,37,0
ereq_766ebe22-c71e-41ba-a626-51edba54b32e,2026-09-17T23:54:24.385769Z,james-botts-gota:v13,40d72eea-ac61-44b0-aaf4-7828fbf30170,James Botts,3,Warlock,RedTeam,10603,975,91.9551070451759,39,0,0,1,91.9551070451759,0.0,0.0,7,0,37,0
ereq_766ebe22-c71e-41ba-a626-51edba54b32e,2026-09-17T23:54:24.385769Z,red-kite:v34,a4590ed4-0b0c-4d86-8968-0844796f30e0,Andrew Brower,4,Berserker,RedTeam,10603,1775,167.4054512873715,41,5,0,12,96.67075356031312,70.73469772705837,0.0,8,5,37,0
ereq_766ebe22-c71e-41ba-a626-51edba54b32e,2026-09-17T23:54:24.385769Z,macromackie-gota:v4,1a78a3f9-8112-4c2c-831a-f0ffee8dbacc,macromackie,5,Vanguard Knight,BlueTeam,10603,925,87.23946053003867,25,2,0,7,58.94558143921532,28.293879090823353,0.0,9,2,34,1
ereq_766ebe22-c71e-41ba-a626-51edba54b32e,2026-09-17T23:54:24.385769Z,gota-g002:v1,a30542cb-54de-4109-92e6-bcabca7db4d8,Alex Smith,6,Ranger,BlueTeam,10603,2025,190.98368386305762,51,5,0,10,120.24898613599925,70.73469772705837,0.0,9,5,34,1
ereq_766ebe22-c71e-41ba-a626-51edba54b32e,2026-09-17T23:54:24.385769Z,gota-codex-side-aware-team-secondary-20260917:v1,a7551ee6-ef55-48f0-81bc-d1ba68ca54c2,daveey-2,7,Arcanist,BlueTeam,10603,1325,124.96463265113647,27,3,2,7,63.66122795435254,42.44081863623503,18.8625860605489,11,3,34,1
ereq_766ebe22-c71e-41ba-a626-51edba54b32e,2026-09-17T23:54:24.385769Z,aaron-gota-ir-perimeter-blue_repair-0916-aaron:v1,b64f1ccb-02e1-4ad5-b75b-f374222e9e9a,Aaron,8,Druid Warden,BlueTeam,10603,5950,561.1619353013298,104,17,8,1,245.21361878713572,240.4979722719985,75.4503442421956,22,17,34,1
ereq_766ebe22-c71e-41ba-a626-51edba54b32e,2026-09-17T23:54:24.385769Z,khors:v1,fa00903c-0ba4-4eec-b20f-4c082550d80f,Andre von Auto,9,Demon Hunter,BlueTeam,10603,2500,235.78232575686127,54,7,1,12,127.32245590870508,99.02857681788173,9.43129303027445,9,7,34,1
ereq_5a6ff385-79b5-4e4b-8bc8-d43daf01fc3c,2026-09-17T23:54:24.374259Z,macromackie-gota:v4,1a78a3f9-8112-4c2c-831a-f0ffee8dbacc,macromackie,0,Death Knight,RedTeam,23013,5675,246.59974796853953,147,10,5,13,159.69234780341546,65.18055012384305,21.726850041281015,19,10,66,1
ereq_5a6ff385-79b5-4e4b-8bc8-d43daf01fc3c,2026-09-17T23:54:24.374259Z,black-kite:v16,d10d7d74-40a7-4f6c-8838-e09729160349,Andrew Brower B,1,Crossbowman,RedTeam,23013,4925,214.009472906618,65,22,0,14,70.6122626341633,143.39721027245469,0.0,34,21,66,1
ereq_5a6ff385-79b5-4e4b-8bc8-d43daf01fc3c,2026-09-17T23:54:24.374259Z,aaron-gota-ir-perimeter-blue_repair-0916-aaron:v1,b64f1ccb-02e1-4ad5-b75b-f374222e9e9a,Aaron,2,Lich,RedTeam,23013,3950,171.64211532612,70,10,7,9,76.04397514448355,65.18055012384305,30.417590057793422,13,9,66,1
ereq_5a6ff385-79b5-4e4b-8bc8-d43daf01fc3c,2026-09-17T23:54:24.374259Z,gota-g002:v1,a30542cb-54de-4109-92e6-bcabca7db4d8,Alex Smith,3,Warlock,RedTeam,23013,3900,169.46943032199192,86,11,1,13,93.42545517750837,71.69860513622734,4.345370008256203,20,11,66,1
ereq_5a6ff385-79b5-4e4b-8bc8-d43daf01fc3c,2026-09-17T23:54:24.374259Z,richard-gods-of-the-arena:v78,881a807d-68ab-4a62-9b6c-e98694cf0bc3,richard,4,Berserker,RedTeam,23013,3375,146.65623777864684,75,10,0,21,81.4756876548038,65.18055012384305,0.0,24,10,66,1
ereq_5a6ff385-79b5-4e4b-8bc8-d43daf01fc3c,2026-09-17T23:54:24.374259Z,red-kite:v34,a4590ed4-0b0c-4d86-8968-0844796f30e0,Andrew Brower,5,Vanguard Knight,BlueTeam,23013,350,15.208795028896711,14,0,0,15,15.208795028896711,0.0,0.0,6,0,70,0
ereq_5a6ff385-79b5-4e4b-8bc8-d43daf01fc3c,2026-09-17T23:54:24.374259Z,relh-gods-of-the-arena:v154,99ff8b49-8bb6-4ee2-9204-ff24a8efda4e,relh,6,Ranger,BlueTeam,23013,9625,418.24186329465954,203,27,5,15,220.5275279190023,175.98748533437623,21.726850041281015,45,27,70,0
ereq_5a6ff385-79b5-4e4b-8bc8-d43daf01fc3c,2026-09-17T23:54:24.374259Z,james-botts-gota:v13,40d72eea-ac61-44b0-aaf4-7828fbf30170,James Botts,7,Arcanist,BlueTeam,23013,4125,179.24651284056839,105,10,0,3,114.06596271672532,65.18055012384305,0.0,38,10,70,0
ereq_5a6ff385-79b5-4e4b-8bc8-d43daf01fc3c,2026-09-17T23:54:24.374259Z,aaron-gota-ir-coordinated-support-anchor-0916:v1,9cedf3ff-c7ce-4cff-897f-d48b44e049ad,Aaron's Co-play Coach,8,Druid Warden,BlueTeam,23013,4200,182.50554034676054,96,12,0,10,104.28888019814887,78.21666014861165,0.0,20,12,70,0
ereq_5a6ff385-79b5-4e4b-8bc8-d43daf01fc3c,2026-09-17T23:54:24.374259Z,Jordan-ply_bcb80069-fb0c-4ba5-a45c-06b647870aeb:v218,f1cf890b-42d5-4cca-98cc-782774a7e9a7,Jordan,9,Demon Hunter,BlueTeam,23013,5575,242.2543779602833,121,17,0,23,131.44744274975014,110.80693521053318,0.0,26,17,70,0
ereq_470265c6-04dc-4b57-bfbc-d709832454f2,2026-09-17T23:54:24.329109Z,red-kite:v34,a4590ed4-0b0c-4d86-8968-0844796f30e0,Andrew Brower,0,Death Knight,RedTeam,6901,1250,181.13316910592667,34,2,1,0,123.17055499203013,43.4719605854224,14.490653528474134,5,2,22,1
ereq_470265c6-04dc-4b57-bfbc-d709832454f2,2026-09-17T23:54:24.329109Z,khors:v1,fa00903c-0ba4-4eec-b20f-4c082550d80f,Andre von Auto,1,Crossbowman,RedTeam,6901,1475,213.73713954499348,23,4,3,1,83.32125778872627,86.9439211708448,43.4719605854224,11,4,22,1
ereq_470265c6-04dc-4b57-bfbc-d709832454f2,2026-09-17T23:54:24.329109Z,aaron-gota-ir-perimeter-blue_repair-0916-aaron:v1,b64f1ccb-02e1-4ad5-b75b-f374222e9e9a,Aaron,2,Lich,RedTeam,6901,2925,423.8516157078684,67,5,5,1,242.71844660194174,108.679901463556,72.45326764237068,8,5,22,1
ereq_470265c6-04dc-4b57-bfbc-d709832454f2,2026-09-17T23:54:24.329109Z,gota-codex-side-aware-team-secondary-20260917:v1,a7551ee6-ef55-48f0-81bc-d1ba68ca54c2,daveey-2,3,Warlock,RedTeam,6901,950,137.6612085205043,20,3,0,5,72.45326764237068,65.2079408781336,0.0,4,3,22,1
ereq_470265c6-04dc-4b57-bfbc-d709832454f2,2026-09-17T23:54:24.329109Z,gota-g003:v2,8cea4626-a0f1-4dd0-b066-58e6bd194ad3,Scott Smith,4,Berserker,RedTeam,6901,1725,249.96377336617883,21,8,0,3,76.07593102448921,173.8878423416896,0.0,9,8,22,1
ereq_470265c6-04dc-4b57-bfbc-d709832454f2,2026-09-17T23:54:24.329109Z,gota-g002:v1,a30542cb-54de-4109-92e6-bcabca7db4d8,Alex Smith,5,Vanguard Knight,BlueTeam,6901,225,32.6039704390668,3,1,0,7,10.8679901463556,21.7359802927112,0.0,3,1,10,0
ereq_470265c6-04dc-4b57-bfbc-d709832454f2,2026-09-17T23:54:24.329109Z,james-botts-gota:v13,40d72eea-ac61-44b0-aaf4-7828fbf30170,James Botts,6,Ranger,BlueTeam,6901,1275,184.7558324880452,51,0,0,3,184.7558324880452,0.0,0.0,0,0,10,0
ereq_470265c6-04dc-4b57-bfbc-d709832454f2,2026-09-17T23:54:24.329109Z,richard-gods-of-the-arena:v78,881a807d-68ab-4a62-9b6c-e98694cf0bc3,richard,7,Arcanist,BlueTeam,6901,2675,387.6249818866831,55,8,1,5,199.24648601651936,173.8878423416896,14.490653528474134,8,8,10,0
ereq_470265c6-04dc-4b57-bfbc-d709832454f2,2026-09-17T23:54:24.329109Z,Polyworld GOTA base.bas:v1,e8aed568-d03c-49bf-beaf-68c731f05d26,Andre von Houck,8,Druid Warden,BlueTeam,6901,400,57.962614113896535,16,0,0,3,57.962614113896535,0.0,0.0,5,0,10,0
ereq_470265c6-04dc-4b57-bfbc-d709832454f2,2026-09-17T23:54:24.329109Z,aaron-gota-ir-coordinated-support-anchor-0916:v1,9cedf3ff-c7ce-4cff-897f-d48b44e049ad,Aaron's Co-play Coach,9,Demon Hunter,BlueTeam,6901,1025,148.52919866685988,33,0,2,4,119.5478916099116,0.0,28.981307056948268,2,0,10,0
ereq_c2681386-14b4-4363-9747-5dd9b887a625,2026-09-17T23:54:24.374932Z,red-kite:v34,a4590ed4-0b0c-4d86-8968-0844796f30e0,Andrew Brower,0,Death Knight,RedTeam,10090,1275,126.36273538156591,39,2,0,4,96.63032705649158,29.73240832507433,0.0,2,2,25,0
ereq_c2681386-14b4-4363-9747-5dd9b887a625,2026-09-17T23:54:24.374932Z,khors:v1,fa00903c-0ba4-4eec-b20f-4c082550d80f,Andre von Auto,1,Crossbowman,RedTeam,10090,1275,126.36273538156591,29,3,1,7,71.85332011892963,44.5986124876115,9.910802775024777,9,3,25,0
ereq_c2681386-14b4-4363-9747-5dd9b887a625,2026-09-17T23:54:24.374932Z,gota-codex-side-aware-team-secondary-20260917:v1,a7551ee6-ef55-48f0-81bc-d1ba68ca54c2,daveey-2,2,Lich,RedTeam,10090,1625,161.05054509415262,47,3,0,9,116.45193260654113,44.5986124876115,0.0,11,3,25,0
ereq_c2681386-14b4-4363-9747-5dd9b887a625,2026-09-17T23:54:24.374932Z,richard-gods-of-the-arena:v78,881a807d-68ab-4a62-9b6c-e98694cf0bc3,richard,3,Warlock,RedTeam,10090,3350,332.01189296333,70,10,1,7,173.4390485629336,148.66204162537164,9.910802775024777,10,10,25,0
ereq_c2681386-14b4-4363-9747-5dd9b887a625,2026-09-17T23:54:24.374932Z,aaron-gota-ir-coordinated-support-anchor-0916:v1,9cedf3ff-c7ce-4cff-897f-d48b44e049ad,Aaron's Co-play Coach,4,Berserker,RedTeam,10090,2350,232.90386521308227,58,4,3,3,143.70664023785926,59.46481665014866,29.73240832507433,5,4,25,0
ereq_c2681386-14b4-4363-9747-5dd9b887a625,2026-09-17T23:54:24.374932Z,gota-g003:v2,8cea4626-a0f1-4dd0-b066-58e6bd194ad3,Scott Smith,5,Vanguard Knight,BlueTeam,10090,975,96.63032705649158,27,0,3,5,66.89791873141725,0.0,29.73240832507433,12,0,30,1
ereq_c2681386-14b4-4363-9747-5dd9b887a625,2026-09-17T23:54:24.374932Z,nancy-goa:v2,2777766f-4931-4fd9-83f2-44a3f509ede1,NanosaurusX,6,Ranger,BlueTeam,10090,4575,453.41922695738356,61,17,5,5,151.13974231912786,252.72547076313182,49.554013875123886,19,17,30,1
ereq_c2681386-14b4-4363-9747-5dd9b887a625,2026-09-17T23:54:24.374932Z,aaron-gota-ir-perimeter-blue_repair-0916-aaron:v1,b64f1ccb-02e1-4ad5-b75b-f374222e9e9a,Aaron,7,Arcanist,BlueTeam,10090,1675,166.005946481665,49,3,0,6,121.40733399405352,44.5986124876115,0.0,9,3,30,1
ereq_c2681386-14b4-4363-9747-5dd9b887a625,2026-09-17T23:54:24.374932Z,james-botts-gota:v13,40d72eea-ac61-44b0-aaf4-7828fbf30170,James Botts,8,Druid Warden,BlueTeam,10090,1850,183.34985133795837,62,2,0,0,153.61744301288405,29.73240832507433,0.0,4,2,30,1
ereq_c2681386-14b4-4363-9747-5dd9b887a625,2026-09-17T23:54:24.374932Z,gota-g002:v1,a30542cb-54de-4109-92e6-bcabca7db4d8,Alex Smith,9,Demon Hunter,BlueTeam,10090,1625,161.05054509415262,23,7,0,9,56.987115956392465,104.06342913776015,0.0,12,7,30,1
ereq_0404a50c-f2db-4b5b-b55b-1d31f95e9fac,2026-09-17T23:54:24.326812Z,aaron-gota-ir-perimeter-blue_repair-0916-aaron:v1,b64f1ccb-02e1-4ad5-b75b-f374222e9e9a,Aaron,0,Death Knight,RedTeam,5473,925,169.0115110542664,15,1,4,1,68.51818015713502,27.40727206285401,73.08605883427737,2,1,14,0
ereq_0404a50c-f2db-4b5b-b55b-1d31f95e9fac,2026-09-17T23:54:24.326812Z,black-kite:v16,d10d7d74-40a7-4f6c-8838-e09729160349,Andrew Brower B,1,Crossbowman,RedTeam,5473,1225,223.82605517997442,21,4,1,3,95.92545221998904,109.62908825141604,18.27151470856934,6,4,14,0
ereq_0404a50c-f2db-4b5b-b55b-1d31f95e9fac,2026-09-17T23:54:24.326812Z,macromackie-gota:v4,1a78a3f9-8112-4c2c-831a-f0ffee8dbacc,macromackie,2,Lich,RedTeam,5473,1625,296.91211401425176,43,3,1,2,196.4187831171204,82.22181618856203,18.27151470856934,9,3,14,0
ereq_0404a50c-f2db-4b5b-b55b-1d31f95e9fac,2026-09-17T23:54:24.326812Z,james-botts-gota:v13,40d72eea-ac61-44b0-aaf4-7828fbf30170,James Botts,3,Warlock,RedTeam,5473,1050,191.85090443997808,36,1,0,0,164.44363237712406,27.40727206285401,0.0,2,1,14,0
ereq_0404a50c-f2db-4b5b-b55b-1d31f95e9fac,2026-09-17T23:54:24.326812Z,gota-vanguard-rally-hold:v1,3ccd4955-3d9c-4c79-a243-e5dc12d650ad,daveey,4,Berserker,RedTeam,5473,1475,269.5048419513978,25,5,1,3,114.19696692855838,137.03636031427004,18.27151470856934,10,5,14,0
ereq_0404a50c-f2db-4b5b-b55b-1d31f95e9fac,2026-09-17T23:54:24.326812Z,Jordan-ply_bcb80069-fb0c-4ba5-a45c-06b647870aeb:v218,f1cf890b-42d5-4cca-98cc-782774a7e9a7,Jordan,5,Vanguard Knight,BlueTeam,5473,675,123.33272428284305,17,1,1,2,77.6539375114197,27.40727206285401,18.27151470856934,2,1,9,1
ereq_0404a50c-f2db-4b5b-b55b-1d31f95e9fac,2026-09-17T23:54:24.326812Z,gota-codex-side-aware-team-secondary-20260917:v1,a7551ee6-ef55-48f0-81bc-d1ba68ca54c2,daveey-2,6,Ranger,BlueTeam,5473,1525,278.64059930568243,27,3,4,1,123.33272428284305,82.22181618856203,73.08605883427737,4,3,9,1
ereq_0404a50c-f2db-4b5b-b55b-1d31f95e9fac,2026-09-17T23:54:24.326812Z,richard-gods-of-the-arena:v78,881a807d-68ab-4a62-9b6c-e98694cf0bc3,richard,7,Arcanist,BlueTeam,5473,2150,392.8375662342408,56,5,0,4,255.80120591997076,137.03636031427004,0.0,5,5,9,1
ereq_0404a50c-f2db-4b5b-b55b-1d31f95e9fac,2026-09-17T23:54:24.326812Z,relh-gods-of-the-arena:v154,99ff8b49-8bb6-4ee2-9204-ff24a8efda4e,relh,8,Druid Warden,BlueTeam,5473,425,77.6539375114197,17,0,0,3,77.6539375114197,0.0,0.0,5,0,9,1
ereq_0404a50c-f2db-4b5b-b55b-1d31f95e9fac,2026-09-17T23:54:24.326812Z,red-kite:v34,a4590ed4-0b0c-4d86-8968-0844796f30e0,Andrew Brower,9,Demon Hunter,BlueTeam,5473,400,73.08605883427737,16,0,0,4,73.08605883427737,0.0,0.0,1,0,9,1
ereq_4609db01-65d9-420b-b50e-e948095135a3,2026-09-17T23:54:24.319328Z,aaron-gota-ir-coordinated-support-anchor-0916:v1,9cedf3ff-c7ce-4cff-897f-d48b44e049ad,Aaron's Co-play Coach,0,Death Knight,RedTeam,13612,1275,93.66735233617396,9,7,0,4,16.52953276520717,77.1378195709668,0.0,13,7,42,1
ereq_4609db01-65d9-420b-b50e-e948095135a3,2026-09-17T23:54:24.319328Z,aaron-gota-ir-perimeter-blue_repair-0916-aaron:v1,b64f1ccb-02e1-4ad5-b75b-f374222e9e9a,Aaron,1,Crossbowman,RedTeam,13612,3400,249.77960622979722,64,10,3,3,117.54334410813988,110.19688510138113,22.039377020276227,16,10,42,1
ereq_4609db01-65d9-420b-b50e-e948095135a3,2026-09-17T23:54:24.319328Z,khors:v1,fa00903c-0ba4-4eec-b20f-4c082550d80f,Andre von Auto,2,Lich,RedTeam,13612,3850,282.8386717602116,76,13,0,13,139.5827211284161,143.25595063179549,0.0,21,13,42,1
ereq_4609db01-65d9-420b-b50e-e948095135a3,2026-09-17T23:54:24.319328Z,james-botts-gota:v13,40d72eea-ac61-44b0-aaf4-7828fbf30170,James Botts,3,Warlock,RedTeam,13612,2825,207.53746694093448,107,1,0,2,196.51777843079637,11.019688510138113,0.0,4,1,42,1
ereq_4609db01-65d9-420b-b50e-e948095135a3,2026-09-17T23:54:24.319328Z,richard-gods-of-the-arena:v78,881a807d-68ab-4a62-9b6c-e98694cf0bc3,richard,4,Berserker,RedTeam,13612,3275,240.5965324713488,73,9,1,14,134.07287687334704,99.17719659124302,7.346459006758742,16,9,42,1
ereq_4609db01-65d9-420b-b50e-e948095135a3,2026-09-17T23:54:24.319328Z,Jordan-ply_bcb80069-fb0c-4ba5-a45c-06b647870aeb:v218,f1cf890b-42d5-4cca-98cc-782774a7e9a7,Jordan,5,Vanguard Knight,BlueTeam,13612,450,33.05906553041434,18,0,0,9,33.05906553041434,0.0,0.0,8,0,36,0
ereq_4609db01-65d9-420b-b50e-e948095135a3,2026-09-17T23:54:24.319328Z,black-kite:v16,d10d7d74-40a7-4f6c-8838-e09729160349,Andrew Brower B,6,Ranger,BlueTeam,13612,3575,262.63590949162506,59,14,0,7,108.36027034969145,154.2756391419336,0.0,16,14,36,0
ereq_4609db01-65d9-420b-b50e-e948095135a3,2026-09-17T23:54:24.319328Z,gota-g002:v1,a30542cb-54de-4109-92e6-bcabca7db4d8,Alex Smith,7,Arcanist,BlueTeam,13612,1750,128.563032618278,24,7,1,10,44.078754040552454,77.1378195709668,7.346459006758742,19,7,36,0
ereq_4609db01-65d9-420b-b50e-e948095135a3,2026-09-17T23:54:24.319328Z,gota-g003:v2,8cea4626-a0f1-4dd0-b066-58e6bd194ad3,Scott Smith,8,Druid Warden,BlueTeam,13612,1750,128.563032618278,52,3,0,6,95.50396708786364,33.05906553041434,0.0,9,3,36,0
ereq_4609db01-65d9-420b-b50e-e948095135a3,2026-09-17T23:54:24.319328Z,macromackie-gota:v4,1a78a3f9-8112-4c2c-831a-f0ffee8dbacc,macromackie,9,Demon Hunter,BlueTeam,13612,3775,277.3288275051425,73,11,3,10,134.07287687334704,121.21657361151925,22.039377020276227,19,11,36,0
ereq_1953577b-664c-4a39-b6bb-f89f1f3b1e89,2026-09-17T23:54:24.383009Z,nancy-goa:v2,2777766f-4931-4fd9-83f2-44a3f509ede1,NanosaurusX,0,Death Knight,RedTeam,5223,100,19.146084625694044,4,0,0,2,19.146084625694044,0.0,0.0,4,0,16,1
ereq_1953577b-664c-4a39-b6bb-f89f1f3b1e89,2026-09-17T23:54:24.383009Z,gota-vanguard-rally-hold:v1,3ccd4955-3d9c-4c79-a243-e5dc12d650ad,daveey,1,Crossbowman,RedTeam,5223,2575,493.0116791116217,45,7,4,0,215.39345203905802,201.03388856978748,76.58433850277618,10,7,16,1
ereq_1953577b-664c-4a39-b6bb-f89f1f3b1e89,2026-09-17T23:54:24.383009Z,red-kite:v34,a4590ed4-0b0c-4d86-8968-0844796f30e0,Andrew Brower,2,Lich,RedTeam,5223,1975,378.1351713574574,55,2,3,0,263.25866360329314,57.43825387708214,57.43825387708214,4,2,16,1
ereq_1953577b-664c-4a39-b6bb-f89f1f3b1e89,2026-09-17T23:54:24.383009Z,gota-codex-side-aware-team-secondary-20260917:v1,a7551ee6-ef55-48f0-81bc-d1ba68ca54c2,daveey-2,3,Warlock,RedTeam,5223,400,76.58433850277618,16,0,0,4,76.58433850277618,0.0,0.0,5,0,16,1
ereq_1953577b-664c-4a39-b6bb-f89f1f3b1e89,2026-09-17T23:54:24.383009Z,gota-g002:v1,a30542cb-54de-4109-92e6-bcabca7db4d8,Alex Smith,4,Berserker,RedTeam,5223,900,172.3147616312464,6,5,0,3,28.71912693854107,143.59563469270535,0.0,6,5,16,1
ereq_1953577b-664c-4a39-b6bb-f89f1f3b1e89,2026-09-17T23:54:24.383009Z,Jordan-ply_bcb80069-fb0c-4ba5-a45c-06b647870aeb:v218,f1cf890b-42d5-4cca-98cc-782774a7e9a7,Jordan,5,Vanguard Knight,BlueTeam,5223,200,38.29216925138809,8,0,0,6,38.29216925138809,0.0,0.0,1,0,9,0
ereq_1953577b-664c-4a39-b6bb-f89f1f3b1e89,2026-09-17T23:54:24.383009Z,aaron-gota-ir-coordinated-support-anchor-0916:v1,9cedf3ff-c7ce-4cff-897f-d48b44e049ad,Aaron's Co-play Coach,6,Ranger,BlueTeam,5223,825,157.9551981619759,23,1,1,2,110.08998659774076,28.71912693854107,19.146084625694044,2,1,9,0
ereq_1953577b-664c-4a39-b6bb-f89f1f3b1e89,2026-09-17T23:54:24.383009Z,macromackie-gota:v4,1a78a3f9-8112-4c2c-831a-f0ffee8dbacc,macromackie,7,Arcanist,BlueTeam,5223,1625,311.12387516752824,29,4,3,2,138.80911353628184,114.87650775416428,57.43825387708214,5,4,9,0
ereq_1953577b-664c-4a39-b6bb-f89f1f3b1e89,2026-09-17T23:54:24.383009Z,black-kite:v16,d10d7d74-40a7-4f6c-8838-e09729160349,Andrew Brower B,8,Druid Warden,BlueTeam,5223,525,100.51694428489374,17,0,1,1,81.3708596591997,0.0,19.146084625694044,3,0,9,0
ereq_1953577b-664c-4a39-b6bb-f89f1f3b1e89,2026-09-17T23:54:24.383009Z,james-botts-gota:v13,40d72eea-ac61-44b0-aaf4-7828fbf30170,James Botts,9,Demon Hunter,BlueTeam,5223,375,71.79781734635267,9,1,0,5,43.0786904078116,28.71912693854107,0.0,2,1,9,0
ereq_aa334f6a-43b4-4ad3-bb5b-f94d760c60f9,2026-09-17T23:54:24.328382Z,gota-g003:v2,8cea4626-a0f1-4dd0-b066-58e6bd194ad3,Scott Smith,0,Death Knight,RedTeam,12218,2425,198.47765591749877,57,6,1,7,116.63119986904567,73.66181044360779,8.18464560484531,11,6,45,1
ereq_aa334f6a-43b4-4ad3-bb5b-f94d760c60f9,2026-09-17T23:54:24.328382Z,aaron-gota-ir-perimeter-blue_repair-0916-aaron:v1,b64f1ccb-02e1-4ad5-b75b-f374222e9e9a,Aaron,1,Crossbowman,RedTeam,12218,7400,605.6637747585529,108,26,8,2,220.9854313308234,319.2011785889671,65.47716483876248,27,26,45,1
ereq_aa334f6a-43b4-4ad3-bb5b-f94d760c60f9,2026-09-17T23:54:24.328382Z,richard-gods-of-the-arena:v78,881a807d-68ab-4a62-9b6c-e98694cf0bc3,richard,2,Lich,RedTeam,12218,3300,270.09330495989525,80,8,1,8,163.6929120969062,98.21574725814372,8.18464560484531,11,8,45,1
ereq_aa334f6a-43b4-4ad3-bb5b-f94d760c60f9,2026-09-17T23:54:24.328382Z,red-kite:v34,a4590ed4-0b0c-4d86-8968-0844796f30e0,Andrew Brower,3,Warlock,RedTeam,12218,1350,110.4927156654117,44,1,1,5,90.0311016532984,12.276968407267965,8.18464560484531,5,1,45,1
ereq_aa334f6a-43b4-4ad3-bb5b-f94d760c60f9,2026-09-17T23:54:24.328382Z,gota-codex-side-aware-team-secondary-20260917:v1,a7551ee6-ef55-48f0-81bc-d1ba68ca54c2,daveey-2,4,Berserker,RedTeam,12218,1625,133.0004910787363,49,2,1,7,100.26190865935504,24.55393681453593,8.18464560484531,6,2,45,1
ereq_aa334f6a-43b4-4ad3-bb5b-f94d760c60f9,2026-09-17T23:54:24.328382Z,james-botts-gota:v13,40d72eea-ac61-44b0-aaf4-7828fbf30170,James Botts,5,Vanguard Knight,BlueTeam,12218,1200,98.21574725814372,48,0,0,7,98.21574725814372,0.0,0.0,1,0,29,0
ereq_aa334f6a-43b4-4ad3-bb5b-f94d760c60f9,2026-09-17T23:54:24.328382Z,relh-gods-of-the-arena:v154,99ff8b49-8bb6-4ee2-9204-ff24a8efda4e,relh,6,Ranger,BlueTeam,12218,1850,151.41594368963823,68,1,0,15,139.13897528237027,12.276968407267965,0.0,7,1,29,0
ereq_aa334f6a-43b4-4ad3-bb5b-f94d760c60f9,2026-09-17T23:54:24.328382Z,aaron-gota-ir-coordinated-support-anchor-0916:v1,9cedf3ff-c7ce-4cff-897f-d48b44e049ad,Aaron's Co-play Coach,7,Arcanist,BlueTeam,12218,1775,145.27745948600426,29,5,3,6,59.3386806351285,61.384842036339826,24.55393681453593,8,4,29,0
ereq_aa334f6a-43b4-4ad3-bb5b-f94d760c60f9,2026-09-17T23:54:24.328382Z,black-kite:v16,d10d7d74-40a7-4f6c-8838-e09729160349,Andrew Brower B,8,Druid Warden,BlueTeam,12218,3025,247.58552954657063,79,7,0,5,161.64675069569486,85.93877885087576,0.0,8,7,29,0
ereq_aa334f6a-43b4-4ad3-bb5b-f94d760c60f9,2026-09-17T23:54:24.328382Z,gota-g002:v1,a30542cb-54de-4109-92e6-bcabca7db4d8,Alex Smith,9,Demon Hunter,BlueTeam,12218,4850,396.95531183499753,94,14,4,12,192.3391717138648,171.87755770175153,32.73858241938124,17,14,29,0
ereq_6d393734-5f2a-490b-80d0-8d2e02e28401,2026-09-17T23:54:24.356708Z,aaron-gota-ir-coordinated-support-anchor-0916:v1,9cedf3ff-c7ce-4cff-897f-d48b44e049ad,Aaron's Co-play Coach,0,Death Knight,RedTeam,4775,175,36.64921465968586,1,1,0,2,5.2356020942408374,31.413612565445025,0.0,2,1,15,0
ereq_6d393734-5f2a-490b-80d0-8d2e02e28401,2026-09-17T23:54:24.356708Z,gota-g002:v1,a30542cb-54de-4109-92e6-bcabca7db4d8,Alex Smith,1,Crossbowman,RedTeam,4775,1075,225.13089005235602,23,2,2,1,120.41884816753927,62.82722513089005,41.8848167539267,10,2,15,0
ereq_6d393734-5f2a-490b-80d0-8d2e02e28401,2026-09-17T23:54:24.356708Z,Jordan-ply_bcb80069-fb0c-4ba5-a45c-06b647870aeb:v218,f1cf890b-42d5-4cca-98cc-782774a7e9a7,Jordan,2,Lich,RedTeam,4775,1975,413.6125654450262,21,9,1,0,109.94764397905759,282.72251308900525,20.94240837696335,11,9,15,0
ereq_6d393734-5f2a-490b-80d0-8d2e02e28401,2026-09-17T23:54:24.356708Z,macromackie-gota:v4,1a78a3f9-8112-4c2c-831a-f0ffee8dbacc,macromackie,3,Warlock,RedTeam,4775,1250,261.78010471204186,40,1,1,1,209.4240837696335,31.413612565445025,20.94240837696335,4,1,15,0
ereq_6d393734-5f2a-490b-80d0-8d2e02e28401,2026-09-17T23:54:24.356708Z,james-botts-gota:v13,40d72eea-ac61-44b0-aaf4-7828fbf30170,James Botts,4,Berserker,RedTeam,4775,325,68.06282722513089,13,0,0,0,68.06282722513089,0.0,0.0,4,0,15,0
ereq_6d393734-5f2a-490b-80d0-8d2e02e28401,2026-09-17T23:54:24.356708Z,relh-gods-of-the-arena:v154,99ff8b49-8bb6-4ee2-9204-ff24a8efda4e,relh,5,Vanguard Knight,BlueTeam,4775,175,36.64921465968586,3,0,1,2,15.706806282722512,0.0,20.94240837696335,0,0,4,1
ereq_6d393734-5f2a-490b-80d0-8d2e02e28401,2026-09-17T23:54:24.356708Z,daf-gota-v1:v1,e7d1ba41-3be1-4785-815d-b3c9ad8f46b9,docxology,6,Ranger,BlueTeam,4775,600,125.6544502617801,18,1,0,8,94.24083769633508,31.413612565445025,0.0,1,1,4,1
ereq_6d393734-5f2a-490b-80d0-8d2e02e28401,2026-09-17T23:54:24.356708Z,aaron-gota-ir-perimeter-blue_repair-0916-aaron:v1,b64f1ccb-02e1-4ad5-b75b-f374222e9e9a,Aaron,7,Arcanist,BlueTeam,4775,1225,256.5445026178011,27,1,4,1,141.36125654450262,31.413612565445025,83.7696335078534,1,1,4,1
ereq_6d393734-5f2a-490b-80d0-8d2e02e28401,2026-09-17T23:54:24.356708Z,richard-gods-of-the-arena:v78,881a807d-68ab-4a62-9b6c-e98694cf0bc3,richard,8,Druid Warden,BlueTeam,4775,325,68.06282722513089,13,0,0,3,68.06282722513089,0.0,0.0,0,0,4,1
ereq_6d393734-5f2a-490b-80d0-8d2e02e28401,2026-09-17T23:54:24.356708Z,red-kite:v34,a4590ed4-0b0c-4d86-8968-0844796f30e0,Andrew Brower,9,Demon Hunter,BlueTeam,4775,850,178.0104712041885,24,1,1,1,125.6544502617801,31.413612565445025,20.94240837696335,1,1,4,1
ereq_576bc93b-7087-4f8e-9901-87603f8cc464,2026-09-17T23:54:24.353169Z,gota-g002:v1,a30542cb-54de-4109-92e6-bcabca7db4d8,Alex Smith,0,Death Knight,RedTeam,28800,7675,266.49305555555554,205,15,3,18,177.95138888888889,78.125,10.416666666666666,32,15,69,0
ereq_576bc93b-7087-4f8e-9901-87603f8cc464,2026-09-17T23:54:24.353169Z,gota-g003:v2,8cea4626-a0f1-4dd0-b066-58e6bd194ad3,Scott Smith,1,Crossbowman,RedTeam,28800,5225,181.42361111111111,131,13,0,11,113.71527777777777,67.70833333333333,0.0,40,13,69,0
ereq_576bc93b-7087-4f8e-9901-87603f8cc464,2026-09-17T23:54:24.353169Z,Polyworld GOTA base.bas:v1,e8aed568-d03c-49bf-beaf-68c731f05d26,Andre von Houck,2,Lich,RedTeam,28800,4350,151.04166666666666,126,8,0,12,109.375,41.666666666666664,0.0,31,8,69,0
ereq_576bc93b-7087-4f8e-9901-87603f8cc464,2026-09-17T23:54:24.353169Z,macromackie-gota:v4,1a78a3f9-8112-4c2c-831a-f0ffee8dbacc,macromackie,3,Warlock,RedTeam,28800,3600,125.0,92,8,1,27,79.86111111111111,41.666666666666664,3.4722222222222223,16,8,69,0
ereq_576bc93b-7087-4f8e-9901-87603f8cc464,2026-09-17T23:54:24.353169Z,games-bond-gota:v6,58af3f96-f479-4fc3-b777-276e53f48b06,Games Bond,4,Berserker,RedTeam,28800,4375,151.90972222222223,43,22,0,23,37.326388888888886,114.58333333333333,0.0,35,22,69,0
ereq_576bc93b-7087-4f8e-9901-87603f8cc464,2026-09-17T23:54:24.353169Z,aaron-gota-ir-coordinated-support-anchor-0916:v1,9cedf3ff-c7ce-4cff-897f-d48b44e049ad,Aaron's Co-play Coach,5,Vanguard Knight,BlueTeam,28800,2375,82.46527777777777,77,3,0,9,66.84027777777777,15.625,0.0,7,3,91,0
ereq_576bc93b-7087-4f8e-9901-87603f8cc464,2026-09-17T23:54:24.353169Z,red-kite:v34,a4590ed4-0b0c-4d86-8968-0844796f30e0,Andrew Brower,6,Ranger,BlueTeam,28800,15425,535.5902777777778,219,65,2,17,190.10416666666666,338.5416666666667,6.944444444444445,76,65,91,0
ereq_576bc93b-7087-4f8e-9901-87603f8cc464,2026-09-17T23:54:24.353169Z,relh-gods-of-the-arena:v154,99ff8b49-8bb6-4ee2-9204-ff24a8efda4e,relh,7,Arcanist,BlueTeam,28800,7350,255.20833333333334,188,17,1,18,163.19444444444446,88.54166666666667,3.4722222222222223,31,16,91,0
ereq_576bc93b-7087-4f8e-9901-87603f8cc464,2026-09-17T23:54:24.353169Z,black-kite:v16,d10d7d74-40a7-4f6c-8838-e09729160349,Andrew Brower B,8,Druid Warden,BlueTeam,28800,2275,78.99305555555556,57,5,1,19,49.479166666666664,26.041666666666668,3.4722222222222223,42,5,91,0
ereq_576bc93b-7087-4f8e-9901-87603f8cc464,2026-09-17T23:54:24.353169Z,james-botts-gota:v13,40d72eea-ac61-44b0-aaf4-7828fbf30170,James Botts,9,Demon Hunter,BlueTeam,28800,4700,163.19444444444446,188,0,0,6,163.19444444444446,0.0,0.0,4,0,91,0
ereq_a57e8cc8-c3cc-4f16-b7b5-a33da37899f5,2026-09-17T23:54:24.332605Z,macromackie-gota:v4,1a78a3f9-8112-4c2c-831a-f0ffee8dbacc,macromackie,0,Death Knight,RedTeam,5145,525,102.04081632653062,7,1,2,1,34.01360544217687,29.154518950437318,38.87269193391642,9,1,20,0
ereq_a57e8cc8-c3cc-4f16-b7b5-a33da37899f5,2026-09-17T23:54:24.332605Z,james-botts-gota:v13,40d72eea-ac61-44b0-aaf4-7828fbf30170,James Botts,1,Crossbowman,RedTeam,5145,1125,218.6588921282799,45,0,0,0,218.6588921282799,0.0,0.0,1,0,20,0
ereq_a57e8cc8-c3cc-4f16-b7b5-a33da37899f5,2026-09-17T23:54:24.332605Z,aaron-gota-ir-perimeter-blue_repair-0916-aaron:v1,b64f1ccb-02e1-4ad5-b75b-f374222e9e9a,Aaron,2,Lich,RedTeam,5145,2525,490.76773566569483,39,7,5,1,189.50437317784255,204.08163265306123,97.18172983479106,11,7,20,0
ereq_a57e8cc8-c3cc-4f16-b7b5-a33da37899f5,2026-09-17T23:54:24.332605Z,Jordan-ply_bcb80069-fb0c-4ba5-a45c-06b647870aeb:v218,f1cf890b-42d5-4cca-98cc-782774a7e9a7,Jordan,3,Warlock,RedTeam,5145,1675,325.55879494655005,13,9,0,1,63.16812439261419,262.3906705539359,0.0,16,9,20,0
ereq_a57e8cc8-c3cc-4f16-b7b5-a33da37899f5,2026-09-17T23:54:24.332605Z,black-kite:v16,d10d7d74-40a7-4f6c-8838-e09729160349,Andrew Brower B,4,Berserker,RedTeam,5145,700,136.05442176870747,22,1,0,5,106.89990281827016,29.154518950437318,0.0,4,1,20,0
ereq_a57e8cc8-c3cc-4f16-b7b5-a33da37899f5,2026-09-17T23:54:24.332605Z,richard-gods-of-the-arena:v78,881a807d-68ab-4a62-9b6c-e98694cf0bc3,richard,5,Vanguard Knight,BlueTeam,5145,225,43.731778425655975,3,1,0,7,14.577259475218659,29.154518950437318,0.0,3,1,8,1
ereq_a57e8cc8-c3cc-4f16-b7b5-a33da37899f5,2026-09-17T23:54:24.332605Z,aaron-gota-ir-coordinated-support-anchor-0916:v1,9cedf3ff-c7ce-4cff-897f-d48b44e049ad,Aaron's Co-play Coach,6,Ranger,BlueTeam,5145,2500,485.90864917395527,42,5,7,0,204.08163265306123,145.7725947521866,136.05442176870747,5,5,8,1
ereq_a57e8cc8-c3cc-4f16-b7b5-a33da37899f5,2026-09-17T23:54:24.332605Z,gota-vanguard-rally-hold:v1,3ccd4955-3d9c-4c79-a243-e5dc12d650ad,daveey,7,Arcanist,BlueTeam,5145,500,97.18172983479106,14,1,0,2,68.02721088435374,29.154518950437318,0.0,2,1,8,1
ereq_a57e8cc8-c3cc-4f16-b7b5-a33da37899f5,2026-09-17T23:54:24.332605Z,games-bond-gota:v6,58af3f96-f479-4fc3-b777-276e53f48b06,Games Bond,8,Druid Warden,BlueTeam,5145,75,14.577259475218659,3,0,0,4,14.577259475218659,0.0,0.0,0,0,8,1
ereq_a57e8cc8-c3cc-4f16-b7b5-a33da37899f5,2026-09-17T23:54:24.332605Z,daf-gota-v1:v1,e7d1ba41-3be1-4785-815d-b3c9ad8f46b9,docxology,9,Demon Hunter,BlueTeam,5145,800,155.49076773566568,26,1,0,7,126.33624878522838,29.154518950437318,0.0,1,1,8,1
ereq_0cc94893-718e-4736-8f7c-ecccf0cdeba3,2026-09-17T23:54:24.326102Z,gota-g002:v1,a30542cb-54de-4109-92e6-bcabca7db4d8,Alex Smith,0,Death Knight,RedTeam,7460,950,127.34584450402144,14,4,0,8,46.916890080428956,80.42895442359249,0.0,7,4,17,0
ereq_0cc94893-718e-4736-8f7c-ecccf0cdeba3,2026-09-17T23:54:24.326102Z,gota-codex-side-aware-team-secondary-20260917:v1,a7551ee6-ef55-48f0-81bc-d1ba68ca54c2,daveey-2,1,Crossbowman,RedTeam,7460,1550,207.77479892761394,50,2,0,6,167.5603217158177,40.21447721179624,0.0,2,2,17,0
ereq_0cc94893-718e-4736-8f7c-ecccf0cdeba3,2026-09-17T23:54:24.326102Z,james-botts-gota:v13,40d72eea-ac61-44b0-aaf4-7828fbf30170,James Botts,2,Lich,RedTeam,7460,1850,247.98927613941018,56,3,0,1,187.66756032171583,60.32171581769437,0.0,10,3,17,0
ereq_0cc94893-718e-4736-8f7c-ecccf0cdeba3,2026-09-17T23:54:24.326102Z,aaron-gota-ir-coordinated-support-anchor-0916:v1,9cedf3ff-c7ce-4cff-897f-d48b44e049ad,Aaron's Co-play Coach,3,Warlock,RedTeam,7460,2075,278.15013404825737,49,5,1,2,164.20911528150134,100.53619302949062,13.404825737265416,5,5,17,0
ereq_0cc94893-718e-4736-8f7c-ecccf0cdeba3,2026-09-17T23:54:24.326102Z,relh-gods-of-the-arena:v154,99ff8b49-8bb6-4ee2-9204-ff24a8efda4e,relh,4,Berserker,RedTeam,7460,1450,194.36997319034853,42,2,1,4,140.75067024128685,40.21447721179624,13.404825737265416,5,2,17,0
ereq_0cc94893-718e-4736-8f7c-ecccf0cdeba3,2026-09-17T23:54:24.326102Z,aaron-gota-ir-perimeter-blue_repair-0916-aaron:v1,b64f1ccb-02e1-4ad5-b75b-f374222e9e9a,Aaron,5,Vanguard Knight,BlueTeam,7460,1100,147.45308310991956,18,1,5,3,60.32171581769437,20.10723860589812,67.02412868632707,6,1,21,1
ereq_0cc94893-718e-4736-8f7c-ecccf0cdeba3,2026-09-17T23:54:24.326102Z,Jordan-ply_bcb80069-fb0c-4ba5-a45c-06b647870aeb:v218,f1cf890b-42d5-4cca-98cc-782774a7e9a7,Jordan,6,Ranger,BlueTeam,7460,4125,552.9490616621983,81,12,3,1,271.44772117962464,241.28686327077747,40.21447721179624,12,12,21,1
ereq_0cc94893-718e-4736-8f7c-ecccf0cdeba3,2026-09-17T23:54:24.326102Z,Polyworld GOTA base.bas:v1,e8aed568-d03c-49bf-beaf-68c731f05d26,Andre von Houck,7,Arcanist,BlueTeam,7460,2525,338.47184986595175,61,6,1,3,204.42359249329758,120.64343163538874,13.404825737265416,6,6,21,1
ereq_0cc94893-718e-4736-8f7c-ecccf0cdeba3,2026-09-17T23:54:24.326102Z,macromackie-gota:v4,1a78a3f9-8112-4c2c-831a-f0ffee8dbacc,macromackie,8,Druid Warden,BlueTeam,7460,400,53.61930294906166,16,0,0,4,53.61930294906166,0.0,0.0,3,0,21,1
ereq_0cc94893-718e-4736-8f7c-ecccf0cdeba3,2026-09-17T23:54:24.326102Z,red-kite:v34,a4590ed4-0b0c-4d86-8968-0844796f30e0,Andrew Brower,9,Demon Hunter,BlueTeam,7460,1125,150.80428954423593,39,1,0,6,130.6970509383378,20.10723860589812,0.0,5,1,21,1
ereq_0a487672-57b9-49f1-90ce-398c560cb53b,2026-09-17T23:54:24.362261Z,james-botts-gota:v13,40d72eea-ac61-44b0-aaf4-7828fbf30170,James Botts,0,Death Knight,RedTeam,6610,775,117.24659606656581,19,2,0,0,71.86081694402421,45.38577912254161,0.0,11,2,18,0
ereq_0a487672-57b9-49f1-90ce-398c560cb53b,2026-09-17T23:54:24.362261Z,aaron-gota-ir-perimeter-blue_repair-0916-aaron:v1,b64f1ccb-02e1-4ad5-b75b-f374222e9e9a,Aaron,1,Crossbowman,RedTeam,6610,2150,325.26475037821484,30,8,2,1,113.464447806354,181.54311649016643,30.257186081694403,10,8,18,0
ereq_0a487672-57b9-49f1-90ce-398c560cb53b,2026-09-17T23:54:24.362261Z,khors:v1,fa00903c-0ba4-4eec-b20f-4c082550d80f,Andre von Auto,2,Lich,RedTeam,6610,2025,306.3540090771558,45,6,0,6,170.19667170953102,136.15733736762482,0.0,7,6,18,0
ereq_0a487672-57b9-49f1-90ce-398c560cb53b,2026-09-17T23:54:24.362261Z,macromackie-gota:v4,1a78a3f9-8112-4c2c-831a-f0ffee8dbacc,macromackie,3,Warlock,RedTeam,6610,525,79.4251134644478,15,1,0,4,56.732223903177,22.692889561270803,0.0,5,1,18,0
ereq_0a487672-57b9-49f1-90ce-398c560cb53b,2026-09-17T23:54:24.362261Z,Jordan-ply_bcb80069-fb0c-4ba5-a45c-06b647870aeb:v218,f1cf890b-42d5-4cca-98cc-782774a7e9a7,Jordan,4,Berserker,RedTeam,6610,550,83.2072617246596,12,1,1,4,45.38577912254161,22.692889561270803,15.128593040847202,6,1,18,0
ereq_0a487672-57b9-49f1-90ce-398c560cb53b,2026-09-17T23:54:24.362261Z,gota-vanguard-rally-hold:v1,3ccd4955-3d9c-4c79-a243-e5dc12d650ad,daveey,5,Vanguard Knight,BlueTeam,6610,1450,219.3645990922844,30,4,1,3,113.464447806354,90.77155824508321,15.128593040847202,6,4,15,1
ereq_0a487672-57b9-49f1-90ce-398c560cb53b,2026-09-17T23:54:24.362261Z,aaron-gota-ir-coordinated-support-anchor-0916:v1,9cedf3ff-c7ce-4cff-897f-d48b44e049ad,Aaron's Co-play Coach,6,Ranger,BlueTeam,6610,2325,351.73978819969744,43,3,8,0,162.63237518910742,68.07866868381241,121.02874432677761,3,3,15,1
ereq_0a487672-57b9-49f1-90ce-398c560cb53b,2026-09-17T23:54:24.362261Z,relh-gods-of-the-arena:v154,99ff8b49-8bb6-4ee2-9204-ff24a8efda4e,relh,7,Arcanist,BlueTeam,6610,850,128.59304084720122,28,1,0,5,105.9001512859304,22.692889561270803,0.0,2,1,15,1
ereq_0a487672-57b9-49f1-90ce-398c560cb53b,2026-09-17T23:54:24.362261Z,richard-gods-of-the-arena:v78,881a807d-68ab-4a62-9b6c-e98694cf0bc3,richard,8,Druid Warden,BlueTeam,6610,1625,245.839636913767,31,5,1,4,117.24659606656581,113.464447806354,15.128593040847202,7,5,15,1
ereq_0a487672-57b9-49f1-90ce-398c560cb53b,2026-09-17T23:54:24.362261Z,red-kite:v34,a4590ed4-0b0c-4d86-8968-0844796f30e0,Andrew Brower,9,Demon Hunter,BlueTeam,6610,675,102.11800302571861,21,1,0,6,79.4251134644478,22.692889561270803,0.0,4,1,15,1
ereq_114800e5-2a5c-4f74-b973-fcd8962c0e25,2026-09-17T23:54:24.355287Z,aaron-gota-ir-coordinated-support-anchor-0916:v1,9cedf3ff-c7ce-4cff-897f-d48b44e049ad,Aaron's Co-play Coach,0,Death Knight,RedTeam,11989,1525,127.19993327216615,51,1,1,6,106.34748519476186,12.511468846442572,8.340979230961715,1,1,32,0
ereq_114800e5-2a5c-4f74-b973-fcd8962c0e25,2026-09-17T23:54:24.355287Z,red-kite:v34,a4590ed4-0b0c-4d86-8968-0844796f30e0,Andrew Brower,1,Crossbowman,RedTeam,11989,2600,216.8654600050046,98,1,0,4,204.35399115856202,12.511468846442572,0.0,3,1,32,0
ereq_114800e5-2a5c-4f74-b973-fcd8962c0e25,2026-09-17T23:54:24.355287Z,james-botts-gota:v13,40d72eea-ac61-44b0-aaf4-7828fbf30170,James Botts,2,Lich,RedTeam,11989,2400,200.18350154308115,48,8,0,3,100.09175077154057,100.09175077154057,0.0,14,8,32,0
ereq_114800e5-2a5c-4f74-b973-fcd8962c0e25,2026-09-17T23:54:24.355287Z,gota-g003:v2,8cea4626-a0f1-4dd0-b066-58e6bd194ad3,Scott Smith,3,Warlock,RedTeam,11989,2950,246.05888731337058,40,13,0,12,83.40979230961715,162.64909500375344,0.0,19,13,32,0
ereq_114800e5-2a5c-4f74-b973-fcd8962c0e25,2026-09-17T23:54:24.355287Z,macromackie-gota:v4,1a78a3f9-8112-4c2c-831a-f0ffee8dbacc,macromackie,4,Berserker,RedTeam,11989,2725,227.29168404370674,63,7,1,9,131.370422887647,87.580281925098,8.340979230961715,15,7,32,0
ereq_114800e5-2a5c-4f74-b973-fcd8962c0e25,2026-09-17T23:54:24.355287Z,aaron-gota-ir-perimeter-blue_repair-0916-aaron:v1,b64f1ccb-02e1-4ad5-b75b-f374222e9e9a,Aaron,5,Vanguard Knight,BlueTeam,11989,1150,95.92126115605973,32,1,2,5,66.72783384769372,12.511468846442572,16.68195846192343,6,1,34,1
ereq_114800e5-2a5c-4f74-b973-fcd8962c0e25,2026-09-17T23:54:24.355287Z,relh-gods-of-the-arena:v154,99ff8b49-8bb6-4ee2-9204-ff24a8efda4e,relh,6,Ranger,BlueTeam,11989,5225,435.8161648177496,73,20,4,5,152.2228709650513,250.22937692885145,33.36391692384686,22,20,34,1
ereq_114800e5-2a5c-4f74-b973-fcd8962c0e25,2026-09-17T23:54:24.355287Z,richard-gods-of-the-arena:v78,881a807d-68ab-4a62-9b6c-e98694cf0bc3,richard,7,Arcanist,BlueTeam,11989,3450,287.76378346817916,84,7,3,6,175.160563850196,87.580281925098,25.022937692885144,13,7,34,1
ereq_114800e5-2a5c-4f74-b973-fcd8962c0e25,2026-09-17T23:54:24.355287Z,gota-g002:v1,a30542cb-54de-4109-92e6-bcabca7db4d8,Alex Smith,8,Druid Warden,BlueTeam,11989,225,18.76720326966386,9,0,0,9,18.76720326966386,0.0,0.0,2,0,34,1
ereq_114800e5-2a5c-4f74-b973-fcd8962c0e25,2026-09-17T23:54:24.355287Z,Jordan-ply_bcb80069-fb0c-4ba5-a45c-06b647870aeb:v218,f1cf890b-42d5-4cca-98cc-782774a7e9a7,Jordan,9,Demon Hunter,BlueTeam,11989,1700,141.79664692634915,40,4,1,7,83.40979230961715,50.04587538577029,8.340979230961715,6,4,34,1
ereq_0724ade5-53c7-47db-a853-35b71309488f,2026-09-17T23:54:24.360880Z,red-kite:v34,a4590ed4-0b0c-4d86-8968-0844796f30e0,Andrew Brower,0,Death Knight,RedTeam,5944,1425,239.73755047106326,57,0,0,3,239.73755047106326,0.0,0.0,1,0,12,0
ereq_0724ade5-53c7-47db-a853-35b71309488f,2026-09-17T23:54:24.360880Z,black-kite:v16,d10d7d74-40a7-4f6c-8838-e09729160349,Andrew Brower B,1,Crossbowman,RedTeam,5944,2000,336.47375504710635,60,2,2,1,252.35531628532974,50.47106325706595,33.64737550471063,2,2,12,0
ereq_0724ade5-53c7-47db-a853-35b71309488f,2026-09-17T23:54:24.360880Z,gota-vanguard-rally-hold:v1,3ccd4955-3d9c-4c79-a243-e5dc12d650ad,daveey,2,Lich,RedTeam,5944,2025,340.67967698519516,33,8,0,4,138.79542395693136,201.8842530282638,0.0,9,8,12,0
ereq_0724ade5-53c7-47db-a853-35b71309488f,2026-09-17T23:54:24.360880Z,macromackie-gota:v4,1a78a3f9-8112-4c2c-831a-f0ffee8dbacc,macromackie,3,Warlock,RedTeam,5944,450,75.70659488559892,12,1,0,4,50.47106325706595,25.235531628532975,0.0,2,1,12,0
ereq_0724ade5-53c7-47db-a853-35b71309488f,2026-09-17T23:54:24.360880Z,richard-gods-of-the-arena:v78,881a807d-68ab-4a62-9b6c-e98694cf0bc3,richard,4,Berserker,RedTeam,5944,475,79.91251682368775,19,0,0,7,79.91251682368775,0.0,0.0,1,0,12,0
ereq_0724ade5-53c7-47db-a853-35b71309488f,2026-09-17T23:54:24.360880Z,gota-g002:v1,a30542cb-54de-4109-92e6-bcabca7db4d8,Alex Smith,5,Vanguard Knight,BlueTeam,5944,950,159.8250336473755,14,4,0,3,58.882907133243606,100.9421265141319,0.0,7,4,19,1
ereq_0724ade5-53c7-47db-a853-35b71309488f,2026-09-17T23:54:24.360880Z,aaron-gota-ir-coordinated-support-anchor-0916:v1,9cedf3ff-c7ce-4cff-897f-d48b44e049ad,Aaron's Co-play Coach,6,Ranger,BlueTeam,5944,3000,504.71063257065947,54,7,6,1,227.11978465679678,176.64872139973082,100.9421265141319,10,7,19,1
ereq_0724ade5-53c7-47db-a853-35b71309488f,2026-09-17T23:54:24.360880Z,gota-g003:v2,8cea4626-a0f1-4dd0-b066-58e6bd194ad3,Scott Smith,7,Arcanist,BlueTeam,5944,1650,277.5908479138627,38,4,1,3,159.8250336473755,100.9421265141319,16.823687752355315,8,4,19,1
ereq_0724ade5-53c7-47db-a853-35b71309488f,2026-09-17T23:54:24.360880Z,james-botts-gota:v13,40d72eea-ac61-44b0-aaf4-7828fbf30170,James Botts,8,Druid Warden,BlueTeam,5944,700,117.76581426648721,22,1,0,2,92.53028263795424,25.235531628532975,0.0,3,1,19,1
ereq_0724ade5-53c7-47db-a853-35b71309488f,2026-09-17T23:54:24.360880Z,khors:v1,fa00903c-0ba4-4eec-b20f-4c082550d80f,Andre von Auto,9,Demon Hunter,BlueTeam,5944,1150,193.47240915208613,20,3,2,3,84.11843876177659,75.70659488559892,33.64737550471063,8,3,19,1
ereq_9e7b7db1-7e6b-4b86-871f-6fb73b0a1b9e,2026-09-17T23:54:24.318553Z,khors:v1,fa00903c-0ba4-4eec-b20f-4c082550d80f,Andre von Auto,0,Death Knight,RedTeam,13553,2725,201.06249538847487,85,4,0,3,156.79185420202168,44.27064118645318,0.0,13,4,49,0
ereq_9e7b7db1-7e6b-4b86-871f-6fb73b0a1b9e,2026-09-17T23:54:24.318553Z,black-kite:v16,d10d7d74-40a7-4f6c-8838-e09729160349,Andrew Brower B,1,Crossbowman,RedTeam,13553,5550,409.5034309746919,94,20,2,2,173.39334464694164,221.35320593226592,14.756880395484394,31,20,49,0
ereq_9e7b7db1-7e6b-4b86-871f-6fb73b0a1b9e,2026-09-17T23:54:24.318553Z,james-botts-gota:v13,40d72eea-ac61-44b0-aaf4-7828fbf30170,James Botts,2,Lich,RedTeam,13553,2925,215.81937578395926,69,8,0,1,127.27809341105291,88.54128237290637,0.0,14,8,49,0
ereq_9e7b7db1-7e6b-4b86-871f-6fb73b0a1b9e,2026-09-17T23:54:24.318553Z,macromackie-gota:v4,1a78a3f9-8112-4c2c-831a-f0ffee8dbacc,macromackie,3,Warlock,RedTeam,13553,2100,154.94724415258614,56,4,1,9,103.29816276839077,44.27064118645318,7.378440197742197,18,4,49,0
ereq_9e7b7db1-7e6b-4b86-871f-6fb73b0a1b9e,2026-09-17T23:54:24.318553Z,Jordan-ply_bcb80069-fb0c-4ba5-a45c-06b647870aeb:v218,f1cf890b-42d5-4cca-98cc-782774a7e9a7,Jordan,4,Berserker,RedTeam,13553,2600,191.83944514129712,46,9,1,5,84.85206227403526,99.60894266951966,7.378440197742197,22,9,49,0
ereq_9e7b7db1-7e6b-4b86-871f-6fb73b0a1b9e,2026-09-17T23:54:24.318553Z,richard-gods-of-the-arena:v78,881a807d-68ab-4a62-9b6c-e98694cf0bc3,richard,5,Vanguard Knight,BlueTeam,13553,625,46.115251235888735,25,0,0,13,46.115251235888735,0.0,0.0,7,0,20,1
ereq_9e7b7db1-7e6b-4b86-871f-6fb73b0a1b9e,2026-09-17T23:54:24.318553Z,gota-codex-side-aware-team-secondary-20260917:v1,a7551ee6-ef55-48f0-81bc-d1ba68ca54c2,daveey-2,6,Ranger,BlueTeam,13553,2350,173.39334464694164,58,4,3,5,106.98738286726186,44.27064118645318,22.13532059322659,4,4,20,1
ereq_9e7b7db1-7e6b-4b86-871f-6fb73b0a1b9e,2026-09-17T23:54:24.318553Z,red-kite:v34,a4590ed4-0b0c-4d86-8968-0844796f30e0,Andrew Brower,7,Arcanist,BlueTeam,13553,1925,142.0349738065373,67,1,1,12,123.5888733121818,11.067660296613296,7.378440197742197,5,1,20,1
ereq_9e7b7db1-7e6b-4b86-871f-6fb73b0a1b9e,2026-09-17T23:54:24.318553Z,aaron-gota-ir-perimeter-blue_repair-0916-aaron:v1,b64f1ccb-02e1-4ad5-b75b-f374222e9e9a,Aaron,8,Druid Warden,BlueTeam,13553,1250,92.23050247177747,24,3,2,7,44.27064118645318,33.202980889839885,14.756880395484394,8,3,20,1
ereq_9e7b7db1-7e6b-4b86-871f-6fb73b0a1b9e,2026-09-17T23:54:24.318553Z,gota-vanguard-rally-hold:v1,3ccd4955-3d9c-4c79-a243-e5dc12d650ad,daveey,9,Demon Hunter,BlueTeam,13553,4875,359.6989596399321,133,9,2,12,245.33313657492806,99.60894266951966,14.756880395484394,13,9,20,1
ereq_895ce1c0-adab-4de7-9f53-4e33a7a5c3f5,2026-09-17T23:54:24.381649Z,macromackie-gota:v4,1a78a3f9-8112-4c2c-831a-f0ffee8dbacc,macromackie,0,Death Knight,RedTeam,5816,550,94.56671251719395,12,1,1,2,51.5818431911967,25.79092159559835,17.1939477303989,2,1,14,1
ereq_895ce1c0-adab-4de7-9f53-4e33a7a5c3f5,2026-09-17T23:54:24.381649Z,aaron-gota-ir-perimeter-blue_repair-0916-aaron:v1,b64f1ccb-02e1-4ad5-b75b-f374222e9e9a,Aaron,1,Crossbowman,RedTeam,5816,1900,326.6850068775791,30,7,1,2,128.95460797799174,180.53645116918844,17.1939477303989,8,7,14,1
ereq_895ce1c0-adab-4de7-9f53-4e33a7a5c3f5,2026-09-17T23:54:24.381649Z,richard-gods-of-the-arena:v78,881a807d-68ab-4a62-9b6c-e98694cf0bc3,richard,2,Lich,RedTeam,5816,1725,296.595598349381,43,3,2,1,184.83493810178817,77.37276478679505,34.3878954607978,5,3,14,1
ereq_895ce1c0-adab-4de7-9f53-4e33a7a5c3f5,2026-09-17T23:54:24.381649Z,red-kite:v34,a4590ed4-0b0c-4d86-8968-0844796f30e0,Andrew Brower,3,Warlock,RedTeam,5816,325,55.880330123796426,13,0,0,5,55.880330123796426,0.0,0.0,1,0,14,1
ereq_895ce1c0-adab-4de7-9f53-4e33a7a5c3f5,2026-09-17T23:54:24.381649Z,Jordan-ply_bcb80069-fb0c-4ba5-a45c-06b647870aeb:v218,f1cf890b-42d5-4cca-98cc-782774a7e9a7,Jordan,4,Berserker,RedTeam,5816,1200,206.3273727647868,26,3,1,2,111.76066024759285,77.37276478679505,17.1939477303989,3,3,14,1
ereq_895ce1c0-adab-4de7-9f53-4e33a7a5c3f5,2026-09-17T23:54:24.381649Z,aaron-gota-ir-coordinated-support-anchor-0916:v1,9cedf3ff-c7ce-4cff-897f-d48b44e049ad,Aaron's Co-play Coach,5,Vanguard Knight,BlueTeam,5816,625,107.46217331499312,9,2,1,3,38.68638239339752,51.5818431911967,17.1939477303989,3,2,12,0
ereq_895ce1c0-adab-4de7-9f53-4e33a7a5c3f5,2026-09-17T23:54:24.381649Z,gota-codex-side-aware-team-secondary-20260917:v1,a7551ee6-ef55-48f0-81bc-d1ba68ca54c2,daveey-2,6,Ranger,BlueTeam,5816,1600,275.1031636863824,44,2,2,2,189.1334250343879,51.5818431911967,34.3878954607978,4,2,12,0
ereq_895ce1c0-adab-4de7-9f53-4e33a7a5c3f5,2026-09-17T23:54:24.381649Z,james-botts-gota:v13,40d72eea-ac61-44b0-aaf4-7828fbf30170,James Botts,7,Arcanist,BlueTeam,5816,1225,210.62585969738652,31,3,0,3,133.25309491059147,77.37276478679505,0.0,5,3,12,0
ereq_895ce1c0-adab-4de7-9f53-4e33a7a5c3f5,2026-09-17T23:54:24.381649Z,black-kite:v16,d10d7d74-40a7-4f6c-8838-e09729160349,Andrew Brower B,8,Druid Warden,BlueTeam,5816,1500,257.9092159559835,40,2,2,1,171.939477303989,51.5818431911967,34.3878954607978,3,2,12,0
ereq_895ce1c0-adab-4de7-9f53-4e33a7a5c3f5,2026-09-17T23:54:24.381649Z,gota-g002:v1,a30542cb-54de-4109-92e6-bcabca7db4d8,Alex Smith,9,Demon Hunter,BlueTeam,5816,725,124.65612104539203,23,1,0,5,98.86519944979368,25.79092159559835,0.0,3,1,12,0
ereq_3e89d359-be8b-4419-932a-4d780c6417b2,2026-09-17T23:54:24.363640Z,games-bond-gota:v6,58af3f96-f479-4fc3-b777-276e53f48b06,Games Bond,0,Death Knight,RedTeam,4753,250,52.598358931201346,4,1,0,7,21.03934357248054,31.559015358720806,0.0,0,0,14,0
ereq_3e89d359-be8b-4419-932a-4d780c6417b2,2026-09-17T23:54:24.363640Z,gota-codex-side-aware-team-secondary-20260917:v1,a7551ee6-ef55-48f0-81bc-d1ba68ca54c2,daveey-2,1,Crossbowman,RedTeam,4753,375,78.89753839680202,15,0,0,8,78.89753839680202,0.0,0.0,0,0,14,0
ereq_3e89d359-be8b-4419-932a-4d780c6417b2,2026-09-17T23:54:24.363640Z,james-botts-gota:v13,40d72eea-ac61-44b0-aaf4-7828fbf30170,James Botts,2,Lich,RedTeam,4753,1450,305.0704818009678,34,4,0,0,178.83442036608457,126.23606143488323,0.0,10,4,14,0
ereq_3e89d359-be8b-4419-932a-4d780c6417b2,2026-09-17T23:54:24.363640Z,black-kite:v16,d10d7d74-40a7-4f6c-8838-e09729160349,Andrew Brower B,3,Warlock,RedTeam,4753,675,142.01556911424365,21,1,0,2,110.45655375552283,31.559015358720806,0.0,3,1,14,0
ereq_3e89d359-be8b-4419-932a-4d780c6417b2,2026-09-17T23:54:24.363640Z,gota-g002:v1,a30542cb-54de-4109-92e6-bcabca7db4d8,Alex Smith,4,Berserker,RedTeam,4753,1250,262.99179465600673,16,5,1,1,84.15737428992216,157.79507679360404,21.03934357248054,11,5,14,0
ereq_3e89d359-be8b-4419-932a-4d780c6417b2,2026-09-17T23:54:24.363640Z,relh-gods-of-the-arena:v154,99ff8b49-8bb6-4ee2-9204-ff24a8efda4e,relh,5,Vanguard Knight,BlueTeam,4753,300,63.11803071744161,12,0,0,5,63.11803071744161,0.0,0.0,4,0,18,1
ereq_3e89d359-be8b-4419-932a-4d780c6417b2,2026-09-17T23:54:24.363640Z,Jordan-ply_bcb80069-fb0c-4ba5-a45c-06b647870aeb:v218,f1cf890b-42d5-4cca-98cc-782774a7e9a7,Jordan,6,Ranger,BlueTeam,4753,2850,599.6212918156954,20,13,4,0,105.19671786240269,410.2671996633705,84.15737428992216,15,13,18,1
ereq_3e89d359-be8b-4419-932a-4d780c6417b2,2026-09-17T23:54:24.363640Z,aaron-gota-ir-coordinated-support-anchor-0916:v1,9cedf3ff-c7ce-4cff-897f-d48b44e049ad,Aaron's Co-play Coach,7,Arcanist,BlueTeam,4753,525,110.45655375552283,17,0,1,1,89.41721018304229,0.0,21.03934357248054,6,0,18,1
ereq_3e89d359-be8b-4419-932a-4d780c6417b2,2026-09-17T23:54:24.363640Z,richard-gods-of-the-arena:v78,881a807d-68ab-4a62-9b6c-e98694cf0bc3,richard,8,Druid Warden,BlueTeam,4753,275,57.85819482432148,11,0,0,7,57.85819482432148,0.0,0.0,0,0,18,1
ereq_3e89d359-be8b-4419-932a-4d780c6417b2,2026-09-17T23:54:24.363640Z,red-kite:v34,a4590ed4-0b0c-4d86-8968-0844796f30e0,Andrew Brower,9,Demon Hunter,BlueTeam,4753,1450,305.0704818009678,34,4,0,1,178.83442036608457,126.23606143488323,0.0,6,4,18,1
ereq_871cd006-d2ee-4674-a443-4ff7f7224325,2026-09-17T23:54:24.387292Z,nancy-goa:v2,2777766f-4931-4fd9-83f2-44a3f509ede1,NanosaurusX,0,Death Knight,RedTeam,5124,350,68.30601092896175,4,1,1,1,19.516003122560498,29.27400468384075,19.516003122560498,7,1,22,1
ereq_871cd006-d2ee-4674-a443-4ff7f7224325,2026-09-17T23:54:24.387292Z,aaron-gota-ir-perimeter-blue_repair-0916-aaron:v1,b64f1ccb-02e1-4ad5-b75b-f374222e9e9a,Aaron,1,Crossbowman,RedTeam,5124,1850,361.04605776736923,42,2,5,0,204.91803278688525,58.5480093676815,97.5800156128025,6,2,22,1
ereq_871cd006-d2ee-4674-a443-4ff7f7224325,2026-09-17T23:54:24.387292Z,khors:v1,fa00903c-0ba4-4eec-b20f-4c082550d80f,Andre von Auto,2,Lich,RedTeam,5124,1125,219.55503512880563,25,2,2,2,121.97501951600313,58.5480093676815,39.032006245120996,9,2,22,1
ereq_871cd006-d2ee-4674-a443-4ff7f7224325,2026-09-17T23:54:24.387292Z,Jordan-ply_bcb80069-fb0c-4ba5-a45c-06b647870aeb:v218,f1cf890b-42d5-4cca-98cc-782774a7e9a7,Jordan,3,Warlock,RedTeam,5124,2425,473.26307572209214,23,11,2,0,112.21701795472288,322.0140515222482,39.032006245120996,17,11,22,1
ereq_871cd006-d2ee-4674-a443-4ff7f7224325,2026-09-17T23:54:24.387292Z,gota-g003:v2,8cea4626-a0f1-4dd0-b066-58e6bd194ad3,Scott Smith,4,Berserker,RedTeam,5124,1175,229.31303669008588,29,3,0,1,141.49102263856363,87.82201405152225,0.0,6,3,22,1
ereq_871cd006-d2ee-4674-a443-4ff7f7224325,2026-09-17T23:54:24.387292Z,james-botts-gota:v13,40d72eea-ac61-44b0-aaf4-7828fbf30170,James Botts,5,Vanguard Knight,BlueTeam,5124,350,68.30601092896175,14,0,0,3,68.30601092896175,0.0,0.0,1,0,4,0
ereq_871cd006-d2ee-4674-a443-4ff7f7224325,2026-09-17T23:54:24.387292Z,red-kite:v34,a4590ed4-0b0c-4d86-8968-0844796f30e0,Andrew Brower,6,Ranger,BlueTeam,5124,1450,282.98204527712727,48,1,1,1,234.192037470726,29.27400468384075,19.516003122560498,2,1,4,0
ereq_871cd006-d2ee-4674-a443-4ff7f7224325,2026-09-17T23:54:24.387292Z,black-kite:v16,d10d7d74-40a7-4f6c-8838-e09729160349,Andrew Brower B,7,Arcanist,BlueTeam,5124,0,0.0,0,0,0,3,0.0,0.0,0.0,0,0,4,0
ereq_871cd006-d2ee-4674-a443-4ff7f7224325,2026-09-17T23:54:24.387292Z,macromackie-gota:v4,1a78a3f9-8112-4c2c-831a-f0ffee8dbacc,macromackie,8,Druid Warden,BlueTeam,5124,700,136.6120218579235,22,1,0,6,107.33801717408275,29.27400468384075,0.0,1,1,4,0
ereq_871cd006-d2ee-4674-a443-4ff7f7224325,2026-09-17T23:54:24.387292Z,richard-gods-of-the-arena:v78,881a807d-68ab-4a62-9b6c-e98694cf0bc3,richard,9,Demon Hunter,BlueTeam,5124,375,73.18501170960188,15,0,0,9,73.18501170960188,0.0,0.0,0,0,4,0
ereq_c2d9176f-1235-4684-9e7e-d4e3b7a4e4ff,2026-09-17T23:54:24.344437Z,black-kite:v16,d10d7d74-40a7-4f6c-8838-e09729160349,Andrew Brower B,0,Death Knight,RedTeam,14274,2400,168.13787305590586,52,6,2,6,91.07468123861567,63.05170239596469,14.011489421325487,13,6,42,1
ereq_c2d9176f-1235-4684-9e7e-d4e3b7a4e4ff,2026-09-17T23:54:24.344437Z,macromackie-gota:v4,1a78a3f9-8112-4c2c-831a-f0ffee8dbacc,macromackie,1,Crossbowman,RedTeam,14274,4450,311.75563962449206,70,14,6,5,122.60053243659802,147.12063892391762,42.034468263976464,21,14,42,1
ereq_c2d9176f-1235-4684-9e7e-d4e3b7a4e4ff,2026-09-17T23:54:24.344437Z,red-kite:v34,a4590ed4-0b0c-4d86-8968-0844796f30e0,Andrew Brower,2,Lich,RedTeam,14274,2275,159.38069216757742,39,8,1,7,68.30601092896175,84.06893652795293,7.005744710662744,20,8,42,1
ereq_c2d9176f-1235-4684-9e7e-d4e3b7a4e4ff,2026-09-17T23:54:24.344437Z,gota-g003:v2,8cea4626-a0f1-4dd0-b066-58e6bd194ad3,Scott Smith,3,Warlock,RedTeam,14274,1450,101.58329830460978,36,3,1,12,63.05170239596469,31.525851197982345,7.005744710662744,10,3,42,1
ereq_c2d9176f-1235-4684-9e7e-d4e3b7a4e4ff,2026-09-17T23:54:24.344437Z,aaron-gota-ir-coordinated-support-anchor-0916:v1,9cedf3ff-c7ce-4cff-897f-d48b44e049ad,Aaron's Co-play Coach,4,Berserker,RedTeam,14274,3000,210.1723413198823,64,8,2,9,112.0919153706039,84.06893652795293,14.011489421325487,14,8,42,1
ereq_c2d9176f-1235-4684-9e7e-d4e3b7a4e4ff,2026-09-17T23:54:24.344437Z,gota-codex-side-aware-team-secondary-20260917:v1,a7551ee6-ef55-48f0-81bc-d1ba68ca54c2,daveey-2,5,Vanguard Knight,BlueTeam,14274,725,50.79164915230489,25,0,1,5,43.785904441642145,0.0,7.005744710662744,9,0,39,0
ereq_c2d9176f-1235-4684-9e7e-d4e3b7a4e4ff,2026-09-17T23:54:24.344437Z,Polyworld GOTA base.bas:v1,e8aed568-d03c-49bf-beaf-68c731f05d26,Andre von Houck,6,Ranger,BlueTeam,14274,2600,182.14936247723134,80,4,0,15,140.11489421325487,42.034468263976464,0.0,12,4,39,0
ereq_c2d9176f-1235-4684-9e7e-d4e3b7a4e4ff,2026-09-17T23:54:24.344437Z,james-botts-gota:v13,40d72eea-ac61-44b0-aaf4-7828fbf30170,James Botts,7,Arcanist,BlueTeam,14274,3425,239.94675634019896,83,9,0,3,145.36920274625191,94.57755359394703,0.0,17,9,39,0
ereq_c2d9176f-1235-4684-9e7e-d4e3b7a4e4ff,2026-09-17T23:54:24.344437Z,Jordan-ply_bcb80069-fb0c-4ba5-a45c-06b647870aeb:v218,f1cf890b-42d5-4cca-98cc-782774a7e9a7,Jordan,8,Druid Warden,BlueTeam,14274,4225,295.9927140255009,93,12,1,6,162.88356452290878,126.10340479192938,7.005744710662744,14,12,39,0
ereq_c2d9176f-1235-4684-9e7e-d4e3b7a4e4ff,2026-09-17T23:54:24.344437Z,gota-g002:v1,a30542cb-54de-4109-92e6-bcabca7db4d8,Alex Smith,9,Demon Hunter,BlueTeam,14274,4875,341.53005464480873,105,13,3,13,183.90079865489702,136.6120218579235,21.017234131988232,18,13,39,0
ereq_b62a1b39-8c7d-4a1f-a3ae-1409a1ba027d,2026-09-17T23:54:24.336879Z,relh-gods-of-the-arena:v154,99ff8b49-8bb6-4ee2-9204-ff24a8efda4e,relh,0,Death Knight,RedTeam,3984,225,56.475903614457835,9,0,0,6,56.475903614457835,0.0,0.0,0,0,13,0
ereq_b62a1b39-8c7d-4a1f-a3ae-1409a1ba027d,2026-09-17T23:54:24.336879Z,gota-g003:v2,8cea4626-a0f1-4dd0-b066-58e6bd194ad3,Scott Smith,1,Crossbowman,RedTeam,3984,2325,583.5843373493976,33,8,3,0,207.07831325301206,301.2048192771084,75.3012048192771,12,8,13,0
ereq_b62a1b39-8c7d-4a1f-a3ae-1409a1ba027d,2026-09-17T23:54:24.336879Z,richard-gods-of-the-arena:v78,881a807d-68ab-4a62-9b6c-e98694cf0bc3,richard,2,Lich,RedTeam,3984,525,131.77710843373495,15,1,0,3,94.12650602409639,37.65060240963855,0.0,5,1,13,0
ereq_b62a1b39-8c7d-4a1f-a3ae-1409a1ba027d,2026-09-17T23:54:24.336879Z,Jordan-ply_bcb80069-fb0c-4ba5-a45c-06b647870aeb:v218,f1cf890b-42d5-4cca-98cc-782774a7e9a7,Jordan,3,Warlock,RedTeam,3984,650,163.15261044176708,14,2,0,1,87.85140562248996,75.3012048192771,0.0,8,2,13,0
ereq_b62a1b39-8c7d-4a1f-a3ae-1409a1ba027d,2026-09-17T23:54:24.336879Z,black-kite:v16,d10d7d74-40a7-4f6c-8838-e09729160349,Andrew Brower B,4,Berserker,RedTeam,3984,400,100.40160642570281,10,1,0,2,62.75100401606426,37.65060240963855,0.0,2,1,13,0
ereq_b62a1b39-8c7d-4a1f-a3ae-1409a1ba027d,2026-09-17T23:54:24.336879Z,gota-g002:v1,a30542cb-54de-4109-92e6-bcabca7db4d8,Alex Smith,5,Vanguard Knight,BlueTeam,3984,225,56.475903614457835,3,1,0,4,18.825301204819276,37.65060240963855,0.0,1,1,12,1
ereq_b62a1b39-8c7d-4a1f-a3ae-1409a1ba027d,2026-09-17T23:54:24.336879Z,aaron-gota-ir-perimeter-blue_repair-0916-aaron:v1,b64f1ccb-02e1-4ad5-b75b-f374222e9e9a,Aaron,6,Ranger,BlueTeam,3984,2450,614.9598393574297,38,6,6,0,238.45381526104418,225.90361445783134,150.6024096385542,7,6,12,1
ereq_b62a1b39-8c7d-4a1f-a3ae-1409a1ba027d,2026-09-17T23:54:24.336879Z,james-botts-gota:v13,40d72eea-ac61-44b0-aaf4-7828fbf30170,James Botts,7,Arcanist,BlueTeam,3984,625,156.87751004016064,19,1,0,2,119.22690763052209,37.65060240963855,0.0,2,1,12,1
ereq_b62a1b39-8c7d-4a1f-a3ae-1409a1ba027d,2026-09-17T23:54:24.336879Z,aaron-gota-ir-coordinated-support-anchor-0916:v1,9cedf3ff-c7ce-4cff-897f-d48b44e049ad,Aaron's Co-play Coach,8,Druid Warden,BlueTeam,3984,1850,464.3574297188755,40,3,4,0,251.00401606425703,112.95180722891567,100.40160642570281,3,3,12,1
ereq_b62a1b39-8c7d-4a1f-a3ae-1409a1ba027d,2026-09-17T23:54:24.336879Z,red-kite:v34,a4590ed4-0b0c-4d86-8968-0844796f30e0,Andrew Brower,9,Demon Hunter,BlueTeam,3984,175,43.92570281124498,7,0,0,7,43.92570281124498,0.0,0.0,0,0,12,1
ereq_443fda6e-a82e-48d5-8f3a-3083f59bb4eb,2026-09-17T23:54:24.325205Z,gota-codex-side-aware-team-secondary-20260917:v1,a7551ee6-ef55-48f0-81bc-d1ba68ca54c2,daveey-2,0,Death Knight,RedTeam,4598,350,76.12005219660722,14,0,0,1,76.12005219660722,0.0,0.0,4,0,12,0
ereq_443fda6e-a82e-48d5-8f3a-3083f59bb4eb,2026-09-17T23:54:24.325205Z,james-botts-gota:v13,40d72eea-ac61-44b0-aaf4-7828fbf30170,James Botts,1,Crossbowman,RedTeam,4598,1500,326.2287951283167,36,4,0,0,195.73727707698998,130.49151805132666,0.0,6,4,12,0
ereq_443fda6e-a82e-48d5-8f3a-3083f59bb4eb,2026-09-17T23:54:24.325205Z,daf-gota-v1:v1,e7d1ba41-3be1-4785-815d-b3c9ad8f46b9,docxology,2,Lich,RedTeam,4598,800,173.9886907351022,26,1,0,5,141.36581122227057,32.622879512831666,0.0,4,1,12,0
ereq_443fda6e-a82e-48d5-8f3a-3083f59bb4eb,2026-09-17T23:54:24.325205Z,relh-gods-of-the-arena:v154,99ff8b49-8bb6-4ee2-9204-ff24a8efda4e,relh,3,Warlock,RedTeam,4598,1050,228.36015658982166,32,1,1,1,173.9886907351022,32.622879512831666,21.748586341887776,1,1,12,0
ereq_443fda6e-a82e-48d5-8f3a-3083f59bb4eb,2026-09-17T23:54:24.325205Z,gota-g002:v1,a30542cb-54de-4109-92e6-bcabca7db4d8,Alex Smith,4,Berserker,RedTeam,4598,1325,288.16876903001304,23,5,0,1,125.05437146585471,163.11439756415834,0.0,7,5,12,0
ereq_443fda6e-a82e-48d5-8f3a-3083f59bb4eb,2026-09-17T23:54:24.325205Z,black-kite:v16,d10d7d74-40a7-4f6c-8838-e09729160349,Andrew Brower B,5,Vanguard Knight,BlueTeam,4598,1425,309.91735537190084,47,1,1,1,255.5458895171814,32.622879512831666,21.748586341887776,1,1,8,1
ereq_443fda6e-a82e-48d5-8f3a-3083f59bb4eb,2026-09-17T23:54:24.325205Z,richard-gods-of-the-arena:v78,881a807d-68ab-4a62-9b6c-e98694cf0bc3,richard,6,Ranger,BlueTeam,4598,1550,337.10308829926055,40,3,1,2,217.48586341887778,97.86863853849499,21.748586341887776,5,3,8,1
ereq_443fda6e-a82e-48d5-8f3a-3083f59bb4eb,2026-09-17T23:54:24.325205Z,red-kite:v34,a4590ed4-0b0c-4d86-8968-0844796f30e0,Andrew Brower,7,Arcanist,BlueTeam,4598,275,59.80861244019139,7,0,1,3,38.06002609830361,0.0,21.748586341887776,3,0,8,1
ereq_443fda6e-a82e-48d5-8f3a-3083f59bb4eb,2026-09-17T23:54:24.325205Z,aaron-gota-ir-perimeter-blue_repair-0916-aaron:v1,b64f1ccb-02e1-4ad5-b75b-f374222e9e9a,Aaron,8,Druid Warden,BlueTeam,4598,1025,222.92301000434972,7,3,4,1,38.06002609830361,97.86863853849499,86.9943453675511,5,3,8,1
ereq_443fda6e-a82e-48d5-8f3a-3083f59bb4eb,2026-09-17T23:54:24.325205Z,Jordan-ply_bcb80069-fb0c-4ba5-a45c-06b647870aeb:v218,f1cf890b-42d5-4cca-98cc-782774a7e9a7,Jordan,9,Demon Hunter,BlueTeam,4598,775,168.55154414963027,25,1,0,5,135.9286646367986,32.622879512831666,0.0,1,1,8,1
ereq_b555c937-2004-46e5-afa4-fa9f76340e55,2026-09-17T23:54:24.324439Z,james-botts-gota:v13,40d72eea-ac61-44b0-aaf4-7828fbf30170,James Botts,0,Death Knight,RedTeam,12417,1325,106.70854473705404,53,0,0,1,106.70854473705404,0.0,0.0,0,0,26,0
ereq_b555c937-2004-46e5-afa4-fa9f76340e55,2026-09-17T23:54:24.324439Z,black-kite:v16,d10d7d74-40a7-4f6c-8838-e09729160349,Andrew Brower B,1,Crossbowman,RedTeam,12417,4375,352.3395345091407,75,16,1,7,151.0026576467746,193.28340178787147,8.053475074494644,19,16,26,0
ereq_b555c937-2004-46e5-afa4-fa9f76340e55,2026-09-17T23:54:24.324439Z,aaron-gota-ir-perimeter-blue_repair-0916-aaron:v1,b64f1ccb-02e1-4ad5-b75b-f374222e9e9a,Aaron,2,Lich,RedTeam,12417,1975,159.05613272126922,61,3,0,11,122.81549488604333,36.2406378352259,0.0,7,3,26,0
ereq_b555c937-2004-46e5-afa4-fa9f76340e55,2026-09-17T23:54:24.324439Z,richard-gods-of-the-arena:v78,881a807d-68ab-4a62-9b6c-e98694cf0bc3,richard,3,Warlock,RedTeam,12417,2325,187.2432954820005,75,3,0,14,151.0026576467746,36.2406378352259,0.0,7,3,26,0
ereq_b555c937-2004-46e5-afa4-fa9f76340e55,2026-09-17T23:54:24.324439Z,aaron-gota-ir-coordinated-support-anchor-0916:v1,9cedf3ff-c7ce-4cff-897f-d48b44e049ad,Aaron's Co-play Coach,4,Berserker,RedTeam,12417,1000,80.53475074494645,28,2,0,8,56.37432552146251,24.160425223483934,0.0,2,2,26,0
ereq_b555c937-2004-46e5-afa4-fa9f76340e55,2026-09-17T23:54:24.324439Z,Jordan-ply_bcb80069-fb0c-4ba5-a45c-06b647870aeb:v218,f1cf890b-42d5-4cca-98cc-782774a7e9a7,Jordan,5,Vanguard Knight,BlueTeam,12417,1275,102.68180719980671,45,1,0,8,90.60159458806476,12.080212611741967,0.0,7,1,41,1
ereq_b555c937-2004-46e5-afa4-fa9f76340e55,2026-09-17T23:54:24.324439Z,red-kite:v34,a4590ed4-0b0c-4d86-8968-0844796f30e0,Andrew Brower,6,Ranger,BlueTeam,12417,5050,406.70049126197955,56,21,5,3,112.74865104292502,253.6844648465813,40.267375372473225,22,21,41,1
ereq_b555c937-2004-46e5-afa4-fa9f76340e55,2026-09-17T23:54:24.324439Z,Polyworld GOTA base.bas:v1,e8aed568-d03c-49bf-beaf-68c731f05d26,Andre von Houck,7,Arcanist,BlueTeam,12417,1425,114.76201981154868,33,4,0,5,66.44116936458082,48.32085044696787,0.0,12,4,41,1
ereq_b555c937-2004-46e5-afa4-fa9f76340e55,2026-09-17T23:54:24.324439Z,macromackie-gota:v4,1a78a3f9-8112-4c2c-831a-f0ffee8dbacc,macromackie,8,Druid Warden,BlueTeam,12417,1375,110.73528227430135,31,2,3,6,62.414431827333495,24.160425223483934,24.160425223483934,10,2,41,1
ereq_b555c937-2004-46e5-afa4-fa9f76340e55,2026-09-17T23:54:24.324439Z,khors:v1,fa00903c-0ba4-4eec-b20f-4c082550d80f,Andre von Auto,9,Demon Hunter,BlueTeam,12417,3375,271.80478376419427,61,11,2,4,122.81549488604333,132.88233872916163,16.106950148989288,16,11,41,1
ereq_43f6d311-80e9-4796-85c0-16d8d40ffb68,2026-09-17T23:54:24.354514Z,gota-codex-side-aware-team-secondary-20260917:v1,a7551ee6-ef55-48f0-81bc-d1ba68ca54c2,daveey-2,0,Death Knight,RedTeam,7855,650,82.74984086569064,16,1,1,4,50.92297899427116,19.096117122851687,12.73074474856779,6,1,21,1
ereq_43f6d311-80e9-4796-85c0-16d8d40ffb68,2026-09-17T23:54:24.354514Z,james-botts-gota:v13,40d72eea-ac61-44b0-aaf4-7828fbf30170,James Botts,1,Crossbowman,RedTeam,7855,1425,181.413112667091,39,3,0,0,124.12476129853596,57.28835136855506,0.0,8,3,21,1
ereq_43f6d311-80e9-4796-85c0-16d8d40ffb68,2026-09-17T23:54:24.354514Z,aaron-gota-ir-perimeter-blue_repair-0916-aaron:v1,b64f1ccb-02e1-4ad5-b75b-f374222e9e9a,Aaron,2,Lich,RedTeam,7855,2275,289.62444302991724,27,8,4,2,85.9325270528326,152.7689369828135,50.92297899427116,10,8,21,1
ereq_43f6d311-80e9-4796-85c0-16d8d40ffb68,2026-09-17T23:54:24.354514Z,Polyworld GOTA base.bas:v1,e8aed568-d03c-49bf-beaf-68c731f05d26,Andre von Houck,3,Warlock,RedTeam,7855,950,120.94207511139402,26,2,0,9,82.74984086569064,38.192234245703375,0.0,7,2,21,1
ereq_43f6d311-80e9-4796-85c0-16d8d40ffb68,2026-09-17T23:54:24.354514Z,red-kite:v34,a4590ed4-0b0c-4d86-8968-0844796f30e0,Andrew Brower,4,Berserker,RedTeam,7855,2800,356.46085295989815,72,6,1,4,229.15340547422025,114.57670273711012,12.73074474856779,7,6,21,1
ereq_43f6d311-80e9-4796-85c0-16d8d40ffb68,2026-09-17T23:54:24.354514Z,richard-gods-of-the-arena:v78,881a807d-68ab-4a62-9b6c-e98694cf0bc3,richard,5,Vanguard Knight,BlueTeam,7855,375,47.740292807129215,15,0,0,5,47.740292807129215,0.0,0.0,3,0,19,0
ereq_43f6d311-80e9-4796-85c0-16d8d40ffb68,2026-09-17T23:54:24.354514Z,black-kite:v16,d10d7d74-40a7-4f6c-8838-e09729160349,Andrew Brower B,6,Ranger,BlueTeam,7855,3050,388.28771483131766,72,7,2,1,229.15340547422025,133.6728198599618,25.46148949713558,8,7,19,0
ereq_43f6d311-80e9-4796-85c0-16d8d40ffb68,2026-09-17T23:54:24.354514Z,aaron-gota-ir-coordinated-support-anchor-0916:v1,9cedf3ff-c7ce-4cff-897f-d48b44e049ad,Aaron's Co-play Coach,7,Arcanist,BlueTeam,7855,3800,483.7683004455761,62,9,9,2,197.32654360280077,171.8650541056652,114.57670273711012,10,9,19,0
ereq_43f6d311-80e9-4796-85c0-16d8d40ffb68,2026-09-17T23:54:24.354514Z,relh-gods-of-the-arena:v154,99ff8b49-8bb6-4ee2-9204-ff24a8efda4e,relh,8,Druid Warden,BlueTeam,7855,200,25.46148949713558,8,0,0,6,25.46148949713558,0.0,0.0,1,0,19,0
ereq_43f6d311-80e9-4796-85c0-16d8d40ffb68,2026-09-17T23:54:24.354514Z,gota-g002:v1,a30542cb-54de-4109-92e6-bcabca7db4d8,Alex Smith,9,Demon Hunter,BlueTeam,7855,575,73.2017823042648,17,1,0,7,54.105665181413116,19.096117122851687,0.0,3,1,19,0
ereq_18b94602-0466-44fd-b499-1aa0c951c3f8,2026-09-17T23:54:24.357531Z,aaron-gota-ir-coordinated-support-anchor-0916:v1,9cedf3ff-c7ce-4cff-897f-d48b44e049ad,Aaron's Co-play Coach,0,Death Knight,RedTeam,14037,4150,295.6472180665384,96,9,4,5,170.97670442402222,96.1743962385125,28.496117404003705,12,9,35,1
ereq_18b94602-0466-44fd-b499-1aa0c951c3f8,2026-09-17T23:54:24.357531Z,richard-gods-of-the-arena:v78,881a807d-68ab-4a62-9b6c-e98694cf0bc3,richard,1,Crossbowman,RedTeam,14037,3150,224.40692455652916,68,9,1,9,121.10849896701575,96.1743962385125,7.124029351000926,11,9,35,1
ereq_18b94602-0466-44fd-b499-1aa0c951c3f8,2026-09-17T23:54:24.357531Z,Jordan-ply_bcb80069-fb0c-4ba5-a45c-06b647870aeb:v218,f1cf890b-42d5-4cca-98cc-782774a7e9a7,Jordan,2,Lich,RedTeam,14037,3700,263.58908598703425,70,11,3,8,124.67051364251621,117.54648429151528,21.372088053002777,17,11,35,1
ereq_18b94602-0466-44fd-b499-1aa0c951c3f8,2026-09-17T23:54:24.357531Z,macromackie-gota:v4,1a78a3f9-8112-4c2c-831a-f0ffee8dbacc,macromackie,3,Warlock,RedTeam,14037,1175,83.70734487426088,33,1,2,7,58.77324214575764,10.686044026501389,14.248058702001853,7,1,35,1
ereq_18b94602-0466-44fd-b499-1aa0c951c3f8,2026-09-17T23:54:24.357531Z,daf-gota-v1:v1,e7d1ba41-3be1-4785-815d-b3c9ad8f46b9,docxology,4,Berserker,RedTeam,14037,2525,179.8817411127734,73,4,1,6,130.0135356557669,42.744176106005554,7.124029351000926,9,4,35,1
ereq_18b94602-0466-44fd-b499-1aa0c951c3f8,2026-09-17T23:54:24.357531Z,james-botts-gota:v13,40d72eea-ac61-44b0-aaf4-7828fbf30170,James Botts,5,Vanguard Knight,BlueTeam,14037,450,32.05813207950417,18,0,0,3,32.05813207950417,0.0,0.0,8,0,35,0
ereq_18b94602-0466-44fd-b499-1aa0c951c3f8,2026-09-17T23:54:24.357531Z,relh-gods-of-the-arena:v154,99ff8b49-8bb6-4ee2-9204-ff24a8efda4e,relh,6,Ranger,BlueTeam,14037,6550,466.6239224905607,168,13,4,6,299.2092327420389,138.91857234451805,28.496117404003705,17,13,35,0
ereq_18b94602-0466-44fd-b499-1aa0c951c3f8,2026-09-17T23:54:24.357531Z,aaron-gota-ir-perimeter-blue_repair-0916-aaron:v1,b64f1ccb-02e1-4ad5-b75b-f374222e9e9a,Aaron,7,Arcanist,BlueTeam,14037,2300,163.8526750730213,32,10,0,6,56.99223480800741,106.86044026501389,0.0,14,10,35,0
ereq_18b94602-0466-44fd-b499-1aa0c951c3f8,2026-09-17T23:54:24.357531Z,gota-vanguard-rally-hold:v1,3ccd4955-3d9c-4c79-a243-e5dc12d650ad,daveey,8,Druid Warden,BlueTeam,14037,1850,131.79454299351713,56,3,0,13,99.73641091401296,32.05813207950417,0.0,18,3,35,0
ereq_18b94602-0466-44fd-b499-1aa0c951c3f8,2026-09-17T23:54:24.357531Z,black-kite:v16,d10d7d74-40a7-4f6c-8838-e09729160349,Andrew Brower B,9,Demon Hunter,BlueTeam,14037,4175,297.42822540428864,115,8,1,7,204.81584384127663,85.48835221201111,7.124029351000926,8,8,35,0
ereq_01b27e36-230c-4296-9d2b-3c2e918e204c,2026-09-17T23:54:24.343712Z,black-kite:v16,d10d7d74-40a7-4f6c-8838-e09729160349,Andrew Brower B,0,Death Knight,RedTeam,13932,2175,156.1154177433247,57,5,0,12,102.28251507321275,53.83290267011197,0.0,7,5,39,0
ereq_01b27e36-230c-4296-9d2b-3c2e918e204c,2026-09-17T23:54:24.343712Z,khors:v1,fa00903c-0ba4-4eec-b20f-4c082550d80f,Andre von Auto,1,Crossbowman,RedTeam,13932,3200,229.68705139247774,38,13,3,4,68.18834338214184,139.96554694229113,21.533161068044787,22,13,39,0
ereq_01b27e36-230c-4296-9d2b-3c2e918e204c,2026-09-17T23:54:24.343712Z,gota-codex-side-aware-team-secondary-20260917:v1,a7551ee6-ef55-48f0-81bc-d1ba68ca54c2,daveey-2,2,Lich,RedTeam,13932,3675,263.78122308354864,53,13,4,7,95.10479471719782,139.96554694229113,28.710881424059718,18,13,39,0
ereq_01b27e36-230c-4296-9d2b-3c2e918e204c,2026-09-17T23:54:24.343712Z,relh-gods-of-the-arena:v154,99ff8b49-8bb6-4ee2-9204-ff24a8efda4e,relh,3,Warlock,RedTeam,13932,3050,218.92047085845536,100,3,1,7,179.44300890037323,32.299741602067186,7.177720356014929,6,3,39,0
ereq_01b27e36-230c-4296-9d2b-3c2e918e204c,2026-09-17T23:54:24.343712Z,richard-gods-of-the-arena:v78,881a807d-68ab-4a62-9b6c-e98694cf0bc3,richard,4,Berserker,RedTeam,13932,1825,130.99339649727247,61,2,0,10,109.46023542922768,21.533161068044787,0.0,11,2,39,0
ereq_01b27e36-230c-4296-9d2b-3c2e918e204c,2026-09-17T23:54:24.343712Z,Polyworld GOTA base.bas:v1,e8aed568-d03c-49bf-beaf-68c731f05d26,Andre von Houck,5,Vanguard Knight,BlueTeam,13932,2450,175.85414872236578,50,8,0,13,89.72150445018661,86.13264427217915,0.0,17,8,40,1
ereq_01b27e36-230c-4296-9d2b-3c2e918e204c,2026-09-17T23:54:24.343712Z,james-botts-gota:v13,40d72eea-ac61-44b0-aaf4-7828fbf30170,James Botts,6,Ranger,BlueTeam,13932,2075,148.93769738730978,65,3,0,1,116.63795578524261,32.299741602067186,0.0,9,3,40,1
ereq_01b27e36-230c-4296-9d2b-3c2e918e204c,2026-09-17T23:54:24.343712Z,aaron-gota-ir-perimeter-blue_repair-0916-aaron:v1,b64f1ccb-02e1-4ad5-b75b-f374222e9e9a,Aaron,7,Arcanist,BlueTeam,13932,4925,353.5027275337353,61,16,10,4,109.46023542922768,172.2652885443583,71.7772035601493,21,16,40,1
ereq_01b27e36-230c-4296-9d2b-3c2e918e204c,2026-09-17T23:54:24.343712Z,Jordan-ply_bcb80069-fb0c-4ba5-a45c-06b647870aeb:v218,f1cf890b-42d5-4cca-98cc-782774a7e9a7,Jordan,8,Druid Warden,BlueTeam,13932,1650,118.43238587424634,42,4,0,12,75.36606373815677,43.066322136089575,0.0,16,4,40,1
ereq_01b27e36-230c-4296-9d2b-3c2e918e204c,2026-09-17T23:54:24.343712Z,red-kite:v34,a4590ed4-0b0c-4d86-8968-0844796f30e0,Andrew Brower,9,Demon Hunter,BlueTeam,13932,3700,265.5756531725524,112,6,0,9,200.97616996841802,64.59948320413437,0.0,8,6,40,1
ereq_61c721b7-6c04-4265-bdb5-f297f63ff448,2026-09-17T23:54:24.365713Z,macromackie-gota:v4,1a78a3f9-8112-4c2c-831a-f0ffee8dbacc,macromackie,0,Death Knight,RedTeam,11066,2050,185.25212362190493,54,4,1,5,121.99530092174227,54.220133742996566,9.036688957166094,5,4,32,0
ereq_61c721b7-6c04-4265-bdb5-f297f63ff448,2026-09-17T23:54:24.365713Z,khors:v1,fa00903c-0ba4-4eec-b20f-4c082550d80f,Andre von Auto,1,Crossbowman,RedTeam,11066,3400,307.2474245436472,78,7,4,3,176.21543466473884,94.885234050244,36.146755828664375,10,7,32,0
ereq_61c721b7-6c04-4265-bdb5-f297f63ff448,2026-09-17T23:54:24.365713Z,richard-gods-of-the-arena:v78,881a807d-68ab-4a62-9b6c-e98694cf0bc3,richard,2,Lich,RedTeam,11066,2500,225.91722392915236,60,6,1,7,135.5503343574914,81.33020061449484,9.036688957166094,9,6,32,0
ereq_61c721b7-6c04-4265-bdb5-f297f63ff448,2026-09-17T23:54:24.365713Z,aaron-gota-ir-perimeter-blue_repair-0916-aaron:v1,b64f1ccb-02e1-4ad5-b75b-f374222e9e9a,Aaron,3,Warlock,RedTeam,11066,1175,106.1810952467016,29,3,0,6,65.51599493945419,40.66510030724742,0.0,8,3,32,0
ereq_61c721b7-6c04-4265-bdb5-f297f63ff448,2026-09-17T23:54:24.365713Z,red-kite:v34,a4590ed4-0b0c-4d86-8968-0844796f30e0,Andrew Brower,4,Berserker,RedTeam,11066,3475,314.0249412615218,87,8,1,5,196.54798481836255,108.44026748599313,9.036688957166094,11,8,32,0
ereq_61c721b7-6c04-4265-bdb5-f297f63ff448,2026-09-17T23:54:24.365713Z,james-botts-gota:v13,40d72eea-ac61-44b0-aaf4-7828fbf30170,James Botts,5,Vanguard Knight,BlueTeam,11066,1275,115.21778420386771,39,2,0,3,88.10771733236942,27.110066871498283,0.0,8,2,26,1
ereq_61c721b7-6c04-4265-bdb5-f297f63ff448,2026-09-17T23:54:24.365713Z,aaron-gota-ir-coordinated-support-anchor-0916:v1,9cedf3ff-c7ce-4cff-897f-d48b44e049ad,Aaron's Co-play Coach,6,Ranger,BlueTeam,11066,4875,440.5385866618471,103,8,11,1,232.69474064702692,108.44026748599313,99.40357852882704,9,8,26,1
ereq_61c721b7-6c04-4265-bdb5-f297f63ff448,2026-09-17T23:54:24.365713Z,Jordan-ply_bcb80069-fb0c-4ba5-a45c-06b647870aeb:v218,f1cf890b-42d5-4cca-98cc-782774a7e9a7,Jordan,7,Arcanist,BlueTeam,11066,1950,176.21543466473884,42,6,0,6,94.885234050244,81.33020061449484,0.0,7,5,26,1
ereq_61c721b7-6c04-4265-bdb5-f297f63ff448,2026-09-17T23:54:24.365713Z,black-kite:v16,d10d7d74-40a7-4f6c-8838-e09729160349,Andrew Brower B,8,Druid Warden,BlueTeam,11066,1675,151.3645400325321,55,2,0,12,124.2544731610338,27.110066871498283,0.0,6,2,26,1
ereq_61c721b7-6c04-4265-bdb5-f297f63ff448,2026-09-17T23:54:24.365713Z,relh-gods-of-the-arena:v154,99ff8b49-8bb6-4ee2-9204-ff24a8efda4e,relh,9,Demon Hunter,BlueTeam,11066,2375,214.62136273269473,55,6,1,10,124.2544731610338,81.33020061449484,9.036688957166094,12,6,26,1
ereq_3e1614ac-d497-468b-b6c7-25b5bd71bd42,2026-09-17T23:54:24.337644Z,Polyworld GOTA base.bas:v1,e8aed568-d03c-49bf-beaf-68c731f05d26,Andre von Houck,0,Death Knight,RedTeam,9592,575,59.945788156797335,11,2,0,9,28.6697247706422,31.27606338615513,0.0,4,1,20,0
ereq_3e1614ac-d497-468b-b6c7-25b5bd71bd42,2026-09-17T23:54:24.337644Z,gota-g002:v1,a30542cb-54de-4109-92e6-bcabca7db4d8,Alex Smith,1,Crossbowman,RedTeam,9592,2250,234.57047539616346,50,6,1,4,130.31693077564637,93.82819015846539,10.42535446205171,11,6,20,0
ereq_3e1614ac-d497-468b-b6c7-25b5bd71bd42,2026-09-17T23:54:24.337644Z,gota-codex-side-aware-team-secondary-20260917:v1,a7551ee6-ef55-48f0-81bc-d1ba68ca54c2,daveey-2,2,Lich,RedTeam,9592,1475,153.77397831526272,29,5,0,11,75.5838198498749,78.19015846538782,0.0,9,5,20,0
ereq_3e1614ac-d497-468b-b6c7-25b5bd71bd42,2026-09-17T23:54:24.337644Z,richard-gods-of-the-arena:v78,881a807d-68ab-4a62-9b6c-e98694cf0bc3,richard,3,Warlock,RedTeam,9592,2175,226.75145954962468,51,4,3,2,132.9232693911593,62.55212677231026,31.27606338615513,9,4,20,0
ereq_3e1614ac-d497-468b-b6c7-25b5bd71bd42,2026-09-17T23:54:24.337644Z,Jordan-ply_bcb80069-fb0c-4ba5-a45c-06b647870aeb:v218,f1cf890b-42d5-4cca-98cc-782774a7e9a7,Jordan,4,Berserker,RedTeam,9592,625,65.15846538782318,19,1,0,12,49.52043369474562,15.638031693077565,0.0,5,1,20,0
ereq_3e1614ac-d497-468b-b6c7-25b5bd71bd42,2026-09-17T23:54:24.337644Z,macromackie-gota:v4,1a78a3f9-8112-4c2c-831a-f0ffee8dbacc,macromackie,5,Vanguard Knight,BlueTeam,9592,375,39.09507923269391,9,1,0,5,23.457047539616347,15.638031693077565,0.0,9,1,38,1
ereq_3e1614ac-d497-468b-b6c7-25b5bd71bd42,2026-09-17T23:54:24.337644Z,red-kite:v34,a4590ed4-0b0c-4d86-8968-0844796f30e0,Andrew Brower,6,Ranger,BlueTeam,9592,6625,690.6797331109258,85,28,3,4,221.53878231859883,437.8648874061718,31.27606338615513,33,28,38,1
ereq_3e1614ac-d497-468b-b6c7-25b5bd71bd42,2026-09-17T23:54:24.337644Z,relh-gods-of-the-arena:v154,99ff8b49-8bb6-4ee2-9204-ff24a8efda4e,relh,7,Arcanist,BlueTeam,9592,2150,224.14512093411176,42,6,2,5,109.46622185154295,93.82819015846539,20.85070892410342,16,5,38,1
ereq_3e1614ac-d497-468b-b6c7-25b5bd71bd42,2026-09-17T23:54:24.337644Z,james-botts-gota:v13,40d72eea-ac61-44b0-aaf4-7828fbf30170,James Botts,8,Druid Warden,BlueTeam,9592,1125,117.28523769808173,45,0,0,2,117.28523769808173,0.0,0.0,1,0,38,1
ereq_3e1614ac-d497-468b-b6c7-25b5bd71bd42,2026-09-17T23:54:24.337644Z,aaron-gota-ir-coordinated-support-anchor-0916:v1,9cedf3ff-c7ce-4cff-897f-d48b44e049ad,Aaron's Co-play Coach,9,Demon Hunter,BlueTeam,9592,1475,153.77397831526272,37,1,4,4,96.43452877397831,15.638031693077565,41.70141784820684,9,1,38,1
ereq_b3e16dbd-8d40-4b91-ad6e-83b7101f1118,2026-09-17T23:54:24.385092Z,richard-gods-of-the-arena:v78,881a807d-68ab-4a62-9b6c-e98694cf0bc3,richard,0,Death Knight,RedTeam,10459,950,90.8308633712592,28,1,1,8,66.92800458934889,14.34171526914619,9.561143512764126,4,1,27,1
ereq_b3e16dbd-8d40-4b91-ad6e-83b7101f1118,2026-09-17T23:54:24.385092Z,gota-g003:v2,8cea4626-a0f1-4dd0-b066-58e6bd194ad3,Scott Smith,1,Crossbowman,RedTeam,10459,2250,215.12572903719285,36,7,3,0,86.05029161487714,100.39200688402333,28.68343053829238,15,7,27,1
ereq_b3e16dbd-8d40-4b91-ad6e-83b7101f1118,2026-09-17T23:54:24.385092Z,james-botts-gota:v13,40d72eea-ac61-44b0-aaf4-7828fbf30170,James Botts,2,Lich,RedTeam,10459,825,78.87943398030404,15,3,0,2,35.85428817286547,43.02514580743857,0.0,11,3,27,1
ereq_b3e16dbd-8d40-4b91-ad6e-83b7101f1118,2026-09-17T23:54:24.385092Z,relh-gods-of-the-arena:v154,99ff8b49-8bb6-4ee2-9204-ff24a8efda4e,relh,3,Warlock,RedTeam,10459,2850,272.4925901137776,74,4,4,3,176.88115498613635,57.36686107658476,38.2445740510565,6,4,27,1
ereq_b3e16dbd-8d40-4b91-ad6e-83b7101f1118,2026-09-17T23:54:24.385092Z,aaron-gota-ir-perimeter-blue_repair-0916-aaron:v1,b64f1ccb-02e1-4ad5-b75b-f374222e9e9a,Aaron,4,Berserker,RedTeam,10459,3575,341.8108805813175,61,11,4,5,145.80743856965293,157.7588679606081,38.2445740510565,12,11,27,1
ereq_b3e16dbd-8d40-4b91-ad6e-83b7101f1118,2026-09-17T23:54:24.385092Z,red-kite:v34,a4590ed4-0b0c-4d86-8968-0844796f30e0,Andrew Brower,5,Vanguard Knight,BlueTeam,10459,3100,296.39544889568793,114,1,1,2,272.4925901137776,14.34171526914619,9.561143512764126,1,1,18,0
ereq_b3e16dbd-8d40-4b91-ad6e-83b7101f1118,2026-09-17T23:54:24.385092Z,gota-codex-side-aware-team-secondary-20260917:v1,a7551ee6-ef55-48f0-81bc-d1ba68ca54c2,daveey-2,6,Ranger,BlueTeam,10459,2100,200.78401376804666,54,5,0,6,129.0754374223157,71.70857634573095,0.0,6,5,18,0
ereq_b3e16dbd-8d40-4b91-ad6e-83b7101f1118,2026-09-17T23:54:24.385092Z,gota-g002:v1,a30542cb-54de-4109-92e6-bcabca7db4d8,Alex Smith,7,Arcanist,BlueTeam,10459,2800,267.71201835739555,78,5,1,9,186.44229849890047,71.70857634573095,9.561143512764126,7,5,18,0
ereq_b3e16dbd-8d40-4b91-ad6e-83b7101f1118,2026-09-17T23:54:24.385092Z,black-kite:v16,d10d7d74-40a7-4f6c-8838-e09729160349,Andrew Brower B,8,Druid Warden,BlueTeam,10459,1175,112.34343627497849,41,1,0,6,98.0017210058323,14.34171526914619,0.0,7,1,18,0
ereq_b3e16dbd-8d40-4b91-ad6e-83b7101f1118,2026-09-17T23:54:24.385092Z,Jordan-ply_bcb80069-fb0c-4ba5-a45c-06b647870aeb:v218,f1cf890b-42d5-4cca-98cc-782774a7e9a7,Jordan,9,Demon Hunter,BlueTeam,10459,2050,196.0034420116646,46,4,3,4,109.95315039678745,57.36686107658476,28.68343053829238,6,4,18,0
ereq_a0877925-8bc4-4e33-b886-4f48278bf2f5,2026-09-17T23:54:24.331922Z,james-botts-gota:v13,40d72eea-ac61-44b0-aaf4-7828fbf30170,James Botts,0,Death Knight,RedTeam,6587,725,110.06528009716108,23,1,0,2,87.29315318050706,22.772126916654017,0.0,4,1,18,0
ereq_a0877925-8bc4-4e33-b886-4f48278bf2f5,2026-09-17T23:54:24.331922Z,relh-gods-of-the-arena:v154,99ff8b49-8bb6-4ee2-9204-ff24a8efda4e,relh,1,Crossbowman,RedTeam,6587,1225,185.97236981934114,43,1,0,4,163.2002429026871,22.772126916654017,0.0,4,1,18,0
ereq_a0877925-8bc4-4e33-b886-4f48278bf2f5,2026-09-17T23:54:24.331922Z,gota-g003:v2,8cea4626-a0f1-4dd0-b066-58e6bd194ad3,Scott Smith,2,Lich,RedTeam,6587,2025,307.4237133748292,39,7,0,7,148.0188249582511,159.4048884165781,0.0,9,7,18,0
ereq_a0877925-8bc4-4e33-b886-4f48278bf2f5,2026-09-17T23:54:24.331922Z,Jordan-ply_bcb80069-fb0c-4ba5-a45c-06b647870aeb:v218,f1cf890b-42d5-4cca-98cc-782774a7e9a7,Jordan,3,Warlock,RedTeam,6587,1575,239.10733262486715,31,4,2,3,117.65598906937907,91.08850766661607,30.36283588887202,12,4,18,0
ereq_a0877925-8bc4-4e33-b886-4f48278bf2f5,2026-09-17T23:54:24.331922Z,aaron-gota-ir-coordinated-support-anchor-0916:v1,9cedf3ff-c7ce-4cff-897f-d48b44e049ad,Aaron's Co-play Coach,4,Berserker,RedTeam,6587,1300,197.35843327766813,40,2,0,5,151.8141794443601,45.544253833308034,0.0,8,2,18,0
ereq_a0877925-8bc4-4e33-b886-4f48278bf2f5,2026-09-17T23:54:24.331922Z,gota-codex-side-aware-team-secondary-20260917:v1,a7551ee6-ef55-48f0-81bc-d1ba68ca54c2,daveey-2,5,Vanguard Knight,BlueTeam,6587,150,22.772126916654017,6,0,0,2,22.772126916654017,0.0,0.0,3,0,21,1
ereq_a0877925-8bc4-4e33-b886-4f48278bf2f5,2026-09-17T23:54:24.331922Z,aaron-gota-ir-perimeter-blue_repair-0916-aaron:v1,b64f1ccb-02e1-4ad5-b75b-f374222e9e9a,Aaron,6,Ranger,BlueTeam,6587,4675,709.7312889023834,53,15,11,1,201.15378776377713,341.58190374981024,166.9955973887961,15,15,21,1
ereq_a0877925-8bc4-4e33-b886-4f48278bf2f5,2026-09-17T23:54:24.331922Z,black-kite:v16,d10d7d74-40a7-4f6c-8838-e09729160349,Andrew Brower B,7,Arcanist,BlueTeam,6587,975,148.0188249582511,29,1,1,2,110.06528009716108,22.772126916654017,15.18141794443601,2,1,21,1
ereq_a0877925-8bc4-4e33-b886-4f48278bf2f5,2026-09-17T23:54:24.331922Z,gota-g002:v1,a30542cb-54de-4109-92e6-bcabca7db4d8,Alex Smith,8,Druid Warden,BlueTeam,6587,650,98.67921663883406,20,1,0,5,75.90708972218005,22.772126916654017,0.0,1,1,21,1
ereq_a0877925-8bc4-4e33-b886-4f48278bf2f5,2026-09-17T23:54:24.331922Z,daf-gota-v1:v1,e7d1ba41-3be1-4785-815d-b3c9ad8f46b9,docxology,9,Demon Hunter,BlueTeam,6587,975,148.0188249582511,29,1,1,8,110.06528009716108,22.772126916654017,15.18141794443601,1,1,21,1
ereq_de793afd-0963-4459-9f0b-36463fd3f3fe,2026-09-17T23:54:24.356034Z,richard-gods-of-the-arena:v78,881a807d-68ab-4a62-9b6c-e98694cf0bc3,richard,0,Death Knight,RedTeam,24023,4550,189.40182325271616,126,8,2,17,131.12433917495733,49.952129209507554,8.325354868251258,18,8,59,0
ereq_de793afd-0963-4459-9f0b-36463fd3f3fe,2026-09-17T23:54:24.356034Z,Polyworld GOTA base.bas:v1,e8aed568-d03c-49bf-beaf-68c731f05d26,Andre von Houck,1,Crossbowman,RedTeam,24023,4950,206.05253298921866,102,16,0,10,106.14827457020355,99.90425841901511,0.0,41,16,59,0
ereq_de793afd-0963-4459-9f0b-36463fd3f3fe,2026-09-17T23:54:24.356034Z,gota-vanguard-rally-hold:v1,3ccd4955-3d9c-4c79-a243-e5dc12d650ad,daveey,2,Lich,RedTeam,24023,5275,219.58123465012696,93,19,1,8,96.78225034342088,118.63630687258045,4.162677434125629,38,19,59,0
ereq_de793afd-0963-4459-9f0b-36463fd3f3fe,2026-09-17T23:54:24.356034Z,james-botts-gota:v13,40d72eea-ac61-44b0-aaf4-7828fbf30170,James Botts,3,Warlock,RedTeam,24023,4050,168.588436082088,158,0,1,5,164.42575864796237,0.0,4.162677434125629,8,0,59,0
ereq_de793afd-0963-4459-9f0b-36463fd3f3fe,2026-09-17T23:54:24.356034Z,red-kite:v34,a4590ed4-0b0c-4d86-8968-0844796f30e0,Andrew Brower,4,Berserker,RedTeam,24023,6775,282.0213961620114,193,13,0,20,200.84918619656162,81.17220996544978,0.0,20,13,59,0
ereq_de793afd-0963-4459-9f0b-36463fd3f3fe,2026-09-17T23:54:24.356034Z,aaron-gota-ir-coordinated-support-anchor-0916:v1,9cedf3ff-c7ce-4cff-897f-d48b44e049ad,Aaron's Co-play Coach,5,Vanguard Knight,BlueTeam,24023,3700,154.0190650626483,90,7,4,12,93.66024226782666,43.708113058319114,16.650709736502517,16,7,60,1
ereq_de793afd-0963-4459-9f0b-36463fd3f3fe,2026-09-17T23:54:24.356034Z,gota-codex-side-aware-team-secondary-20260917:v1,a7551ee6-ef55-48f0-81bc-d1ba68ca54c2,daveey-2,6,Ranger,BlueTeam,24023,7650,318.44482371061065,184,19,2,11,191.48316196977896,118.63630687258045,8.325354868251258,22,19,60,1
ereq_de793afd-0963-4459-9f0b-36463fd3f3fe,2026-09-17T23:54:24.356034Z,khors:v1,fa00903c-0ba4-4eec-b20f-4c082550d80f,Andre von Auto,7,Arcanist,BlueTeam,24023,5600,233.10993631103526,150,11,2,9,156.10040377971112,68.68417766307289,8.325354868251258,17,11,60,1
ereq_de793afd-0963-4459-9f0b-36463fd3f3fe,2026-09-17T23:54:24.356034Z,black-kite:v16,d10d7d74-40a7-4f6c-8838-e09729160349,Andrew Brower B,8,Druid Warden,BlueTeam,24023,5150,214.37788785746991,134,12,0,10,139.44969404320858,74.92819381426133,0.0,15,12,60,1
ereq_de793afd-0963-4459-9f0b-36463fd3f3fe,2026-09-17T23:54:24.356034Z,relh-gods-of-the-arena:v154,99ff8b49-8bb6-4ee2-9204-ff24a8efda4e,relh,9,Demon Hunter,BlueTeam,24023,4000,166.50709736502517,96,8,4,17,99.90425841901511,49.952129209507554,16.650709736502517,14,8,60,1
ereq_04771e46-0298-41e5-8a8d-82f0339e00e1,2026-09-17T23:54:24.373578Z,nancy-goa:v2,2777766f-4931-4fd9-83f2-44a3f509ede1,NanosaurusX,0,Death Knight,RedTeam,7512,1150,153.08839190628328,28,3,0,3,93.1842385516507,59.90415335463259,0.0,4,3,36,1
ereq_04771e46-0298-41e5-8a8d-82f0339e00e1,2026-09-17T23:54:24.373578Z,aaron-gota-ir-coordinated-support-anchor-0916:v1,9cedf3ff-c7ce-4cff-897f-d48b44e049ad,Aaron's Co-play Coach,1,Crossbowman,RedTeam,7512,5450,725.5058572949947,70,20,7,0,232.96059637912674,399.36102236421726,93.1842385516507,20,20,36,1
ereq_04771e46-0298-41e5-8a8d-82f0339e00e1,2026-09-17T23:54:24.373578Z,black-kite:v16,d10d7d74-40a7-4f6c-8838-e09729160349,Andrew Brower B,2,Lich,RedTeam,7512,2800,372.7369542066028,70,5,3,1,232.96059637912674,99.84025559105432,39.936102236421725,10,5,36,1
ereq_04771e46-0298-41e5-8a8d-82f0339e00e1,2026-09-17T23:54:24.373578Z,gota-g002:v1,a30542cb-54de-4109-92e6-bcabca7db4d8,Alex Smith,3,Warlock,RedTeam,7512,1100,146.43237486687966,14,5,0,3,46.59211927582535,99.84025559105432,0.0,8,5,36,1
ereq_04771e46-0298-41e5-8a8d-82f0339e00e1,2026-09-17T23:54:24.373578Z,richard-gods-of-the-arena:v78,881a807d-68ab-4a62-9b6c-e98694cf0bc3,richard,4,Berserker,RedTeam,7512,950,126.4643237486688,16,3,1,5,53.24813631522897,59.90415335463259,13.312034078807242,9,3,36,1
ereq_04771e46-0298-41e5-8a8d-82f0339e00e1,2026-09-17T23:54:24.373578Z,relh-gods-of-the-arena:v154,99ff8b49-8bb6-4ee2-9204-ff24a8efda4e,relh,5,Vanguard Knight,BlueTeam,7512,625,83.20021299254526,25,0,0,5,83.20021299254526,0.0,0.0,6,0,12,0
ereq_04771e46-0298-41e5-8a8d-82f0339e00e1,2026-09-17T23:54:24.373578Z,james-botts-gota:v13,40d72eea-ac61-44b0-aaf4-7828fbf30170,James Botts,6,Ranger,BlueTeam,7512,1025,136.44834930777424,41,0,0,6,136.44834930777424,0.0,0.0,2,0,12,0
ereq_04771e46-0298-41e5-8a8d-82f0339e00e1,2026-09-17T23:54:24.373578Z,macromackie-gota:v4,1a78a3f9-8112-4c2c-831a-f0ffee8dbacc,macromackie,7,Arcanist,BlueTeam,7512,1600,212.99254526091588,46,3,0,9,153.08839190628328,59.90415335463259,0.0,7,3,12,0
ereq_04771e46-0298-41e5-8a8d-82f0339e00e1,2026-09-17T23:54:24.373578Z,aaron-gota-ir-perimeter-blue_repair-0916-aaron:v1,b64f1ccb-02e1-4ad5-b75b-f374222e9e9a,Aaron,8,Druid Warden,BlueTeam,7512,1225,163.07241746538872,25,4,0,7,83.20021299254526,79.87220447284345,0.0,8,4,12,0
ereq_04771e46-0298-41e5-8a8d-82f0339e00e1,2026-09-17T23:54:24.373578Z,Jordan-ply_bcb80069-fb0c-4ba5-a45c-06b647870aeb:v218,f1cf890b-42d5-4cca-98cc-782774a7e9a7,Jordan,9,Demon Hunter,BlueTeam,7512,350,46.59211927582535,14,0,0,9,46.59211927582535,0.0,0.0,1,0,12,0
ereq_c3ecfd8d-1bb3-4ea2-9d0a-63c8131a4b57,2026-09-17T23:54:24.322955Z,macromackie-gota:v4,1a78a3f9-8112-4c2c-831a-f0ffee8dbacc,macromackie,0,Death Knight,RedTeam,7643,1125,147.19351040167473,21,2,3,3,68.69030485411487,39.25160277377993,39.25160277377993,6,2,24,1
ereq_c3ecfd8d-1bb3-4ea2-9d0a-63c8131a4b57,2026-09-17T23:54:24.322955Z,aaron-gota-ir-perimeter-blue_repair-0916-aaron:v1,b64f1ccb-02e1-4ad5-b75b-f374222e9e9a,Aaron,1,Crossbowman,RedTeam,7643,3700,484.1031008766191,56,10,8,1,183.17414627763966,196.25801386889964,104.6709407300798,14,10,24,1
ereq_c3ecfd8d-1bb3-4ea2-9d0a-63c8131a4b57,2026-09-17T23:54:24.322955Z,gota-g003:v2,8cea4626-a0f1-4dd0-b066-58e6bd194ad3,Scott Smith,2,Lich,RedTeam,7643,2375,310.7418552924244,59,6,0,5,192.98704697108465,117.7548083213398,0.0,11,6,24,1
ereq_c3ecfd8d-1bb3-4ea2-9d0a-63c8131a4b57,2026-09-17T23:54:24.322955Z,red-kite:v34,a4590ed4-0b0c-4d86-8968-0844796f30e0,Andrew Brower,3,Warlock,RedTeam,7643,1025,134.10964281041475,29,2,0,1,94.85804003663483,39.25160277377993,0.0,4,2,24,1
ereq_c3ecfd8d-1bb3-4ea2-9d0a-63c8131a4b57,2026-09-17T23:54:24.322955Z,gota-g002:v1,a30542cb-54de-4109-92e6-bcabca7db4d8,Alex Smith,4,Berserker,RedTeam,7643,750,98.12900693444982,12,3,0,5,39.25160277377993,58.8774041606699,0.0,6,3,24,1
ereq_c3ecfd8d-1bb3-4ea2-9d0a-63c8131a4b57,2026-09-17T23:54:24.322955Z,aaron-gota-ir-coordinated-support-anchor-0916:v1,9cedf3ff-c7ce-4cff-897f-d48b44e049ad,Aaron's Co-play Coach,5,Vanguard Knight,BlueTeam,7643,1250,163.54834489074972,32,3,0,5,104.6709407300798,58.8774041606699,0.0,3,3,15,0
ereq_c3ecfd8d-1bb3-4ea2-9d0a-63c8131a4b57,2026-09-17T23:54:24.322955Z,khors:v1,fa00903c-0ba4-4eec-b20f-4c082550d80f,Andre von Auto,6,Ranger,BlueTeam,7643,1025,134.10964281041475,23,3,0,6,75.23223864974486,58.8774041606699,0.0,7,3,15,0
ereq_c3ecfd8d-1bb3-4ea2-9d0a-63c8131a4b57,2026-09-17T23:54:24.322955Z,Polyworld GOTA base.bas:v1,e8aed568-d03c-49bf-beaf-68c731f05d26,Andre von Houck,7,Arcanist,BlueTeam,7643,1450,189.71608007326967,22,6,0,6,71.96127175192987,117.7548083213398,0.0,8,5,15,0
ereq_c3ecfd8d-1bb3-4ea2-9d0a-63c8131a4b57,2026-09-17T23:54:24.322955Z,james-botts-gota:v13,40d72eea-ac61-44b0-aaf4-7828fbf30170,James Botts,8,Druid Warden,BlueTeam,7643,1725,225.6967159492346,69,0,0,3,225.6967159492346,0.0,0.0,3,0,15,0
ereq_c3ecfd8d-1bb3-4ea2-9d0a-63c8131a4b57,2026-09-17T23:54:24.322955Z,black-kite:v16,d10d7d74-40a7-4f6c-8838-e09729160349,Andrew Brower B,9,Demon Hunter,BlueTeam,7643,2300,300.92895459897943,78,1,2,4,255.13541802956954,19.625801386889965,26.16773518251995,3,1,15,0
ereq_5ceaa00a-66b7-47b4-a3b6-071d055096f6,2026-09-17T23:54:24.348252Z,relh-gods-of-the-arena:v154,99ff8b49-8bb6-4ee2-9204-ff24a8efda4e,relh,0,Death Knight,RedTeam,4070,425,104.42260442260442,17,0,0,2,104.42260442260442,0.0,0.0,0,0,8,0
ereq_5ceaa00a-66b7-47b4-a3b6-071d055096f6,2026-09-17T23:54:24.348252Z,red-kite:v34,a4590ed4-0b0c-4d86-8968-0844796f30e0,Andrew Brower,1,Crossbowman,RedTeam,4070,950,233.41523341523342,20,3,0,3,122.85012285012284,110.56511056511056,0.0,3,3,8,0
ereq_5ceaa00a-66b7-47b4-a3b6-071d055096f6,2026-09-17T23:54:24.348252Z,james-botts-gota:v13,40d72eea-ac61-44b0-aaf4-7828fbf30170,James Botts,2,Lich,RedTeam,4070,875,214.98771498771498,17,3,0,0,104.42260442260442,110.56511056511056,0.0,4,3,8,0
ereq_5ceaa00a-66b7-47b4-a3b6-071d055096f6,2026-09-17T23:54:24.348252Z,macromackie-gota:v4,1a78a3f9-8112-4c2c-831a-f0ffee8dbacc,macromackie,3,Warlock,RedTeam,4070,500,122.85012285012284,4,2,1,2,24.57002457002457,73.71007371007371,24.57002457002457,5,2,8,0
ereq_5ceaa00a-66b7-47b4-a3b6-071d055096f6,2026-09-17T23:54:24.348252Z,nancy-goa:v2,2777766f-4931-4fd9-83f2-44a3f509ede1,NanosaurusX,4,Berserker,RedTeam,4070,775,190.4176904176904,15,0,4,0,92.13759213759214,0.0,98.28009828009829,5,0,8,0
ereq_5ceaa00a-66b7-47b4-a3b6-071d055096f6,2026-09-17T23:54:24.348252Z,richard-gods-of-the-arena:v78,881a807d-68ab-4a62-9b6c-e98694cf0bc3,richard,5,Vanguard Knight,BlueTeam,4070,200,49.14004914004914,8,0,0,5,49.14004914004914,0.0,0.0,0,0,7,1
ereq_5ceaa00a-66b7-47b4-a3b6-071d055096f6,2026-09-17T23:54:24.348252Z,gota-codex-side-aware-team-secondary-20260917:v1,a7551ee6-ef55-48f0-81bc-d1ba68ca54c2,daveey-2,6,Ranger,BlueTeam,4070,775,190.4176904176904,19,2,0,1,116.70761670761671,73.71007371007371,0.0,3,2,7,1
ereq_5ceaa00a-66b7-47b4-a3b6-071d055096f6,2026-09-17T23:54:24.348252Z,aaron-gota-ir-perimeter-blue_repair-0916-aaron:v1,b64f1ccb-02e1-4ad5-b75b-f374222e9e9a,Aaron,7,Arcanist,BlueTeam,4070,825,202.7027027027027,19,1,2,1,116.70761670761671,36.85503685503686,49.14004914004914,3,1,7,1
ereq_5ceaa00a-66b7-47b4-a3b6-071d055096f6,2026-09-17T23:54:24.348252Z,Jordan-ply_bcb80069-fb0c-4ba5-a45c-06b647870aeb:v218,f1cf890b-42d5-4cca-98cc-782774a7e9a7,Jordan,8,Druid Warden,BlueTeam,4070,875,214.98771498771498,21,1,2,1,128.992628992629,36.85503685503686,49.14004914004914,4,1,7,1
ereq_5ceaa00a-66b7-47b4-a3b6-071d055096f6,2026-09-17T23:54:24.348252Z,black-kite:v16,d10d7d74-40a7-4f6c-8838-e09729160349,Andrew Brower B,9,Demon Hunter,BlueTeam,4070,2000,491.4004914004914,42,3,5,0,257.985257985258,110.56511056511056,122.85012285012284,3,3,7,1
ereq_6fe0bbd0-8a50-4355-9731-fe9daf9466af,2026-09-17T23:54:24.352484Z,gota-g002:v1,a30542cb-54de-4109-92e6-bcabca7db4d8,Alex Smith,0,Death Knight,RedTeam,17502,3750,214.2612272883099,80,11,1,11,114.27265455376528,94.27494000685635,5.713632727688264,22,11,68,0
ereq_6fe0bbd0-8a50-4355-9731-fe9daf9466af,2026-09-17T23:54:24.352484Z,gota-vanguard-rally-hold:v1,3ccd4955-3d9c-4c79-a243-e5dc12d650ad,daveey,1,Crossbowman,RedTeam,17502,4125,235.6873500171409,101,8,4,1,144.26922637412866,68.56359273225917,22.854530910753056,19,8,68,0
ereq_6fe0bbd0-8a50-4355-9731-fe9daf9466af,2026-09-17T23:54:24.352484Z,macromackie-gota:v4,1a78a3f9-8112-4c2c-831a-f0ffee8dbacc,macromackie,2,Lich,RedTeam,17502,2400,137.12718546451833,30,9,3,10,42.85224545766198,77.13404182379156,17.14089818306479,25,9,68,0
ereq_6fe0bbd0-8a50-4355-9731-fe9daf9466af,2026-09-17T23:54:24.352484Z,Jordan-ply_bcb80069-fb0c-4ba5-a45c-06b647870aeb:v218,f1cf890b-42d5-4cca-98cc-782774a7e9a7,Jordan,3,Warlock,RedTeam,17502,5125,292.8236772940235,77,20,2,7,109.98743000799908,171.40898183064792,11.427265455376528,29,20,68,0
ereq_6fe0bbd0-8a50-4355-9731-fe9daf9466af,2026-09-17T23:54:24.352484Z,aaron-gota-ir-perimeter-blue_repair-0916-aaron:v1,b64f1ccb-02e1-4ad5-b75b-f374222e9e9a,Aaron,4,Berserker,RedTeam,17502,5475,312.82139184093245,121,15,2,9,172.83739001256998,128.55673637298594,11.427265455376528,20,15,68,0
ereq_6fe0bbd0-8a50-4355-9731-fe9daf9466af,2026-09-17T23:54:24.352484Z,relh-gods-of-the-arena:v154,99ff8b49-8bb6-4ee2-9204-ff24a8efda4e,relh,5,Vanguard Knight,BlueTeam,17502,625,35.71020454805165,25,0,0,11,35.71020454805165,0.0,0.0,4,0,38,1
ereq_6fe0bbd0-8a50-4355-9731-fe9daf9466af,2026-09-17T23:54:24.352484Z,red-kite:v34,a4590ed4-0b0c-4d86-8968-0844796f30e0,Andrew Brower,6,Ranger,BlueTeam,17502,6850,391.3838418466461,162,16,4,7,231.4021254713747,137.12718546451833,22.854530910753056,18,16,38,1
ereq_6fe0bbd0-8a50-4355-9731-fe9daf9466af,2026-09-17T23:54:24.352484Z,daf-gota-v1:v1,e7d1ba41-3be1-4785-815d-b3c9ad8f46b9,docxology,7,Arcanist,BlueTeam,17502,2550,145.69763455605073,60,7,0,22,85.70449091532396,59.99314364072677,0.0,8,5,38,1
ereq_6fe0bbd0-8a50-4355-9731-fe9daf9466af,2026-09-17T23:54:24.352484Z,james-botts-gota:v13,40d72eea-ac61-44b0-aaf4-7828fbf30170,James Botts,8,Druid Warden,BlueTeam,17502,3025,172.83739001256998,109,2,0,4,155.6964918295052,17.14089818306479,0.0,2,2,38,1
ereq_6fe0bbd0-8a50-4355-9731-fe9daf9466af,2026-09-17T23:54:24.352484Z,richard-gods-of-the-arena:v78,881a807d-68ab-4a62-9b6c-e98694cf0bc3,richard,9,Demon Hunter,BlueTeam,17502,4800,274.25437092903667,122,11,1,24,174.26579819449205,94.27494000685635,5.713632727688264,13,11,38,1
ereq_e667f8a5-d54f-4e9b-8d28-4301b62e908e,2026-09-17T23:54:24.329794Z,aaron-gota-ir-perimeter-blue_repair-0916-aaron:v1,b64f1ccb-02e1-4ad5-b75b-f374222e9e9a,Aaron,0,Death Knight,RedTeam,9255,1250,135.06212857914642,28,3,1,8,75.634792004322,48.62236628849271,10.804970286331713,7,3,22,0
ereq_e667f8a5-d54f-4e9b-8d28-4301b62e908e,2026-09-17T23:54:24.329794Z,nancy-goa:v2,2777766f-4931-4fd9-83f2-44a3f509ede1,NanosaurusX,1,Crossbowman,RedTeam,9255,1450,156.67206915180984,28,5,0,6,75.634792004322,81.03727714748784,0.0,7,5,22,0
ereq_e667f8a5-d54f-4e9b-8d28-4301b62e908e,2026-09-17T23:54:24.329794Z,relh-gods-of-the-arena:v154,99ff8b49-8bb6-4ee2-9204-ff24a8efda4e,relh,2,Lich,RedTeam,9255,2250,243.11183144246354,78,2,0,8,210.6969205834684,32.414910858995135,0.0,5,2,22,0
ereq_e667f8a5-d54f-4e9b-8d28-4301b62e908e,2026-09-17T23:54:24.329794Z,Jordan-ply_bcb80069-fb0c-4ba5-a45c-06b647870aeb:v218,f1cf890b-42d5-4cca-98cc-782774a7e9a7,Jordan,3,Warlock,RedTeam,9255,1450,156.67206915180984,40,3,0,5,108.04970286331712,48.62236628849271,0.0,7,3,22,0
ereq_e667f8a5-d54f-4e9b-8d28-4301b62e908e,2026-09-17T23:54:24.329794Z,black-kite:v16,d10d7d74-40a7-4f6c-8838-e09729160349,Andrew Brower B,4,Berserker,RedTeam,9255,2475,267.4230145867099,53,7,1,2,143.1658562938952,113.45218800648298,10.804970286331713,8,7,22,0
ereq_e667f8a5-d54f-4e9b-8d28-4301b62e908e,2026-09-17T23:54:24.329794Z,macromackie-gota:v4,1a78a3f9-8112-4c2c-831a-f0ffee8dbacc,macromackie,5,Vanguard Knight,BlueTeam,9255,425,45.921123716909776,17,0,0,5,45.921123716909776,0.0,0.0,4,0,29,1
ereq_e667f8a5-d54f-4e9b-8d28-4301b62e908e,2026-09-17T23:54:24.329794Z,aaron-gota-ir-coordinated-support-anchor-0916:v1,9cedf3ff-c7ce-4cff-897f-d48b44e049ad,Aaron's Co-play Coach,6,Ranger,BlueTeam,9255,5150,556.4559697460832,56,19,9,2,151.269584008644,307.9416531604538,97.24473257698541,23,19,29,1
ereq_e667f8a5-d54f-4e9b-8d28-4301b62e908e,2026-09-17T23:54:24.329794Z,james-botts-gota:v13,40d72eea-ac61-44b0-aaf4-7828fbf30170,James Botts,7,Arcanist,BlueTeam,9255,1575,170.17828200972448,45,3,0,1,121.55591572123177,48.62236628849271,0.0,14,3,29,1
ereq_e667f8a5-d54f-4e9b-8d28-4301b62e908e,2026-09-17T23:54:24.329794Z,richard-gods-of-the-arena:v78,881a807d-68ab-4a62-9b6c-e98694cf0bc3,richard,8,Druid Warden,BlueTeam,9255,800,86.4397622906537,26,1,0,6,70.23230686115613,16.207455429497568,0.0,5,1,29,1
ereq_e667f8a5-d54f-4e9b-8d28-4301b62e908e,2026-09-17T23:54:24.329794Z,gota-g002:v1,a30542cb-54de-4109-92e6-bcabca7db4d8,Alex Smith,9,Demon Hunter,BlueTeam,9255,1850,199.89195029713667,34,6,1,8,91.84224743381955,97.24473257698541,10.804970286331713,10,6,29,1
ereq_c5418a74-a142-48fe-b93d-0a37a95fcdb6,2026-09-17T23:54:24.346041Z,macromackie-gota:v4,1a78a3f9-8112-4c2c-831a-f0ffee8dbacc,macromackie,0,Death Knight,RedTeam,12431,975,78.43294988335613,17,3,1,6,34.18872174402703,36.19982302308744,8.044405116241654,6,3,27,0
ereq_c5418a74-a142-48fe-b93d-0a37a95fcdb6,2026-09-17T23:54:24.346041Z,richard-gods-of-the-arena:v78,881a807d-68ab-4a62-9b6c-e98694cf0bc3,richard,1,Crossbowman,RedTeam,12431,1550,124.68827930174564,38,4,0,6,76.42184860429572,48.26643069744993,0.0,8,4,27,0
ereq_c5418a74-a142-48fe-b93d-0a37a95fcdb6,2026-09-17T23:54:24.346041Z,gota-g002:v1,a30542cb-54de-4109-92e6-bcabca7db4d8,Alex Smith,2,Lich,RedTeam,12431,3050,245.35435604537045,70,6,4,5,140.77708953422894,72.39964604617488,32.177620464966616,9,6,27,0
ereq_c5418a74-a142-48fe-b93d-0a37a95fcdb6,2026-09-17T23:54:24.346041Z,gota-g003:v2,8cea4626-a0f1-4dd0-b066-58e6bd194ad3,Scott Smith,3,Warlock,RedTeam,12431,1050,84.46625372053737,24,3,0,12,48.26643069744993,36.19982302308744,0.0,8,3,27,0
ereq_c5418a74-a142-48fe-b93d-0a37a95fcdb6,2026-09-17T23:54:24.346041Z,aaron-gota-ir-perimeter-blue_repair-0916-aaron:v1,b64f1ccb-02e1-4ad5-b75b-f374222e9e9a,Aaron,4,Berserker,RedTeam,12431,3575,287.58748290563915,75,8,5,5,150.832595929531,96.53286139489985,40.22202558120827,10,8,27,0
ereq_c5418a74-a142-48fe-b93d-0a37a95fcdb6,2026-09-17T23:54:24.346041Z,black-kite:v16,d10d7d74-40a7-4f6c-8838-e09729160349,Andrew Brower B,5,Vanguard Knight,BlueTeam,12431,475,38.21092430214786,19,0,0,6,38.21092430214786,0.0,0.0,2,0,34,1
ereq_c5418a74-a142-48fe-b93d-0a37a95fcdb6,2026-09-17T23:54:24.346041Z,Jordan-ply_bcb80069-fb0c-4ba5-a45c-06b647870aeb:v218,f1cf890b-42d5-4cca-98cc-782774a7e9a7,Jordan,6,Ranger,BlueTeam,12431,5575,448.47558523047223,115,16,3,4,231.27664709194755,193.0657227897997,24.133215348724963,17,16,34,1
ereq_c5418a74-a142-48fe-b93d-0a37a95fcdb6,2026-09-17T23:54:24.346041Z,aaron-gota-ir-coordinated-support-anchor-0916:v1,9cedf3ff-c7ce-4cff-897f-d48b44e049ad,Aaron's Co-play Coach,7,Arcanist,BlueTeam,12431,3300,265.4653688359746,48,14,0,7,96.53286139489985,168.93250744107473,0.0,17,14,34,1
ereq_c5418a74-a142-48fe-b93d-0a37a95fcdb6,2026-09-17T23:54:24.346041Z,relh-gods-of-the-arena:v154,99ff8b49-8bb6-4ee2-9204-ff24a8efda4e,relh,8,Druid Warden,BlueTeam,12431,1500,120.66607674362481,56,0,1,9,112.62167162738315,0.0,8.044405116241654,3,0,34,1
ereq_c5418a74-a142-48fe-b93d-0a37a95fcdb6,2026-09-17T23:54:24.346041Z,james-botts-gota:v13,40d72eea-ac61-44b0-aaf4-7828fbf30170,James Botts,9,Demon Hunter,BlueTeam,12431,2525,203.12122918510175,89,2,0,1,178.9880138363768,24.133215348724963,0.0,4,2,34,1
ereq_e7b80ea9-5536-47ca-a42c-f04068c438e4,2026-09-17T23:54:24.380285Z,relh-gods-of-the-arena:v154,99ff8b49-8bb6-4ee2-9204-ff24a8efda4e,relh,0,Death Knight,RedTeam,28800,3700,128.47222222222223,128,2,2,15,111.11111111111111,10.416666666666666,6.944444444444445,12,2,96,0
ereq_e7b80ea9-5536-47ca-a42c-f04068c438e4,2026-09-17T23:54:24.380285Z,gota-g002:v1,a30542cb-54de-4109-92e6-bcabca7db4d8,Alex Smith,1,Crossbowman,RedTeam,28800,6525,226.5625,95,27,1,15,82.46527777777777,140.625,3.4722222222222223,60,27,96,0
ereq_e7b80ea9-5536-47ca-a42c-f04068c438e4,2026-09-17T23:54:24.380285Z,richard-gods-of-the-arena:v78,881a807d-68ab-4a62-9b6c-e98694cf0bc3,richard,2,Lich,RedTeam,28800,9000,312.5,164,32,1,20,142.36111111111111,166.66666666666666,3.4722222222222223,52,32,96,0
ereq_e7b80ea9-5536-47ca-a42c-f04068c438e4,2026-09-17T23:54:24.380285Z,gota-vanguard-rally-hold:v1,3ccd4955-3d9c-4c79-a243-e5dc12d650ad,daveey,3,Warlock,RedTeam,28800,5200,180.55555555555554,132,12,1,9,114.58333333333333,62.5,3.4722222222222223,24,12,96,0
ereq_e7b80ea9-5536-47ca-a42c-f04068c438e4,2026-09-17T23:54:24.380285Z,Jordan-ply_bcb80069-fb0c-4ba5-a45c-06b647870aeb:v218,f1cf890b-42d5-4cca-98cc-782774a7e9a7,Jordan,4,Berserker,RedTeam,28800,4975,172.74305555555554,93,17,1,21,80.72916666666667,88.54166666666667,3.4722222222222223,39,17,96,0
ereq_e7b80ea9-5536-47ca-a42c-f04068c438e4,2026-09-17T23:54:24.380285Z,james-botts-gota:v13,40d72eea-ac61-44b0-aaf4-7828fbf30170,James Botts,5,Vanguard Knight,BlueTeam,28800,3325,115.45138888888889,133,0,0,8,115.45138888888889,0.0,0.0,1,0,80,0
ereq_e7b80ea9-5536-47ca-a42c-f04068c438e4,2026-09-17T23:54:24.380285Z,macromackie-gota:v4,1a78a3f9-8112-4c2c-831a-f0ffee8dbacc,macromackie,6,Ranger,BlueTeam,28800,7750,269.09722222222223,160,23,3,27,138.88888888888889,119.79166666666667,10.416666666666666,33,23,80,0
ereq_e7b80ea9-5536-47ca-a42c-f04068c438e4,2026-09-17T23:54:24.380285Z,aaron-gota-ir-coordinated-support-anchor-0916:v1,9cedf3ff-c7ce-4cff-897f-d48b44e049ad,Aaron's Co-play Coach,7,Arcanist,BlueTeam,28800,7400,256.94444444444446,128,24,6,7,111.11111111111111,125.0,20.833333333333332,29,24,80,0
ereq_e7b80ea9-5536-47ca-a42c-f04068c438e4,2026-09-17T23:54:24.380285Z,red-kite:v34,a4590ed4-0b0c-4d86-8968-0844796f30e0,Andrew Brower,8,Druid Warden,BlueTeam,28800,3875,134.54861111111111,97,9,1,28,84.20138888888889,46.875,3.4722222222222223,26,9,80,0
ereq_e7b80ea9-5536-47ca-a42c-f04068c438e4,2026-09-17T23:54:24.380285Z,gota-codex-side-aware-team-secondary-20260917:v1,a7551ee6-ef55-48f0-81bc-d1ba68ca54c2,daveey-2,9,Demon Hunter,BlueTeam,28800,6975,242.1875,159,20,0,26,138.02083333333334,104.16666666666667,0.0,28,20,80,0
ereq_a7cac771-035c-4194-bec8-2fdf35d97875,2026-09-17T23:54:24.317377Z,gota-codex-side-aware-team-secondary-20260917:v1,a7551ee6-ef55-48f0-81bc-d1ba68ca54c2,daveey-2,0,Death Knight,RedTeam,5895,550,93.29940627650551,18,0,1,1,76.33587786259542,0.0,16.963528413910094,6,0,16,0
ereq_a7cac771-035c-4194-bec8-2fdf35d97875,2026-09-17T23:54:24.317377Z,james-botts-gota:v13,40d72eea-ac61-44b0-aaf4-7828fbf30170,James Botts,1,Crossbowman,RedTeam,5895,1000,169.63528413910095,28,2,0,2,118.74469889737065,50.89058524173028,0.0,3,2,16,0
ereq_a7cac771-035c-4194-bec8-2fdf35d97875,2026-09-17T23:54:24.317377Z,Jordan-ply_bcb80069-fb0c-4ba5-a45c-06b647870aeb:v218,f1cf890b-42d5-4cca-98cc-782774a7e9a7,Jordan,2,Lich,RedTeam,5895,2675,453.774385072095,37,9,4,3,156.91263782866835,229.00763358778627,67.85411365564038,12,9,16,0
ereq_a7cac771-035c-4194-bec8-2fdf35d97875,2026-09-17T23:54:24.317377Z,black-kite:v16,d10d7d74-40a7-4f6c-8838-e09729160349,Andrew Brower B,3,Warlock,RedTeam,5895,1500,254.4529262086514,52,0,2,1,220.5258693808312,0.0,33.92705682782019,0,0,16,0
ereq_a7cac771-035c-4194-bec8-2fdf35d97875,2026-09-17T23:54:24.317377Z,red-kite:v34,a4590ed4-0b0c-4d86-8968-0844796f30e0,Andrew Brower,4,Berserker,RedTeam,5895,1175,199.3214588634436,29,3,0,4,122.98558100084817,76.33587786259542,0.0,9,3,16,0
ereq_a7cac771-035c-4194-bec8-2fdf35d97875,2026-09-17T23:54:24.317377Z,aaron-gota-ir-perimeter-blue_repair-0916-aaron:v1,b64f1ccb-02e1-4ad5-b75b-f374222e9e9a,Aaron,5,Vanguard Knight,BlueTeam,5895,200,33.92705682782019,8,0,0,3,33.92705682782019,0.0,0.0,0,0,11,1
ereq_a7cac771-035c-4194-bec8-2fdf35d97875,2026-09-17T23:54:24.317377Z,richard-gods-of-the-arena:v78,881a807d-68ab-4a62-9b6c-e98694cf0bc3,richard,6,Ranger,BlueTeam,5895,3175,538.5920271416454,59,8,5,1,250.21204410517387,203.5623409669211,84.81764206955047,9,8,11,1
ereq_a7cac771-035c-4194-bec8-2fdf35d97875,2026-09-17T23:54:24.317377Z,relh-gods-of-the-arena:v154,99ff8b49-8bb6-4ee2-9204-ff24a8efda4e,relh,7,Arcanist,BlueTeam,5895,500,84.81764206955047,12,0,2,1,50.89058524173028,0.0,33.92705682782019,1,0,11,1
ereq_a7cac771-035c-4194-bec8-2fdf35d97875,2026-09-17T23:54:24.317377Z,gota-g002:v1,a30542cb-54de-4109-92e6-bcabca7db4d8,Alex Smith,8,Druid Warden,BlueTeam,5895,250,42.40882103477524,4,1,0,4,16.963528413910094,25.44529262086514,0.0,3,1,11,1
ereq_a7cac771-035c-4194-bec8-2fdf35d97875,2026-09-17T23:54:24.317377Z,daf-gota-v1:v1,e7d1ba41-3be1-4785-815d-b3c9ad8f46b9,docxology,9,Demon Hunter,BlueTeam,5895,1050,178.11704834605598,30,2,0,7,127.2264631043257,50.89058524173028,0.0,3,2,11,1
ereq_054a32fd-f891-43db-9ece-c8b037d3243a,2026-09-17T23:54:24.341997Z,Jordan-ply_bcb80069-fb0c-4ba5-a45c-06b647870aeb:v218,f1cf890b-42d5-4cca-98cc-782774a7e9a7,Jordan,0,Death Knight,RedTeam,3258,250,76.7341927562922,10,0,0,3,76.7341927562922,0.0,0.0,0,0,3,0
ereq_054a32fd-f891-43db-9ece-c8b037d3243a,2026-09-17T23:54:24.341997Z,red-kite:v34,a4590ed4-0b0c-4d86-8968-0844796f30e0,Andrew Brower,1,Crossbowman,RedTeam,3258,850,260.89625537139347,34,0,0,0,260.89625537139347,0.0,0.0,0,0,3,0
ereq_054a32fd-f891-43db-9ece-c8b037d3243a,2026-09-17T23:54:24.341997Z,relh-gods-of-the-arena:v154,99ff8b49-8bb6-4ee2-9204-ff24a8efda4e,relh,2,Lich,RedTeam,3258,750,230.2025782688766,12,3,0,1,92.08103130755065,138.12154696132598,0.0,3,3,3,0
ereq_054a32fd-f891-43db-9ece-c8b037d3243a,2026-09-17T23:54:24.341997Z,macromackie-gota:v4,1a78a3f9-8112-4c2c-831a-f0ffee8dbacc,macromackie,3,Warlock,RedTeam,3258,275,84.40761203192143,11,0,0,2,84.40761203192143,0.0,0.0,0,0,3,0
ereq_054a32fd-f891-43db-9ece-c8b037d3243a,2026-09-17T23:54:24.341997Z,james-botts-gota:v13,40d72eea-ac61-44b0-aaf4-7828fbf30170,James Botts,4,Berserker,RedTeam,3258,0,0.0,0,0,0,1,0.0,0.0,0.0,1,0,3,0
ereq_054a32fd-f891-43db-9ece-c8b037d3243a,2026-09-17T23:54:24.341997Z,gota-g003:v2,8cea4626-a0f1-4dd0-b066-58e6bd194ad3,Scott Smith,5,Vanguard Knight,BlueTeam,3258,700,214.85573971761818,10,1,3,0,76.7341927562922,46.04051565377532,92.08103130755065,4,1,7,1
ereq_054a32fd-f891-43db-9ece-c8b037d3243a,2026-09-17T23:54:24.341997Z,aaron-gota-ir-perimeter-blue_repair-0916-aaron:v1,b64f1ccb-02e1-4ad5-b75b-f374222e9e9a,Aaron,6,Ranger,BlueTeam,3258,1375,422.03806015960714,31,2,3,0,237.87599754450582,92.08103130755065,92.08103130755065,2,2,7,1
ereq_054a32fd-f891-43db-9ece-c8b037d3243a,2026-09-17T23:54:24.341997Z,richard-gods-of-the-arena:v78,881a807d-68ab-4a62-9b6c-e98694cf0bc3,richard,7,Arcanist,BlueTeam,3258,1100,337.6304481276857,24,2,2,0,184.1620626151013,92.08103130755065,61.387354205033766,4,2,7,1
ereq_054a32fd-f891-43db-9ece-c8b037d3243a,2026-09-17T23:54:24.341997Z,gota-g002:v1,a30542cb-54de-4109-92e6-bcabca7db4d8,Alex Smith,8,Druid Warden,BlueTeam,3258,175,53.713934929404545,1,1,0,2,7.673419275629221,46.04051565377532,0.0,4,1,7,1
ereq_054a32fd-f891-43db-9ece-c8b037d3243a,2026-09-17T23:54:24.341997Z,aaron-gota-ir-coordinated-support-anchor-0916:v1,9cedf3ff-c7ce-4cff-897f-d48b44e049ad,Aaron's Co-play Coach,9,Demon Hunter,BlueTeam,3258,500,153.4683855125844,6,1,2,1,46.04051565377532,46.04051565377532,61.387354205033766,2,1,7,1
ereq_93328e79-4a5c-43f2-9064-e435732a1c96,2026-09-17T23:54:24.382330Z,macromackie-gota:v4,1a78a3f9-8112-4c2c-831a-f0ffee8dbacc,macromackie,0,Death Knight,RedTeam,9807,1575,160.59957173447538,35,2,4,4,89.22198429693077,30.59039461609055,40.78719282145406,12,2,40,1
ereq_93328e79-4a5c-43f2-9064-e435732a1c96,2026-09-17T23:54:24.382330Z,Jordan-ply_bcb80069-fb0c-4ba5-a45c-06b647870aeb:v218,f1cf890b-42d5-4cca-98cc-782774a7e9a7,Jordan,1,Crossbowman,RedTeam,9807,5000,509.8399102681758,60,22,2,2,152.95197308045275,336.494340776996,20.39359641072703,26,22,40,1
ereq_93328e79-4a5c-43f2-9064-e435732a1c96,2026-09-17T23:54:24.382330Z,aaron-gota-ir-coordinated-support-anchor-0916:v1,9cedf3ff-c7ce-4cff-897f-d48b44e049ad,Aaron's Co-play Coach,2,Lich,RedTeam,9807,4475,456.30671969001736,81,11,8,2,206.48516365861119,168.247170388498,81.57438564290813,14,11,40,1
ereq_93328e79-4a5c-43f2-9064-e435732a1c96,2026-09-17T23:54:24.382330Z,relh-gods-of-the-arena:v154,99ff8b49-8bb6-4ee2-9204-ff24a8efda4e,relh,3,Warlock,RedTeam,9807,1075,109.6155807076578,21,3,1,5,53.53319057815846,45.885591924135824,10.196798205363516,8,3,40,1
ereq_93328e79-4a5c-43f2-9064-e435732a1c96,2026-09-17T23:54:24.382330Z,gota-codex-side-aware-team-secondary-20260917:v1,a7551ee6-ef55-48f0-81bc-d1ba68ca54c2,daveey-2,4,Berserker,RedTeam,9807,525,53.53319057815846,9,2,0,6,22.942795962067912,30.59039461609055,0.0,4,2,40,1
ereq_93328e79-4a5c-43f2-9064-e435732a1c96,2026-09-17T23:54:24.382330Z,black-kite:v16,d10d7d74-40a7-4f6c-8838-e09729160349,Andrew Brower B,5,Vanguard Knight,BlueTeam,9807,1150,117.26317936168043,46,0,0,7,117.26317936168043,0.0,0.0,0,0,19,0
ereq_93328e79-4a5c-43f2-9064-e435732a1c96,2026-09-17T23:54:24.382330Z,richard-gods-of-the-arena:v78,881a807d-68ab-4a62-9b6c-e98694cf0bc3,richard,6,Ranger,BlueTeam,9807,2000,203.9359641072703,68,2,0,11,173.34556949117976,30.59039461609055,0.0,10,2,19,0
ereq_93328e79-4a5c-43f2-9064-e435732a1c96,2026-09-17T23:54:24.382330Z,red-kite:v34,a4590ed4-0b0c-4d86-8968-0844796f30e0,Andrew Brower,7,Arcanist,BlueTeam,9807,1525,155.50117263179362,25,6,0,10,63.729988783521975,91.77118384827165,0.0,12,6,19,0
ereq_93328e79-4a5c-43f2-9064-e435732a1c96,2026-09-17T23:54:24.382330Z,james-botts-gota:v13,40d72eea-ac61-44b0-aaf4-7828fbf30170,James Botts,8,Druid Warden,BlueTeam,9807,2100,214.13276231263384,84,0,0,4,214.13276231263384,0.0,0.0,1,0,19,0
ereq_93328e79-4a5c-43f2-9064-e435732a1c96,2026-09-17T23:54:24.382330Z,aaron-gota-ir-perimeter-blue_repair-0916-aaron:v1,b64f1ccb-02e1-4ad5-b75b-f374222e9e9a,Aaron,9,Demon Hunter,BlueTeam,9807,2275,231.97715917201998,39,8,1,8,99.41878250229428,122.3615784643622,10.196798205363516,9,8,19,0
ereq_d3dd9e58-d8f5-455e-8836-f3884b29ad7a,2026-09-17T23:54:24.369344Z,james-botts-gota:v13,40d72eea-ac61-44b0-aaf4-7828fbf30170,James Botts,0,Death Knight,RedTeam,3376,375,111.0781990521327,15,0,0,1,111.0781990521327,0.0,0.0,0,0,5,1
ereq_d3dd9e58-d8f5-455e-8836-f3884b29ad7a,2026-09-17T23:54:24.369344Z,gota-g002:v1,a30542cb-54de-4109-92e6-bcabca7db4d8,Alex Smith,1,Crossbowman,RedTeam,3376,625,185.13033175355451,13,0,3,0,96.26777251184834,0.0,88.86255924170617,2,0,5,1
ereq_d3dd9e58-d8f5-455e-8836-f3884b29ad7a,2026-09-17T23:54:24.369344Z,khors:v1,fa00903c-0ba4-4eec-b20f-4c082550d80f,Andre von Auto,2,Lich,RedTeam,3376,250,74.0521327014218,10,0,0,1,74.0521327014218,0.0,0.0,0,0,5,1
ereq_d3dd9e58-d8f5-455e-8836-f3884b29ad7a,2026-09-17T23:54:24.369344Z,richard-gods-of-the-arena:v78,881a807d-68ab-4a62-9b6c-e98694cf0bc3,richard,3,Warlock,RedTeam,3376,675,199.94075829383885,11,2,1,0,81.45734597156398,88.86255924170617,29.620853080568722,2,2,5,1
ereq_d3dd9e58-d8f5-455e-8836-f3884b29ad7a,2026-09-17T23:54:24.369344Z,red-kite:v34,a4590ed4-0b0c-4d86-8968-0844796f30e0,Andrew Brower,4,Berserker,RedTeam,3376,250,74.0521327014218,10,0,0,2,74.0521327014218,0.0,0.0,0,0,5,1
ereq_d3dd9e58-d8f5-455e-8836-f3884b29ad7a,2026-09-17T23:54:24.369344Z,macromackie-gota:v4,1a78a3f9-8112-4c2c-831a-f0ffee8dbacc,macromackie,5,Vanguard Knight,BlueTeam,3376,375,111.0781990521327,15,0,0,2,111.0781990521327,0.0,0.0,0,0,4,0
ereq_d3dd9e58-d8f5-455e-8836-f3884b29ad7a,2026-09-17T23:54:24.369344Z,aaron-gota-ir-perimeter-blue_repair-0916-aaron:v1,b64f1ccb-02e1-4ad5-b75b-f374222e9e9a,Aaron,6,Ranger,BlueTeam,3376,1050,311.01895734597156,30,2,0,0,222.1563981042654,88.86255924170617,0.0,2,2,4,0
ereq_d3dd9e58-d8f5-455e-8836-f3884b29ad7a,2026-09-17T23:54:24.369344Z,aaron-gota-ir-coordinated-support-anchor-0916:v1,9cedf3ff-c7ce-4cff-897f-d48b44e049ad,Aaron's Co-play Coach,7,Arcanist,BlueTeam,3376,1550,459.1232227488152,36,1,5,0,266.5876777251185,44.43127962085308,148.1042654028436,1,1,4,0
ereq_d3dd9e58-d8f5-455e-8836-f3884b29ad7a,2026-09-17T23:54:24.369344Z,relh-gods-of-the-arena:v154,99ff8b49-8bb6-4ee2-9204-ff24a8efda4e,relh,8,Druid Warden,BlueTeam,3376,225,66.64691943127963,9,0,0,2,66.64691943127963,0.0,0.0,1,0,4,0
ereq_d3dd9e58-d8f5-455e-8836-f3884b29ad7a,2026-09-17T23:54:24.369344Z,gota-codex-side-aware-team-secondary-20260917:v1,a7551ee6-ef55-48f0-81bc-d1ba68ca54c2,daveey-2,9,Demon Hunter,BlueTeam,3376,375,111.0781990521327,11,0,1,1,81.45734597156398,0.0,29.620853080568722,1,0,4,0
ereq_226e794a-18b5-48a5-8c43-ca121c79bdb7,2026-09-17T23:54:24.372815Z,aaron-gota-ir-perimeter-blue_repair-0916-aaron:v1,b64f1ccb-02e1-4ad5-b75b-f374222e9e9a,Aaron,0,Death Knight,RedTeam,11716,3450,294.46910208262204,54,10,6,3,115.22703994537385,128.03004438374873,51.21201775349949,11,10,37,0
ereq_226e794a-18b5-48a5-8c43-ca121c79bdb7,2026-09-17T23:54:24.372815Z,aaron-gota-ir-coordinated-support-anchor-0916:v1,9cedf3ff-c7ce-4cff-897f-d48b44e049ad,Aaron's Co-play Coach,1,Crossbowman,RedTeam,11716,5475,467.3096620006828,115,12,8,3,245.39091840218504,153.63605326049847,68.28269033799931,16,12,37,0
ereq_226e794a-18b5-48a5-8c43-ca121c79bdb7,2026-09-17T23:54:24.372815Z,relh-gods-of-the-arena:v154,99ff8b49-8bb6-4ee2-9204-ff24a8efda4e,relh,2,Lich,RedTeam,11716,1525,130.1638784568112,45,2,1,8,96.02253328781154,25.606008876749744,8.535336292249914,5,2,37,0
ereq_226e794a-18b5-48a5-8c43-ca121c79bdb7,2026-09-17T23:54:24.372815Z,richard-gods-of-the-arena:v78,881a807d-68ab-4a62-9b6c-e98694cf0bc3,richard,3,Warlock,RedTeam,11716,2075,177.10822806418574,59,4,0,12,125.89621031068624,51.21201775349949,0.0,6,4,37,0
ereq_226e794a-18b5-48a5-8c43-ca121c79bdb7,2026-09-17T23:54:24.372815Z,black-kite:v16,d10d7d74-40a7-4f6c-8838-e09729160349,Andrew Brower B,4,Berserker,RedTeam,11716,1625,138.6992147490611,23,7,0,13,49.07818368043701,89.6210310686241,0.0,9,7,37,0
ereq_226e794a-18b5-48a5-8c43-ca121c79bdb7,2026-09-17T23:54:24.372815Z,james-botts-gota:v13,40d72eea-ac61-44b0-aaf4-7828fbf30170,James Botts,5,Vanguard Knight,BlueTeam,11716,1425,121.62854216456128,57,0,0,5,121.62854216456128,0.0,0.0,2,0,39,1
ereq_226e794a-18b5-48a5-8c43-ca121c79bdb7,2026-09-17T23:54:24.372815Z,gota-g002:v1,a30542cb-54de-4109-92e6-bcabca7db4d8,Alex Smith,6,Ranger,BlueTeam,11716,4525,386.22396722430864,73,16,3,6,155.76988733356094,204.84807101399795,25.606008876749744,20,16,39,1
ereq_226e794a-18b5-48a5-8c43-ca121c79bdb7,2026-09-17T23:54:24.372815Z,gota-g003:v2,8cea4626-a0f1-4dd0-b066-58e6bd194ad3,Scott Smith,7,Arcanist,BlueTeam,11716,2475,211.2495732331854,57,7,0,10,121.62854216456128,89.6210310686241,0.0,9,7,39,1
ereq_226e794a-18b5-48a5-8c43-ca121c79bdb7,2026-09-17T23:54:24.372815Z,Jordan-ply_bcb80069-fb0c-4ba5-a45c-06b647870aeb:v218,f1cf890b-42d5-4cca-98cc-782774a7e9a7,Jordan,8,Druid Warden,BlueTeam,11716,1275,108.82553772618641,37,1,2,7,78.95186070331171,12.803004438374872,17.070672584499828,9,1,39,1
ereq_226e794a-18b5-48a5-8c43-ca121c79bdb7,2026-09-17T23:54:24.372815Z,red-kite:v34,a4590ed4-0b0c-4d86-8968-0844796f30e0,Andrew Brower,9,Demon Hunter,BlueTeam,11716,4675,399.02697166268354,97,15,0,9,206.98190508706043,192.04506657562308,0.0,18,15,39,1
ereq_8341ffc1-a755-481a-bc52-16c44b81ca2f,2026-09-17T23:54:24.380972Z,black-kite:v16,d10d7d74-40a7-4f6c-8838-e09729160349,Andrew Brower B,0,Death Knight,RedTeam,19980,5175,259.009009009009,117,13,3,10,146.3963963963964,97.5975975975976,15.015015015015015,22,13,50,0
ereq_8341ffc1-a755-481a-bc52-16c44b81ca2f,2026-09-17T23:54:24.380972Z,red-kite:v34,a4590ed4-0b0c-4d86-8968-0844796f30e0,Andrew Brower,1,Crossbowman,RedTeam,19980,3675,183.93393393393393,75,12,0,14,93.84384384384384,90.09009009009009,0.0,18,12,50,0
ereq_8341ffc1-a755-481a-bc52-16c44b81ca2f,2026-09-17T23:54:24.380972Z,richard-gods-of-the-arena:v78,881a807d-68ab-4a62-9b6c-e98694cf0bc3,richard,2,Lich,RedTeam,19980,5175,259.009009009009,129,13,0,17,161.41141141141142,97.5975975975976,0.0,21,13,50,0
ereq_8341ffc1-a755-481a-bc52-16c44b81ca2f,2026-09-17T23:54:24.380972Z,macromackie-gota:v4,1a78a3f9-8112-4c2c-831a-f0ffee8dbacc,macromackie,3,Warlock,RedTeam,19980,1675,83.83383383383384,45,3,1,19,56.306306306306304,22.52252252252252,5.005005005005005,20,3,50,0
ereq_8341ffc1-a755-481a-bc52-16c44b81ca2f,2026-09-17T23:54:24.380972Z,aaron-gota-ir-coordinated-support-anchor-0916:v1,9cedf3ff-c7ce-4cff-897f-d48b44e049ad,Aaron's Co-play Coach,4,Berserker,RedTeam,19980,3350,167.66766766766767,80,7,3,12,100.10010010010011,52.552552552552555,15.015015015015015,15,7,50,0
ereq_8341ffc1-a755-481a-bc52-16c44b81ca2f,2026-09-17T23:54:24.380972Z,gota-g002:v1,a30542cb-54de-4109-92e6-bcabca7db4d8,Alex Smith,5,Vanguard Knight,BlueTeam,19980,4250,212.71271271271272,80,15,0,15,100.10010010010011,112.61261261261261,0.0,21,15,72,1
ereq_8341ffc1-a755-481a-bc52-16c44b81ca2f,2026-09-17T23:54:24.380972Z,james-botts-gota:v13,40d72eea-ac61-44b0-aaf4-7828fbf30170,James Botts,6,Ranger,BlueTeam,19980,2375,118.86886886886887,71,4,0,2,88.83883883883884,30.03003003003003,0.0,13,4,72,1
ereq_8341ffc1-a755-481a-bc52-16c44b81ca2f,2026-09-17T23:54:24.380972Z,Jordan-ply_bcb80069-fb0c-4ba5-a45c-06b647870aeb:v218,f1cf890b-42d5-4cca-98cc-782774a7e9a7,Jordan,7,Arcanist,BlueTeam,19980,3875,193.94394394394394,63,14,2,12,78.82882882882883,105.10510510510511,10.01001001001001,21,14,72,1
ereq_8341ffc1-a755-481a-bc52-16c44b81ca2f,2026-09-17T23:54:24.380972Z,gota-vanguard-rally-hold:v1,3ccd4955-3d9c-4c79-a243-e5dc12d650ad,daveey,8,Druid Warden,BlueTeam,19980,3700,185.1851851851852,106,7,0,12,132.63263263263264,52.552552552552555,0.0,21,7,72,1
ereq_8341ffc1-a755-481a-bc52-16c44b81ca2f,2026-09-17T23:54:24.380972Z,aaron-gota-ir-perimeter-blue_repair-0916-aaron:v1,b64f1ccb-02e1-4ad5-b75b-f374222e9e9a,Aaron,9,Demon Hunter,BlueTeam,19980,8475,424.1741741741742,107,32,10,9,133.8838838838839,240.24024024024024,50.050050050050054,36,32,72,1
ereq_1d191d15-69f7-42af-902b-7ae00a523386,2026-09-17T23:54:24.376352Z,james-botts-gota:v13,40d72eea-ac61-44b0-aaf4-7828fbf30170,James Botts,0,Death Knight,RedTeam,4847,825,170.20837631524654,33,0,0,1,170.20837631524654,0.0,0.0,4,0,8,0
ereq_1d191d15-69f7-42af-902b-7ae00a523386,2026-09-17T23:54:24.376352Z,nancy-goa:v2,2777766f-4931-4fd9-83f2-44a3f509ede1,NanosaurusX,1,Crossbowman,RedTeam,4847,1000,206.31318341242005,34,1,0,1,175.36620590055705,30.946977511863007,0.0,3,1,8,0
ereq_1d191d15-69f7-42af-902b-7ae00a523386,2026-09-17T23:54:24.376352Z,macromackie-gota:v4,1a78a3f9-8112-4c2c-831a-f0ffee8dbacc,macromackie,2,Lich,RedTeam,4847,400,82.52527336496802,8,0,2,2,41.26263668248401,0.0,41.26263668248401,2,0,8,0
ereq_1d191d15-69f7-42af-902b-7ae00a523386,2026-09-17T23:54:24.376352Z,black-kite:v16,d10d7d74-40a7-4f6c-8838-e09729160349,Andrew Brower B,3,Warlock,RedTeam,4847,1425,293.9962863626986,45,0,3,0,232.10233133897256,0.0,61.893955023726015,0,0,8,0
ereq_1d191d15-69f7-42af-902b-7ae00a523386,2026-09-17T23:54:24.376352Z,gota-g003:v2,8cea4626-a0f1-4dd0-b066-58e6bd194ad3,Scott Smith,4,Berserker,RedTeam,4847,1625,335.2589230451826,25,6,1,2,128.94573963276252,185.68186507117804,20.631318341242004,8,6,8,0
ereq_1d191d15-69f7-42af-902b-7ae00a523386,2026-09-17T23:54:24.376352Z,gota-codex-side-aware-team-secondary-20260917:v1,a7551ee6-ef55-48f0-81bc-d1ba68ca54c2,daveey-2,5,Vanguard Knight,BlueTeam,4847,150,30.946977511863007,6,0,0,1,30.946977511863007,0.0,0.0,1,0,6,1
ereq_1d191d15-69f7-42af-902b-7ae00a523386,2026-09-17T23:54:24.376352Z,gota-vanguard-rally-hold:v1,3ccd4955-3d9c-4c79-a243-e5dc12d650ad,daveey,6,Ranger,BlueTeam,4847,1375,283.68062719207757,29,3,2,2,149.57705797400453,92.84093253558902,41.26263668248401,3,3,6,1
ereq_1d191d15-69f7-42af-902b-7ae00a523386,2026-09-17T23:54:24.376352Z,richard-gods-of-the-arena:v78,881a807d-68ab-4a62-9b6c-e98694cf0bc3,richard,7,Arcanist,BlueTeam,4847,1050,216.62884258304106,18,2,3,2,92.84093253558902,61.893955023726015,61.893955023726015,3,2,6,1
ereq_1d191d15-69f7-42af-902b-7ae00a523386,2026-09-17T23:54:24.376352Z,aaron-gota-ir-perimeter-blue_repair-0916-aaron:v1,b64f1ccb-02e1-4ad5-b75b-f374222e9e9a,Aaron,8,Druid Warden,BlueTeam,4847,450,92.84093253558902,6,0,3,1,30.946977511863007,0.0,61.893955023726015,2,0,6,1
ereq_1d191d15-69f7-42af-902b-7ae00a523386,2026-09-17T23:54:24.376352Z,Jordan-ply_bcb80069-fb0c-4ba5-a45c-06b647870aeb:v218,f1cf890b-42d5-4cca-98cc-782774a7e9a7,Jordan,9,Demon Hunter,BlueTeam,4847,1050,216.62884258304106,32,1,1,2,165.05054672993603,30.946977511863007,20.631318341242004,1,1,6,1
ereq_dfeaa609-0bf1-4677-89e2-734cc7c1ad53,2026-09-17T23:54:24.336211Z,aaron-gota-ir-coordinated-support-anchor-0916:v1,9cedf3ff-c7ce-4cff-897f-d48b44e049ad,Aaron's Co-play Coach,0,Death Knight,RedTeam,21939,4275,194.85847121564336,109,7,5,8,124.20803135967911,47.85997538629837,22.790464469665892,9,7,62,0
ereq_dfeaa609-0bf1-4677-89e2-734cc7c1ad53,2026-09-17T23:54:24.336211Z,daf-gota-v1:v1,e7d1ba41-3be1-4785-815d-b3c9ad8f46b9,docxology,1,Crossbowman,RedTeam,21939,6300,287.15985231779024,146,17,1,14,166.370390628561,116.23136879529605,4.558092893933178,22,17,62,0
ereq_dfeaa609-0bf1-4677-89e2-734cc7c1ad53,2026-09-17T23:54:24.336211Z,red-kite:v34,a4590ed4-0b0c-4d86-8968-0844796f30e0,Andrew Brower,2,Lich,RedTeam,21939,5250,239.29987693149187,116,15,1,14,132.18469392406217,102.55709011349651,4.558092893933178,26,15,62,0
ereq_dfeaa609-0bf1-4677-89e2-734cc7c1ad53,2026-09-17T23:54:24.336211Z,richard-gods-of-the-arena:v78,881a807d-68ab-4a62-9b6c-e98694cf0bc3,richard,3,Warlock,RedTeam,21939,3475,158.39372806417794,79,10,0,19,90.02233465518027,68.37139340899768,0.0,17,10,62,0
ereq_dfeaa609-0bf1-4677-89e2-734cc7c1ad53,2026-09-17T23:54:24.336211Z,Jordan-ply_bcb80069-fb0c-4ba5-a45c-06b647870aeb:v218,f1cf890b-42d5-4cca-98cc-782774a7e9a7,Jordan,4,Berserker,RedTeam,21939,3125,142.4404029354118,65,10,0,19,74.06900952641415,68.37139340899768,0.0,16,10,62,0
ereq_dfeaa609-0bf1-4677-89e2-734cc7c1ad53,2026-09-17T23:54:24.336211Z,gota-g002:v1,a30542cb-54de-4109-92e6-bcabca7db4d8,Alex Smith,5,Vanguard Knight,BlueTeam,21939,4300,195.99799443912667,54,19,1,17,61.53425406809791,129.90564747709558,4.558092893933178,36,19,74,1
ereq_dfeaa609-0bf1-4677-89e2-734cc7c1ad53,2026-09-17T23:54:24.336211Z,james-botts-gota:v13,40d72eea-ac61-44b0-aaf4-7828fbf30170,James Botts,6,Ranger,BlueTeam,21939,4425,201.69561055654313,153,4,0,1,174.34705319294406,27.34855736359907,0.0,8,4,74,1
ereq_dfeaa609-0bf1-4677-89e2-734cc7c1ad53,2026-09-17T23:54:24.336211Z,macromackie-gota:v4,1a78a3f9-8112-4c2c-831a-f0ffee8dbacc,macromackie,7,Arcanist,BlueTeam,21939,6175,281.46223620037375,93,25,1,17,105.9756597839464,170.9284835224942,4.558092893933178,33,25,74,1
ereq_dfeaa609-0bf1-4677-89e2-734cc7c1ad53,2026-09-17T23:54:24.336211Z,aaron-gota-ir-perimeter-blue_repair-0916-aaron:v1,b64f1ccb-02e1-4ad5-b75b-f374222e9e9a,Aaron,8,Druid Warden,BlueTeam,21939,3575,162.9518209581111,45,11,8,11,51.27854505674826,75.20853274989744,36.46474315146543,21,11,74,1
ereq_dfeaa609-0bf1-4677-89e2-734cc7c1ad53,2026-09-17T23:54:24.336211Z,games-bond-gota:v6,58af3f96-f479-4fc3-b777-276e53f48b06,Games Bond,9,Demon Hunter,BlueTeam,21939,2075,94.58042754911345,11,12,0,16,12.53475545831624,82.04567209079721,0.0,21,12,74,1
ereq_a37aa000-1183-4a48-9d48-ad73f59237b6,2026-09-17T23:54:24.367082Z,macromackie-gota:v4,1a78a3f9-8112-4c2c-831a-f0ffee8dbacc,macromackie,0,Death Knight,RedTeam,25496,4375,171.59554439912142,121,9,0,24,118.64606212739253,52.9494822717289,0.0,20,9,50,1
ereq_a37aa000-1183-4a48-9d48-ad73f59237b6,2026-09-17T23:54:24.367082Z,gota-vanguard-rally-hold:v1,3ccd4955-3d9c-4c79-a243-e5dc12d650ad,daveey,1,Crossbowman,RedTeam,25496,3800,149.0429871352369,98,9,0,25,96.093504863508,52.9494822717289,0.0,21,9,50,1
ereq_a37aa000-1183-4a48-9d48-ad73f59237b6,2026-09-17T23:54:24.367082Z,richard-gods-of-the-arena:v78,881a807d-68ab-4a62-9b6c-e98694cf0bc3,richard,2,Lich,RedTeam,25496,4775,187.2842798870411,113,13,0,27,110.80169438343269,76.4825855036084,0.0,24,13,50,1
ereq_a37aa000-1183-4a48-9d48-ad73f59237b6,2026-09-17T23:54:24.367082Z,gota-codex-side-aware-team-secondary-20260917:v1,a7551ee6-ef55-48f0-81bc-d1ba68ca54c2,daveey-2,3,Warlock,RedTeam,25496,1400,54.91057420771886,32,4,0,28,31.377470975839348,23.53310323187951,0.0,18,4,50,1
ereq_a37aa000-1183-4a48-9d48-ad73f59237b6,2026-09-17T23:54:24.367082Z,black-kite:v16,d10d7d74-40a7-4f6c-8838-e09729160349,Andrew Brower B,4,Berserker,RedTeam,25496,6125,240.23376215877,153,14,2,20,150.02353310323187,82.36586131157829,7.844367743959837,17,14,50,1
ereq_a37aa000-1183-4a48-9d48-ad73f59237b6,2026-09-17T23:54:24.367082Z,red-kite:v34,a4590ed4-0b0c-4d86-8968-0844796f30e0,Andrew Brower,5,Vanguard Knight,BlueTeam,25496,4875,191.20646375902103,137,9,1,11,134.3347976153122,52.9494822717289,3.9221838719799185,22,9,124,0
ereq_a37aa000-1183-4a48-9d48-ad73f59237b6,2026-09-17T23:54:24.367082Z,gota-g003:v2,8cea4626-a0f1-4dd0-b066-58e6bd194ad3,Scott Smith,6,Ranger,BlueTeam,25496,12675,497.1368057734547,159,58,0,7,155.90680891120175,341.2299968622529,0.0,79,58,124,0
ereq_a37aa000-1183-4a48-9d48-ad73f59237b6,2026-09-17T23:54:24.367082Z,james-botts-gota:v13,40d72eea-ac61-44b0-aaf4-7828fbf30170,James Botts,7,Arcanist,BlueTeam,25496,5425,212.7784750549106,97,20,0,1,95.11295889551302,117.66551615939755,0.0,80,20,124,0
ereq_a37aa000-1183-4a48-9d48-ad73f59237b6,2026-09-17T23:54:24.367082Z,nancy-goa:v2,2777766f-4931-4fd9-83f2-44a3f509ede1,NanosaurusX,8,Druid Warden,BlueTeam,25496,2825,110.80169438343269,83,5,0,14,81.3853153435833,29.41637903984939,0.0,34,5,124,0
ereq_a37aa000-1183-4a48-9d48-ad73f59237b6,2026-09-17T23:54:24.367082Z,aaron-gota-ir-coordinated-support-anchor-0916:v1,9cedf3ff-c7ce-4cff-897f-d48b44e049ad,Aaron's Co-play Coach,9,Demon Hunter,BlueTeam,25496,7750,303.9692500784437,92,31,8,17,90.21022905553812,182.3815500470662,31.377470975839348,55,31,124,0
ereq_7bbae7d3-9917-4268-85d4-b65eea9fb4cc,2026-09-17T23:54:24.375670Z,black-kite:v16,d10d7d74-40a7-4f6c-8838-e09729160349,Andrew Brower B,0,Death Knight,RedTeam,10752,675,62.779017857142854,27,0,0,6,62.779017857142854,0.0,0.0,0,0,27,0
ereq_7bbae7d3-9917-4268-85d4-b65eea9fb4cc,2026-09-17T23:54:24.375670Z,richard-gods-of-the-arena:v78,881a807d-68ab-4a62-9b6c-e98694cf0bc3,richard,1,Crossbowman,RedTeam,10752,3475,323.1956845238095,71,10,2,8,165.08556547619048,139.50892857142858,18.601190476190474,13,10,27,0
ereq_7bbae7d3-9917-4268-85d4-b65eea9fb4cc,2026-09-17T23:54:24.375670Z,aaron-gota-ir-perimeter-blue_repair-0916-aaron:v1,b64f1ccb-02e1-4ad5-b75b-f374222e9e9a,Aaron,2,Lich,RedTeam,10752,5100,474.33035714285717,104,12,7,4,241.8154761904762,167.41071428571428,65.10416666666667,12,12,27,0
ereq_7bbae7d3-9917-4268-85d4-b65eea9fb4cc,2026-09-17T23:54:24.375670Z,daf-gota-v1:v1,e7d1ba41-3be1-4785-815d-b3c9ad8f46b9,docxology,3,Warlock,RedTeam,10752,1175,109.28199404761905,29,3,0,13,67.42931547619048,41.85267857142857,0.0,10,3,27,0
ereq_7bbae7d3-9917-4268-85d4-b65eea9fb4cc,2026-09-17T23:54:24.375670Z,gota-g003:v2,8cea4626-a0f1-4dd0-b066-58e6bd194ad3,Scott Smith,4,Berserker,RedTeam,10752,850,79.05505952380952,22,2,0,15,51.15327380952381,27.901785714285715,0.0,8,2,27,0
ereq_7bbae7d3-9917-4268-85d4-b65eea9fb4cc,2026-09-17T23:54:24.375670Z,gota-g002:v1,a30542cb-54de-4109-92e6-bcabca7db4d8,Alex Smith,5,Vanguard Knight,BlueTeam,10752,525,48.828125,3,3,0,9,6.975446428571429,41.85267857142857,0.0,10,3,46,1
ereq_7bbae7d3-9917-4268-85d4-b65eea9fb4cc,2026-09-17T23:54:24.375670Z,red-kite:v34,a4590ed4-0b0c-4d86-8968-0844796f30e0,Andrew Brower,6,Ranger,BlueTeam,10752,6950,646.391369047619,72,33,2,3,167.41071428571428,460.3794642857143,18.601190476190474,37,33,46,1
ereq_7bbae7d3-9917-4268-85d4-b65eea9fb4cc,2026-09-17T23:54:24.375670Z,Jordan-ply_bcb80069-fb0c-4ba5-a45c-06b647870aeb:v218,f1cf890b-42d5-4cca-98cc-782774a7e9a7,Jordan,7,Arcanist,BlueTeam,10752,2550,237.16517857142858,48,7,3,5,111.60714285714286,97.65625,27.901785714285715,14,7,46,1
ereq_7bbae7d3-9917-4268-85d4-b65eea9fb4cc,2026-09-17T23:54:24.375670Z,aaron-gota-ir-coordinated-support-anchor-0916:v1,9cedf3ff-c7ce-4cff-897f-d48b44e049ad,Aaron's Co-play Coach,8,Druid Warden,BlueTeam,10752,1125,104.63169642857143,25,2,2,6,58.12872023809524,27.901785714285715,18.601190476190474,15,2,46,1
ereq_7bbae7d3-9917-4268-85d4-b65eea9fb4cc,2026-09-17T23:54:24.375670Z,james-botts-gota:v13,40d72eea-ac61-44b0-aaf4-7828fbf30170,James Botts,9,Demon Hunter,BlueTeam,10752,2500,232.51488095238096,94,1,0,4,218.5639880952381,13.950892857142858,0.0,2,1,46,1
ereq_11492c59-8f64-476e-9775-dec604549dee,2026-09-17T23:54:24.366397Z,daf-gota-v1:v1,e7d1ba41-3be1-4785-815d-b3c9ad8f46b9,docxology,0,Death Knight,RedTeam,4019,750,186.61358546902215,14,2,1,0,87.08633988554367,74.64543418760886,24.88181139586962,9,2,15,1
ereq_11492c59-8f64-476e-9775-dec604549dee,2026-09-17T23:54:24.366397Z,black-kite:v16,d10d7d74-40a7-4f6c-8838-e09729160349,Andrew Brower B,1,Crossbowman,RedTeam,4019,1525,379.4476237870117,39,1,4,0,242.5976611097288,37.32271709380443,99.52724558347848,3,1,15,1
ereq_11492c59-8f64-476e-9775-dec604549dee,2026-09-17T23:54:24.366397Z,gota-vanguard-rally-hold:v1,3ccd4955-3d9c-4c79-a243-e5dc12d650ad,daveey,2,Lich,RedTeam,4019,1325,329.68400099527247,11,5,3,0,68.42498133864146,186.61358546902215,74.64543418760886,13,5,15,1
ereq_11492c59-8f64-476e-9775-dec604549dee,2026-09-17T23:54:24.366397Z,macromackie-gota:v4,1a78a3f9-8112-4c2c-831a-f0ffee8dbacc,macromackie,3,Warlock,RedTeam,4019,1125,279.92037820353323,17,4,1,0,105.74769843244589,149.2908683752177,24.88181139586962,12,4,15,1
ereq_11492c59-8f64-476e-9775-dec604549dee,2026-09-17T23:54:24.366397Z,red-kite:v34,a4590ed4-0b0c-4d86-8968-0844796f30e0,Andrew Brower,4,Berserker,RedTeam,4019,725,180.39313262005473,23,1,0,4,143.07041552625031,37.32271709380443,0.0,1,1,15,1
ereq_11492c59-8f64-476e-9775-dec604549dee,2026-09-17T23:54:24.366397Z,aaron-gota-ir-coordinated-support-anchor-0916:v1,9cedf3ff-c7ce-4cff-897f-d48b44e049ad,Aaron's Co-play Coach,5,Vanguard Knight,BlueTeam,4019,50,12.44090569793481,2,0,0,2,12.44090569793481,0.0,0.0,2,0,4,0
ereq_11492c59-8f64-476e-9775-dec604549dee,2026-09-17T23:54:24.366397Z,james-botts-gota:v13,40d72eea-ac61-44b0-aaf4-7828fbf30170,James Botts,6,Ranger,BlueTeam,4019,1050,261.259019656631,24,3,0,0,149.2908683752177,111.96815128141328,0.0,4,3,4,0
ereq_11492c59-8f64-476e-9775-dec604549dee,2026-09-17T23:54:24.366397Z,aaron-gota-ir-perimeter-blue_repair-0916-aaron:v1,b64f1ccb-02e1-4ad5-b75b-f374222e9e9a,Aaron,7,Arcanist,BlueTeam,4019,775,192.83403831798955,17,1,2,0,105.74769843244589,37.32271709380443,49.76362279173924,4,1,4,0
ereq_11492c59-8f64-476e-9775-dec604549dee,2026-09-17T23:54:24.366397Z,richard-gods-of-the-arena:v78,881a807d-68ab-4a62-9b6c-e98694cf0bc3,richard,8,Druid Warden,BlueTeam,4019,175,43.54316994277183,7,0,0,7,43.54316994277183,0.0,0.0,0,0,4,0
ereq_11492c59-8f64-476e-9775-dec604549dee,2026-09-17T23:54:24.366397Z,relh-gods-of-the-arena:v154,99ff8b49-8bb6-4ee2-9204-ff24a8efda4e,relh,9,Demon Hunter,BlueTeam,4019,225,55.98407564070664,9,0,0,6,55.98407564070664,0.0,0.0,0,0,4,0
ereq_27874531-b9b3-4bd4-b9f5-09ca8a6184fe,2026-09-17T23:54:24.330475Z,gota-vanguard-rally-hold:v1,3ccd4955-3d9c-4c79-a243-e5dc12d650ad,daveey,0,Death Knight,RedTeam,13568,1400,103.18396226415095,24,4,2,2,44.221698113207545,44.221698113207545,14.74056603773585,10,4,44,0
ereq_27874531-b9b3-4bd4-b9f5-09ca8a6184fe,2026-09-17T23:54:24.330475Z,macromackie-gota:v4,1a78a3f9-8112-4c2c-831a-f0ffee8dbacc,macromackie,1,Crossbowman,RedTeam,13568,1625,119.76709905660377,31,3,4,7,57.11969339622642,33.16627358490566,29.4811320754717,10,3,44,0
ereq_27874531-b9b3-4bd4-b9f5-09ca8a6184fe,2026-09-17T23:54:24.330475Z,aaron-gota-ir-perimeter-blue_repair-0916-aaron:v1,b64f1ccb-02e1-4ad5-b75b-f374222e9e9a,Aaron,2,Lich,RedTeam,13568,6125,451.42983490566036,139,15,4,4,256.11733490566036,165.8313679245283,29.4811320754717,15,15,44,0
ereq_27874531-b9b3-4bd4-b9f5-09ca8a6184fe,2026-09-17T23:54:24.330475Z,Polyworld GOTA base.bas:v1,e8aed568-d03c-49bf-beaf-68c731f05d26,Andre von Houck,3,Warlock,RedTeam,13568,1400,103.18396226415095,22,5,1,2,40.53655660377358,55.277122641509436,7.370283018867925,14,5,44,0
ereq_27874531-b9b3-4bd4-b9f5-09ca8a6184fe,2026-09-17T23:54:24.330475Z,gota-g002:v1,a30542cb-54de-4109-92e6-bcabca7db4d8,Alex Smith,4,Berserker,RedTeam,13568,5550,409.0507075471698,112,15,5,5,206.3679245283019,165.8313679245283,36.85141509433962,19,15,44,0
ereq_27874531-b9b3-4bd4-b9f5-09ca8a6184fe,2026-09-17T23:54:24.330475Z,black-kite:v16,d10d7d74-40a7-4f6c-8838-e09729160349,Andrew Brower B,5,Vanguard Knight,BlueTeam,13568,800,58.9622641509434,20,2,0,10,36.85141509433962,22.110849056603772,0.0,3,2,20,1
ereq_27874531-b9b3-4bd4-b9f5-09ca8a6184fe,2026-09-17T23:54:24.330475Z,red-kite:v34,a4590ed4-0b0c-4d86-8968-0844796f30e0,Andrew Brower,6,Ranger,BlueTeam,13568,2825,208.21049528301887,95,3,0,8,175.0442216981132,33.16627358490566,0.0,3,3,20,1
ereq_27874531-b9b3-4bd4-b9f5-09ca8a6184fe,2026-09-17T23:54:24.330475Z,aaron-gota-ir-coordinated-support-anchor-0916:v1,9cedf3ff-c7ce-4cff-897f-d48b44e049ad,Aaron's Co-play Coach,7,Arcanist,BlueTeam,13568,3975,292.96875,87,8,6,6,160.30365566037736,88.44339622641509,44.221698113207545,9,8,20,1
ereq_27874531-b9b3-4bd4-b9f5-09ca8a6184fe,2026-09-17T23:54:24.330475Z,james-botts-gota:v13,40d72eea-ac61-44b0-aaf4-7828fbf30170,James Botts,8,Druid Warden,BlueTeam,13568,1850,136.35023584905662,74,0,0,4,136.35023584905662,0.0,0.0,3,0,20,1
ereq_27874531-b9b3-4bd4-b9f5-09ca8a6184fe,2026-09-17T23:54:24.330475Z,richard-gods-of-the-arena:v78,881a807d-68ab-4a62-9b6c-e98694cf0bc3,richard,9,Demon Hunter,BlueTeam,13568,3600,265.3301886792453,114,5,0,16,210.05306603773585,55.277122641509436,0.0,9,5,20,1
ereq_6e6bf4de-4244-41c1-876b-33e826f9f277,2026-09-17T23:54:24.338360Z,black-kite:v16,d10d7d74-40a7-4f6c-8838-e09729160349,Andrew Brower B,0,Death Knight,RedTeam,8087,2125,262.76740447632,75,1,1,2,231.85359218498826,18.54828737479906,12.365524916532706,2,1,37,1
ereq_6e6bf4de-4244-41c1-876b-33e826f9f277,2026-09-17T23:54:24.338360Z,aaron-gota-ir-coordinated-support-anchor-0916:v1,9cedf3ff-c7ce-4cff-897f-d48b44e049ad,Aaron's Co-play Coach,1,Crossbowman,RedTeam,8087,6025,745.0228762210955,61,24,9,0,188.5742549771238,445.15889699517743,111.28972424879436,24,24,37,1
ereq_6e6bf4de-4244-41c1-876b-33e826f9f277,2026-09-17T23:54:24.338360Z,nancy-goa:v2,2777766f-4931-4fd9-83f2-44a3f509ede1,NanosaurusX,2,Lich,RedTeam,8087,1150,142.20353654012612,18,4,1,1,55.64486212439718,74.19314949919624,12.365524916532706,7,4,37,1
ereq_6e6bf4de-4244-41c1-876b-33e826f9f277,2026-09-17T23:54:24.338360Z,khors:v1,fa00903c-0ba4-4eec-b20f-4c082550d80f,Andre von Auto,3,Warlock,RedTeam,8087,1725,213.3053048101892,33,6,0,5,102.01558056139483,111.28972424879436,0.0,12,6,37,1
ereq_6e6bf4de-4244-41c1-876b-33e826f9f277,2026-09-17T23:54:24.338360Z,gota-codex-side-aware-team-secondary-20260917:v1,a7551ee6-ef55-48f0-81bc-d1ba68ca54c2,daveey-2,4,Berserker,RedTeam,8087,825,102.01558056139483,27,1,0,5,83.46729318659577,18.54828737479906,0.0,7,1,37,1
ereq_6e6bf4de-4244-41c1-876b-33e826f9f277,2026-09-17T23:54:24.338360Z,gota-g002:v1,a30542cb-54de-4109-92e6-bcabca7db4d8,Alex Smith,5,Vanguard Knight,BlueTeam,8087,600,74.19314949919624,18,1,0,11,55.64486212439718,18.54828737479906,0.0,3,1,13,0
ereq_6e6bf4de-4244-41c1-876b-33e826f9f277,2026-09-17T23:54:24.338360Z,Polyworld GOTA base.bas:v1,e8aed568-d03c-49bf-beaf-68c731f05d26,Andre von Houck,6,Ranger,BlueTeam,8087,2550,315.32088537158404,68,5,1,7,210.213923581056,92.7414368739953,12.365524916532706,9,5,13,0
ereq_6e6bf4de-4244-41c1-876b-33e826f9f277,2026-09-17T23:54:24.338360Z,aaron-gota-ir-perimeter-blue_repair-0916-aaron:v1,b64f1ccb-02e1-4ad5-b75b-f374222e9e9a,Aaron,7,Arcanist,BlueTeam,8087,1925,238.0363546432546,33,6,2,7,102.01558056139483,111.28972424879436,24.731049833065413,9,6,13,0
ereq_6e6bf4de-4244-41c1-876b-33e826f9f277,2026-09-17T23:54:24.338360Z,richard-gods-of-the-arena:v78,881a807d-68ab-4a62-9b6c-e98694cf0bc3,richard,8,Druid Warden,BlueTeam,8087,450,55.64486212439718,18,0,0,12,55.64486212439718,0.0,0.0,6,0,13,0
ereq_6e6bf4de-4244-41c1-876b-33e826f9f277,2026-09-17T23:54:24.338360Z,james-botts-gota:v13,40d72eea-ac61-44b0-aaf4-7828fbf30170,James Botts,9,Demon Hunter,BlueTeam,8087,2150,265.8587857054532,86,0,0,0,265.8587857054532,0.0,0.0,0,0,13,0
ereq_5ff8a05a-b04f-4049-bbc0-1c43f3465e6a,2026-09-17T23:54:24.327651Z,relh-gods-of-the-arena:v154,99ff8b49-8bb6-4ee2-9204-ff24a8efda4e,relh,0,Death Knight,RedTeam,12468,1150,92.23612447866539,28,3,0,12,56.14372794353545,36.092396535129936,0.0,9,3,44,1
ereq_5ff8a05a-b04f-4049-bbc0-1c43f3465e6a,2026-09-17T23:54:24.327651Z,black-kite:v16,d10d7d74-40a7-4f6c-8838-e09729160349,Andrew Brower B,1,Crossbowman,RedTeam,12468,4025,322.82643567532887,91,11,1,3,182.4671158164902,132.3387872954764,8.020532563362208,12,11,44,1
ereq_5ff8a05a-b04f-4049-bbc0-1c43f3465e6a,2026-09-17T23:54:24.327651Z,gota-g003:v2,8cea4626-a0f1-4dd0-b066-58e6bd194ad3,Scott Smith,2,Lich,RedTeam,12468,3650,292.74943856272057,70,12,1,10,140.35931985883863,144.36958614051974,8.020532563362208,12,11,44,1
ereq_5ff8a05a-b04f-4049-bbc0-1c43f3465e6a,2026-09-17T23:54:24.327651Z,aaron-gota-ir-perimeter-blue_repair-0916-aaron:v1,b64f1ccb-02e1-4ad5-b75b-f374222e9e9a,Aaron,3,Warlock,RedTeam,12468,4100,328.8418350978505,40,14,10,3,80.20532563362207,168.43118383060636,80.20532563362207,16,14,44,1
ereq_5ff8a05a-b04f-4049-bbc0-1c43f3465e6a,2026-09-17T23:54:24.327651Z,james-botts-gota:v13,40d72eea-ac61-44b0-aaf4-7828fbf30170,James Botts,4,Berserker,RedTeam,12468,625,50.12832852101379,19,1,0,1,38.097529675970485,12.03079884504331,0.0,11,1,44,1
ereq_5ff8a05a-b04f-4049-bbc0-1c43f3465e6a,2026-09-17T23:54:24.327651Z,aaron-gota-ir-coordinated-support-anchor-0916:v1,9cedf3ff-c7ce-4cff-897f-d48b44e049ad,Aaron's Co-play Coach,5,Vanguard Knight,BlueTeam,12468,2850,228.5851780558229,42,10,3,4,84.21559191530318,120.30798845043311,24.06159769008662,16,10,29,0
ereq_5ff8a05a-b04f-4049-bbc0-1c43f3465e6a,2026-09-17T23:54:24.327651Z,macromackie-gota:v4,1a78a3f9-8112-4c2c-831a-f0ffee8dbacc,macromackie,6,Ranger,BlueTeam,12468,2700,216.5543792107796,62,7,1,8,124.31825473211421,84.21559191530318,8.020532563362208,14,7,29,0
ereq_5ff8a05a-b04f-4049-bbc0-1c43f3465e6a,2026-09-17T23:54:24.327651Z,Polyworld GOTA base.bas:v1,e8aed568-d03c-49bf-beaf-68c731f05d26,Andre von Houck,7,Arcanist,BlueTeam,12468,3000,240.61597690086623,70,7,2,9,140.35931985883863,84.21559191530318,16.041065126724416,10,7,29,0
ereq_5ff8a05a-b04f-4049-bbc0-1c43f3465e6a,2026-09-17T23:54:24.327651Z,gota-codex-side-aware-team-secondary-20260917:v1,a7551ee6-ef55-48f0-81bc-d1ba68ca54c2,daveey-2,8,Druid Warden,BlueTeam,12468,1500,120.30798845043311,54,1,0,11,108.2771896053898,12.03079884504331,0.0,4,1,29,0
ereq_5ff8a05a-b04f-4049-bbc0-1c43f3465e6a,2026-09-17T23:54:24.327651Z,richard-gods-of-the-arena:v78,881a807d-68ab-4a62-9b6c-e98694cf0bc3,richard,9,Demon Hunter,BlueTeam,12468,1575,126.32338787295477,45,3,0,12,90.23099133782483,36.092396535129936,0.0,4,3,29,0
ereq_85b1a480-c853-4626-b44e-66297a977a56,2026-09-17T23:54:24.339812Z,gota-g002:v1,a30542cb-54de-4109-92e6-bcabca7db4d8,Alex Smith,0,Death Knight,RedTeam,5154,1275,247.38067520372527,7,6,2,3,33.95421032207994,174.62165308498254,38.80481179666278,8,6,12,0
ereq_85b1a480-c853-4626-b44e-66297a977a56,2026-09-17T23:54:24.339812Z,james-botts-gota:v13,40d72eea-ac61-44b0-aaf4-7828fbf30170,James Botts,1,Crossbowman,RedTeam,5154,1575,305.5878928987194,45,3,0,0,218.27706635622818,87.31082654249127,0.0,4,3,12,0
ereq_85b1a480-c853-4626-b44e-66297a977a56,2026-09-17T23:54:24.339812Z,gota-codex-side-aware-team-secondary-20260917:v1,a7551ee6-ef55-48f0-81bc-d1ba68ca54c2,daveey-2,2,Lich,RedTeam,5154,1150,223.12766783081102,28,3,0,2,135.81684128831975,87.31082654249127,0.0,8,3,12,0
ereq_85b1a480-c853-4626-b44e-66297a977a56,2026-09-17T23:54:24.339812Z,black-kite:v16,d10d7d74-40a7-4f6c-8838-e09729160349,Andrew Brower B,3,Warlock,RedTeam,5154,900,174.62165308498254,36,0,0,7,174.62165308498254,0.0,0.0,0,0,12,0
ereq_85b1a480-c853-4626-b44e-66297a977a56,2026-09-17T23:54:24.339812Z,Jordan-ply_bcb80069-fb0c-4ba5-a45c-06b647870aeb:v218,f1cf890b-42d5-4cca-98cc-782774a7e9a7,Jordan,4,Berserker,RedTeam,5154,300,58.20721769499418,12,0,0,2,58.20721769499418,0.0,0.0,4,0,12,0
ereq_85b1a480-c853-4626-b44e-66297a977a56,2026-09-17T23:54:24.339812Z,relh-gods-of-the-arena:v154,99ff8b49-8bb6-4ee2-9204-ff24a8efda4e,relh,5,Vanguard Knight,BlueTeam,5154,575,111.56383391540551,23,0,0,2,111.56383391540551,0.0,0.0,2,0,14,1
ereq_85b1a480-c853-4626-b44e-66297a977a56,2026-09-17T23:54:24.339812Z,aaron-gota-ir-coordinated-support-anchor-0916:v1,9cedf3ff-c7ce-4cff-897f-d48b44e049ad,Aaron's Co-play Coach,6,Ranger,BlueTeam,5154,2950,572.3709740007761,42,8,7,0,203.72526193247964,232.8288707799767,135.81684128831975,8,8,14,1
ereq_85b1a480-c853-4626-b44e-66297a977a56,2026-09-17T23:54:24.339812Z,macromackie-gota:v4,1a78a3f9-8112-4c2c-831a-f0ffee8dbacc,macromackie,7,Arcanist,BlueTeam,5154,875,169.7710516103997,29,1,0,4,140.6674427629026,29.10360884749709,0.0,1,1,14,1
ereq_85b1a480-c853-4626-b44e-66297a977a56,2026-09-17T23:54:24.339812Z,red-kite:v34,a4590ed4-0b0c-4d86-8968-0844796f30e0,Andrew Brower,8,Druid Warden,BlueTeam,5154,525,101.86263096623982,21,0,0,2,101.86263096623982,0.0,0.0,2,0,14,1
ereq_85b1a480-c853-4626-b44e-66297a977a56,2026-09-17T23:54:24.339812Z,games-bond-gota:v6,58af3f96-f479-4fc3-b777-276e53f48b06,Games Bond,9,Demon Hunter,BlueTeam,5154,600,116.41443538998836,0,4,0,4,0.0,116.41443538998836,0.0,5,4,14,1
ereq_858b7b87-e045-4dde-a8f9-f166b9666027,2026-09-17T23:54:24.331223Z,gota-codex-side-aware-team-secondary-20260917:v1,a7551ee6-ef55-48f0-81bc-d1ba68ca54c2,daveey-2,0,Death Knight,RedTeam,6666,1025,153.76537653765376,37,0,1,5,138.76387638763876,0.0,15.001500150015001,1,0,16,0
ereq_858b7b87-e045-4dde-a8f9-f166b9666027,2026-09-17T23:54:24.331223Z,black-kite:v16,d10d7d74-40a7-4f6c-8838-e09729160349,Andrew Brower B,1,Crossbowman,RedTeam,6666,2325,348.7848784878488,53,6,1,2,198.76987698769878,135.01350135013502,15.001500150015001,11,6,16,0
ereq_858b7b87-e045-4dde-a8f9-f166b9666027,2026-09-17T23:54:24.331223Z,aaron-gota-ir-coordinated-support-anchor-0916:v1,9cedf3ff-c7ce-4cff-897f-d48b44e049ad,Aaron's Co-play Coach,2,Lich,RedTeam,6666,2600,390.03900390039,66,5,2,1,247.52475247524754,112.51125112511251,30.003000300030003,5,5,16,0
ereq_858b7b87-e045-4dde-a8f9-f166b9666027,2026-09-17T23:54:24.331223Z,nancy-goa:v2,2777766f-4931-4fd9-83f2-44a3f509ede1,NanosaurusX,3,Warlock,RedTeam,6666,750,112.51125112511251,8,3,1,2,30.003000300030003,67.50675067506751,15.001500150015001,6,3,16,0
ereq_858b7b87-e045-4dde-a8f9-f166b9666027,2026-09-17T23:54:24.331223Z,daf-gota-v1:v1,e7d1ba41-3be1-4785-815d-b3c9ad8f46b9,docxology,4,Berserker,RedTeam,6666,725,108.76087608760876,29,0,0,8,108.76087608760876,0.0,0.0,2,0,16,0
ereq_858b7b87-e045-4dde-a8f9-f166b9666027,2026-09-17T23:54:24.331223Z,gota-g002:v1,a30542cb-54de-4109-92e6-bcabca7db4d8,Alex Smith,5,Vanguard Knight,BlueTeam,6666,1100,165.01650165016503,22,3,1,4,82.50825082508251,67.50675067506751,15.001500150015001,6,3,18,1
ereq_858b7b87-e045-4dde-a8f9-f166b9666027,2026-09-17T23:54:24.331223Z,Jordan-ply_bcb80069-fb0c-4ba5-a45c-06b647870aeb:v218,f1cf890b-42d5-4cca-98cc-782774a7e9a7,Jordan,6,Ranger,BlueTeam,6666,1650,247.52475247524754,34,4,2,2,127.51275127512751,90.00900090009002,30.003000300030003,12,4,18,1
ereq_858b7b87-e045-4dde-a8f9-f166b9666027,2026-09-17T23:54:24.331223Z,relh-gods-of-the-arena:v154,99ff8b49-8bb6-4ee2-9204-ff24a8efda4e,relh,7,Arcanist,BlueTeam,6666,2100,315.031503150315,34,7,2,2,127.51275127512751,157.5157515751575,30.003000300030003,13,7,18,1
ereq_858b7b87-e045-4dde-a8f9-f166b9666027,2026-09-17T23:54:24.331223Z,macromackie-gota:v4,1a78a3f9-8112-4c2c-831a-f0ffee8dbacc,macromackie,8,Druid Warden,BlueTeam,6666,875,131.26312631263127,19,2,1,4,71.25712571257125,45.00450045004501,15.001500150015001,6,2,18,1
ereq_858b7b87-e045-4dde-a8f9-f166b9666027,2026-09-17T23:54:24.331223Z,james-botts-gota:v13,40d72eea-ac61-44b0-aaf4-7828fbf30170,James Botts,9,Demon Hunter,BlueTeam,6666,1500,225.02250225022502,54,1,0,4,202.52025202520252,22.502250225022504,0.0,2,1,18,1
ereq_b67e69b0-7dcd-4e19-8898-f5c0856e8907,2026-09-17T23:54:24.351805Z,gota-g002:v1,a30542cb-54de-4109-92e6-bcabca7db4d8,Alex Smith,0,Death Knight,RedTeam,19962,2250,112.7141568981064,50,6,1,18,62.618976054503555,45.08566275924256,5.009518084360285,16,6,45,1
ereq_b67e69b0-7dcd-4e19-8898-f5c0856e8907,2026-09-17T23:54:24.351805Z,red-kite:v34,a4590ed4-0b0c-4d86-8968-0844796f30e0,Andrew Brower,1,Crossbowman,RedTeam,19962,5425,271.76635607654543,95,19,2,11,118.97605450355675,142.77126540426812,10.01903616872057,23,19,45,1
ereq_b67e69b0-7dcd-4e19-8898-f5c0856e8907,2026-09-17T23:54:24.351805Z,macromackie-gota:v4,1a78a3f9-8112-4c2c-831a-f0ffee8dbacc,macromackie,2,Lich,RedTeam,19962,4200,210.39975954313195,100,10,2,15,125.23795210900711,75.14277126540426,10.01903616872057,18,10,45,1
ereq_b67e69b0-7dcd-4e19-8898-f5c0856e8907,2026-09-17T23:54:24.351805Z,aaron-gota-ir-coordinated-support-anchor-0916:v1,9cedf3ff-c7ce-4cff-897f-d48b44e049ad,Aaron's Co-play Coach,3,Warlock,RedTeam,19962,1375,68.8808736599539,55,0,0,7,68.8808736599539,0.0,0.0,4,0,45,1
ereq_b67e69b0-7dcd-4e19-8898-f5c0856e8907,2026-09-17T23:54:24.351805Z,relh-gods-of-the-arena:v154,99ff8b49-8bb6-4ee2-9204-ff24a8efda4e,relh,4,Berserker,RedTeam,19962,5650,283.03777176635606,152,9,5,13,190.3616872056908,67.62849413886384,25.047590421801424,16,9,45,1
ereq_b67e69b0-7dcd-4e19-8898-f5c0856e8907,2026-09-17T23:54:24.351805Z,aaron-gota-ir-perimeter-blue_repair-0916-aaron:v1,b64f1ccb-02e1-4ad5-b75b-f374222e9e9a,Aaron,5,Vanguard Knight,BlueTeam,19962,5050,252.98066326019438,68,19,5,9,85.16180743412484,142.77126540426812,25.047590421801424,24,19,64,0
ereq_b67e69b0-7dcd-4e19-8898-f5c0856e8907,2026-09-17T23:54:24.351805Z,richard-gods-of-the-arena:v78,881a807d-68ab-4a62-9b6c-e98694cf0bc3,richard,6,Ranger,BlueTeam,19962,3850,192.86644624787095,94,10,0,10,117.72367498246669,75.14277126540426,0.0,23,10,64,0
ereq_b67e69b0-7dcd-4e19-8898-f5c0856e8907,2026-09-17T23:54:24.351805Z,james-botts-gota:v13,40d72eea-ac61-44b0-aaf4-7828fbf30170,James Botts,7,Arcanist,BlueTeam,19962,1625,81.40466887085462,23,7,0,3,28.804728985071637,52.59993988578299,0.0,34,7,64,0
ereq_b67e69b0-7dcd-4e19-8898-f5c0856e8907,2026-09-17T23:54:24.351805Z,gota-g003:v2,8cea4626-a0f1-4dd0-b066-58e6bd194ad3,Scott Smith,8,Druid Warden,BlueTeam,19962,1575,78.89990982867448,35,4,1,13,43.83328323815249,30.057108506161708,5.009518084360285,24,4,64,0
ereq_b67e69b0-7dcd-4e19-8898-f5c0856e8907,2026-09-17T23:54:24.351805Z,khors:v1,fa00903c-0ba4-4eec-b20f-4c082550d80f,Andre von Auto,9,Demon Hunter,BlueTeam,19962,5350,268.00921751327525,66,22,4,10,82.6570483919447,165.3140967838894,20.03807233744114,32,22,64,0
ereq_1d0b001c-4e72-4f94-9a0c-e0111cfc614a,2026-09-17T23:54:24.340487Z,Jordan-ply_bcb80069-fb0c-4ba5-a45c-06b647870aeb:v218,f1cf890b-42d5-4cca-98cc-782774a7e9a7,Jordan,0,Death Knight,RedTeam,5427,900,165.8374792703151,12,4,0,1,55.2791597567717,110.5583195135434,0.0,11,4,21,1
ereq_1d0b001c-4e72-4f94-9a0c-e0111cfc614a,2026-09-17T23:54:24.340487Z,aaron-gota-ir-perimeter-blue_repair-0916-aaron:v1,b64f1ccb-02e1-4ad5-b75b-f374222e9e9a,Aaron,1,Crossbowman,RedTeam,5427,3025,557.3981942141146,43,9,6,0,198.0836557950986,248.75621890547265,110.5583195135434,11,9,21,1
ereq_1d0b001c-4e72-4f94-9a0c-e0111cfc614a,2026-09-17T23:54:24.340487Z,james-botts-gota:v13,40d72eea-ac61-44b0-aaf4-7828fbf30170,James Botts,2,Lich,RedTeam,5427,750,138.19789939192924,30,0,0,0,138.19789939192924,0.0,0.0,7,0,21,1
ereq_1d0b001c-4e72-4f94-9a0c-e0111cfc614a,2026-09-17T23:54:24.340487Z,gota-codex-side-aware-team-secondary-20260917:v1,a7551ee6-ef55-48f0-81bc-d1ba68ca54c2,daveey-2,3,Warlock,RedTeam,5427,300,55.2791597567717,6,1,0,2,27.63957987838585,27.63957987838585,0.0,7,1,21,1
ereq_1d0b001c-4e72-4f94-9a0c-e0111cfc614a,2026-09-17T23:54:24.340487Z,richard-gods-of-the-arena:v78,881a807d-68ab-4a62-9b6c-e98694cf0bc3,richard,4,Berserker,RedTeam,5427,2350,433.0200847613783,36,7,4,2,165.8374792703151,193.47705914870093,73.70554634236227,9,7,21,1
ereq_1d0b001c-4e72-4f94-9a0c-e0111cfc614a,2026-09-17T23:54:24.340487Z,aaron-gota-ir-coordinated-support-anchor-0916:v1,9cedf3ff-c7ce-4cff-897f-d48b44e049ad,Aaron's Co-play Coach,5,Vanguard Knight,BlueTeam,5427,100,18.426386585590567,4,0,0,8,18.426386585590567,0.0,0.0,3,0,5,0
ereq_1d0b001c-4e72-4f94-9a0c-e0111cfc614a,2026-09-17T23:54:24.340487Z,khors:v1,fa00903c-0ba4-4eec-b20f-4c082550d80f,Andre von Auto,6,Ranger,BlueTeam,5427,600,110.5583195135434,24,0,0,6,110.5583195135434,0.0,0.0,4,0,5,0
ereq_1d0b001c-4e72-4f94-9a0c-e0111cfc614a,2026-09-17T23:54:24.340487Z,relh-gods-of-the-arena:v154,99ff8b49-8bb6-4ee2-9204-ff24a8efda4e,relh,7,Arcanist,BlueTeam,5427,1325,244.149622259075,41,2,0,7,188.8704625023033,55.2791597567717,0.0,3,1,5,0
ereq_1d0b001c-4e72-4f94-9a0c-e0111cfc614a,2026-09-17T23:54:24.340487Z,black-kite:v16,d10d7d74-40a7-4f6c-8838-e09729160349,Andrew Brower B,8,Druid Warden,BlueTeam,5427,675,124.37810945273633,21,1,0,0,96.73852957435047,27.63957987838585,0.0,1,1,5,0
ereq_1d0b001c-4e72-4f94-9a0c-e0111cfc614a,2026-09-17T23:54:24.340487Z,red-kite:v34,a4590ed4-0b0c-4d86-8968-0844796f30e0,Andrew Brower,9,Demon Hunter,BlueTeam,5427,1275,234.93642896627972,39,0,3,0,179.657269209508,0.0,55.2791597567717,1,0,5,0
ereq_48275b4a-a74a-4c08-b501-66ac09660d5f,2026-09-17T23:54:24.383745Z,james-botts-gota:v13,40d72eea-ac61-44b0-aaf4-7828fbf30170,James Botts,0,Death Knight,RedTeam,5997,225,37.51875937968985,9,0,0,0,37.51875937968985,0.0,0.0,13,0,25,0
ereq_48275b4a-a74a-4c08-b501-66ac09660d5f,2026-09-17T23:54:24.383745Z,aaron-gota-ir-perimeter-blue_repair-0916-aaron:v1,b64f1ccb-02e1-4ad5-b75b-f374222e9e9a,Aaron,1,Crossbowman,RedTeam,5997,4600,767.0501917625479,42,19,7,0,175.08754377188595,475.2376188094047,116.7250291812573,20,19,25,0
ereq_48275b4a-a74a-4c08-b501-66ac09660d5f,2026-09-17T23:54:24.383745Z,macromackie-gota:v4,1a78a3f9-8112-4c2c-831a-f0ffee8dbacc,macromackie,2,Lich,RedTeam,5997,550,91.71252292813074,8,1,2,2,33.35000833750208,25.012506253126563,33.35000833750208,6,1,25,0
ereq_48275b4a-a74a-4c08-b501-66ac09660d5f,2026-09-17T23:54:24.383745Z,khors:v1,fa00903c-0ba4-4eec-b20f-4c082550d80f,Andre von Auto,3,Warlock,RedTeam,5997,525,87.54377188594297,9,2,0,2,37.51875937968985,50.02501250625313,0.0,8,2,25,0
ereq_48275b4a-a74a-4c08-b501-66ac09660d5f,2026-09-17T23:54:24.383745Z,Polyworld GOTA base.bas:v1,e8aed568-d03c-49bf-beaf-68c731f05d26,Andre von Houck,4,Berserker,RedTeam,5997,1700,283.4750708687677,46,3,1,4,191.76254794063698,75.0375187593797,16.67500416875104,4,3,25,0
ereq_48275b4a-a74a-4c08-b501-66ac09660d5f,2026-09-17T23:54:24.383745Z,relh-gods-of-the-arena:v154,99ff8b49-8bb6-4ee2-9204-ff24a8efda4e,relh,5,Vanguard Knight,BlueTeam,5997,50,8.33750208437552,2,0,0,8,8.33750208437552,0.0,0.0,1,0,8,1
ereq_48275b4a-a74a-4c08-b501-66ac09660d5f,2026-09-17T23:54:24.383745Z,gota-g002:v1,a30542cb-54de-4109-92e6-bcabca7db4d8,Alex Smith,6,Ranger,BlueTeam,5997,1925,320.9938302484576,29,4,6,1,120.89378022344506,100.05002501250625,100.05002501250625,6,4,8,1
ereq_48275b4a-a74a-4c08-b501-66ac09660d5f,2026-09-17T23:54:24.383745Z,richard-gods-of-the-arena:v78,881a807d-68ab-4a62-9b6c-e98694cf0bc3,richard,7,Arcanist,BlueTeam,5997,1550,258.46256461564116,44,3,0,6,183.42504585626148,75.0375187593797,0.0,4,3,8,1
ereq_48275b4a-a74a-4c08-b501-66ac09660d5f,2026-09-17T23:54:24.383745Z,Jordan-ply_bcb80069-fb0c-4ba5-a45c-06b647870aeb:v218,f1cf890b-42d5-4cca-98cc-782774a7e9a7,Jordan,8,Druid Warden,BlueTeam,5997,575,95.88127397031849,23,0,0,9,95.88127397031849,0.0,0.0,0,0,8,1
ereq_48275b4a-a74a-4c08-b501-66ac09660d5f,2026-09-17T23:54:24.383745Z,red-kite:v34,a4590ed4-0b0c-4d86-8968-0844796f30e0,Andrew Brower,9,Demon Hunter,BlueTeam,5997,1250,208.43755210938804,42,0,2,1,175.08754377188595,0.0,33.35000833750208,1,0,8,1
ereq_ba6d20b8-7e39-4b0d-bd91-d1d7509f823b,2026-09-17T23:54:24.368661Z,relh-gods-of-the-arena:v154,99ff8b49-8bb6-4ee2-9204-ff24a8efda4e,relh,0,Death Knight,RedTeam,8031,825,102.72693313410534,33,0,0,6,102.72693313410534,0.0,0.0,2,0,13,0
ereq_ba6d20b8-7e39-4b0d-bd91-d1d7509f823b,2026-09-17T23:54:24.368661Z,khors:v1,fa00903c-0ba4-4eec-b20f-4c082550d80f,Andre von Auto,1,Crossbowman,RedTeam,8031,1300,161.87274312040842,34,3,0,9,105.8398705018055,56.032872618602916,0.0,8,3,13,0
ereq_ba6d20b8-7e39-4b0d-bd91-d1d7509f823b,2026-09-17T23:54:24.368661Z,red-kite:v34,a4590ed4-0b0c-4d86-8968-0844796f30e0,Andrew Brower,2,Lich,RedTeam,8031,1900,236.5832399452123,46,5,0,5,143.19511891420746,93.38812103100486,0.0,5,5,13,0
ereq_ba6d20b8-7e39-4b0d-bd91-d1d7509f823b,2026-09-17T23:54:24.368661Z,gota-codex-side-aware-team-secondary-20260917:v1,a7551ee6-ef55-48f0-81bc-d1ba68ca54c2,daveey-2,3,Warlock,RedTeam,8031,1375,171.2115552235089,31,4,0,9,96.50105839870501,74.71049682480388,0.0,6,4,13,0
ereq_ba6d20b8-7e39-4b0d-bd91-d1d7509f823b,2026-09-17T23:54:24.368661Z,black-kite:v16,d10d7d74-40a7-4f6c-8838-e09729160349,Andrew Brower B,4,Berserker,RedTeam,8031,1025,127.63043207570664,37,0,1,6,115.17868260490599,0.0,12.451749470800648,3,0,13,0
ereq_ba6d20b8-7e39-4b0d-bd91-d1d7509f823b,2026-09-17T23:54:24.368661Z,aaron-gota-ir-coordinated-support-anchor-0916:v1,9cedf3ff-c7ce-4cff-897f-d48b44e049ad,Aaron's Co-play Coach,5,Vanguard Knight,BlueTeam,8031,250,31.12937367700162,10,0,0,4,31.12937367700162,0.0,0.0,1,0,35,1
ereq_ba6d20b8-7e39-4b0d-bd91-d1d7509f823b,2026-09-17T23:54:24.368661Z,gota-g002:v1,a30542cb-54de-4109-92e6-bcabca7db4d8,Alex Smith,6,Ranger,BlueTeam,8031,5000,622.5874735400324,58,21,4,1,180.55036732660938,392.2301083302204,49.80699788320259,22,21,35,1
ereq_ba6d20b8-7e39-4b0d-bd91-d1d7509f823b,2026-09-17T23:54:24.368661Z,richard-gods-of-the-arena:v78,881a807d-68ab-4a62-9b6c-e98694cf0bc3,richard,7,Arcanist,BlueTeam,8031,1600,199.22799153281036,32,4,2,5,99.61399576640518,74.71049682480388,24.903498941601296,8,4,35,1
ereq_ba6d20b8-7e39-4b0d-bd91-d1d7509f823b,2026-09-17T23:54:24.368661Z,aaron-gota-ir-perimeter-blue_repair-0916-aaron:v1,b64f1ccb-02e1-4ad5-b75b-f374222e9e9a,Aaron,8,Druid Warden,BlueTeam,8031,1850,230.35736520981197,32,5,3,3,99.61399576640518,93.38812103100486,37.35524841240194,7,5,35,1
ereq_ba6d20b8-7e39-4b0d-bd91-d1d7509f823b,2026-09-17T23:54:24.368661Z,james-botts-gota:v13,40d72eea-ac61-44b0-aaf4-7828fbf30170,James Botts,9,Demon Hunter,BlueTeam,8031,2075,258.37380151911344,71,2,0,0,221.0185531067115,37.35524841240194,0.0,7,2,35,1
ereq_3362d57b-24f8-42e7-9a61-12bb56bd2dcf,2026-09-17T23:54:24.320042Z,relh-gods-of-the-arena:v154,99ff8b49-8bb6-4ee2-9204-ff24a8efda4e,relh,0,Death Knight,RedTeam,3858,125,32.40020736132711,5,0,0,5,32.40020736132711,0.0,0.0,0,0,14,0
ereq_3362d57b-24f8-42e7-9a61-12bb56bd2dcf,2026-09-17T23:54:24.320042Z,gota-g002:v1,a30542cb-54de-4109-92e6-bcabca7db4d8,Alex Smith,1,Crossbowman,RedTeam,3858,1750,453.60290305857956,12,9,1,0,77.76049766718506,349.92223950233284,25.92016588906169,14,9,14,0
ereq_3362d57b-24f8-42e7-9a61-12bb56bd2dcf,2026-09-17T23:54:24.320042Z,Jordan-ply_bcb80069-fb0c-4ba5-a45c-06b647870aeb:v218,f1cf890b-42d5-4cca-98cc-782774a7e9a7,Jordan,2,Lich,RedTeam,3858,1150,298.08190772420943,20,3,2,0,129.60082944530845,116.64074650077761,51.84033177812338,14,3,14,0
ereq_3362d57b-24f8-42e7-9a61-12bb56bd2dcf,2026-09-17T23:54:24.320042Z,gota-vanguard-rally-hold:v1,3ccd4955-3d9c-4c79-a243-e5dc12d650ad,daveey,3,Warlock,RedTeam,3858,875,226.80145152928978,11,2,3,0,71.28045619491965,77.76049766718506,77.76049766718506,14,2,14,0
ereq_3362d57b-24f8-42e7-9a61-12bb56bd2dcf,2026-09-17T23:54:24.320042Z,james-botts-gota:v13,40d72eea-ac61-44b0-aaf4-7828fbf30170,James Botts,4,Berserker,RedTeam,3858,475,123.12078797304302,19,0,0,3,123.12078797304302,0.0,0.0,0,0,14,0
ereq_3362d57b-24f8-42e7-9a61-12bb56bd2dcf,2026-09-17T23:54:24.320042Z,nancy-goa:v2,2777766f-4931-4fd9-83f2-44a3f509ede1,NanosaurusX,5,Vanguard Knight,BlueTeam,3858,50,12.960082944530845,2,0,0,6,12.960082944530845,0.0,0.0,0,0,8,1
ereq_3362d57b-24f8-42e7-9a61-12bb56bd2dcf,2026-09-17T23:54:24.320042Z,aaron-gota-ir-coordinated-support-anchor-0916:v1,9cedf3ff-c7ce-4cff-897f-d48b44e049ad,Aaron's Co-play Coach,6,Ranger,BlueTeam,3858,2525,654.4841886988077,37,6,7,0,239.76153447382063,233.28149300155522,181.44116122343183,6,6,8,1
ereq_3362d57b-24f8-42e7-9a61-12bb56bd2dcf,2026-09-17T23:54:24.320042Z,aaron-gota-ir-perimeter-blue_repair-0916-aaron:v1,b64f1ccb-02e1-4ad5-b75b-f374222e9e9a,Aaron,7,Arcanist,BlueTeam,3858,1250,324.00207361327114,32,1,3,0,207.3613271124935,38.88024883359253,77.76049766718506,2,1,8,1
ereq_3362d57b-24f8-42e7-9a61-12bb56bd2dcf,2026-09-17T23:54:24.320042Z,macromackie-gota:v4,1a78a3f9-8112-4c2c-831a-f0ffee8dbacc,macromackie,8,Druid Warden,BlueTeam,3858,325,84.24053913945049,9,0,1,1,58.320373250388805,0.0,25.92016588906169,2,0,8,1
ereq_3362d57b-24f8-42e7-9a61-12bb56bd2dcf,2026-09-17T23:54:24.320042Z,gota-g003:v2,8cea4626-a0f1-4dd0-b066-58e6bd194ad3,Scott Smith,9,Demon Hunter,BlueTeam,3858,400,103.68066355624676,16,0,0,7,103.68066355624676,0.0,0.0,0,0,8,1
ereq_f70f4e6a-e54a-4ab0-ba21-800ab5a2c76d,2026-09-17T23:54:24.349634Z,aaron-gota-ir-coordinated-support-anchor-0916:v1,9cedf3ff-c7ce-4cff-897f-d48b44e049ad,Aaron's Co-play Coach,0,Death Knight,RedTeam,17252,3750,217.36610248087177,82,8,5,8,118.82680268954324,69.55715279387897,28.982146997449572,14,8,49,0
ereq_f70f4e6a-e54a-4ab0-ba21-800ab5a2c76d,2026-09-17T23:54:24.349634Z,gota-g002:v1,a30542cb-54de-4109-92e6-bcabca7db4d8,Alex Smith,1,Crossbowman,RedTeam,17252,2150,124.62323208903315,38,8,0,13,55.06607929515418,69.55715279387897,0.0,21,7,49,0
ereq_f70f4e6a-e54a-4ab0-ba21-800ab5a2c76d,2026-09-17T23:54:24.349634Z,Polyworld GOTA base.bas:v1,e8aed568-d03c-49bf-beaf-68c731f05d26,Andre von Houck,2,Lich,RedTeam,17252,5075,294.16879202411315,71,20,3,7,102.88662184094598,173.89288198469742,17.389288198469742,27,19,49,0
ereq_f70f4e6a-e54a-4ab0-ba21-800ab5a2c76d,2026-09-17T23:54:24.349634Z,red-kite:v34,a4590ed4-0b0c-4d86-8968-0844796f30e0,Andrew Brower,3,Warlock,RedTeam,17252,3400,197.0785995826571,82,9,0,10,118.82680268954324,78.25179689311385,0.0,14,9,49,0
ereq_f70f4e6a-e54a-4ab0-ba21-800ab5a2c76d,2026-09-17T23:54:24.349634Z,james-botts-gota:v13,40d72eea-ac61-44b0-aaf4-7828fbf30170,James Botts,4,Berserker,RedTeam,17252,3150,182.5875260839323,120,1,0,8,173.89288198469742,8.694644099234871,0.0,9,1,49,0
ereq_f70f4e6a-e54a-4ab0-ba21-800ab5a2c76d,2026-09-17T23:54:24.349634Z,aaron-gota-ir-perimeter-blue_repair-0916-aaron:v1,b64f1ccb-02e1-4ad5-b75b-f374222e9e9a,Aaron,5,Vanguard Knight,BlueTeam,17252,2200,127.5214467887781,44,4,5,8,63.76072339438905,34.778576396939485,28.982146997449572,7,4,46,1
ereq_f70f4e6a-e54a-4ab0-ba21-800ab5a2c76d,2026-09-17T23:54:24.349634Z,black-kite:v16,d10d7d74-40a7-4f6c-8838-e09729160349,Andrew Brower B,6,Ranger,BlueTeam,17252,5500,318.8036169719453,114,15,4,4,165.19823788546256,130.41966148852308,23.185717597959655,16,15,46,1
ereq_f70f4e6a-e54a-4ab0-ba21-800ab5a2c76d,2026-09-17T23:54:24.349634Z,gota-codex-side-aware-team-secondary-20260917:v1,a7551ee6-ef55-48f0-81bc-d1ba68ca54c2,daveey-2,7,Arcanist,BlueTeam,17252,4125,239.10271272895895,71,15,1,14,102.88662184094598,130.41966148852308,5.796429399489914,17,15,46,1
ereq_f70f4e6a-e54a-4ab0-ba21-800ab5a2c76d,2026-09-17T23:54:24.349634Z,richard-gods-of-the-arena:v78,881a807d-68ab-4a62-9b6c-e98694cf0bc3,richard,8,Druid Warden,BlueTeam,17252,2700,156.5035937862277,74,5,1,15,107.23394389056341,43.473220496174356,5.796429399489914,10,5,46,1
ereq_f70f4e6a-e54a-4ab0-ba21-800ab5a2c76d,2026-09-17T23:54:24.349634Z,khors:v1,fa00903c-0ba4-4eec-b20f-4c082550d80f,Andre von Auto,9,Demon Hunter,BlueTeam,17252,3925,227.50985392997913,111,7,1,8,160.85091583584511,60.8625086946441,5.796429399489914,14,7,46,1
ereq_047d7873-891c-47ee-9127-da7667fd8387,2026-09-17T23:54:24.360169Z,daf-gota-v1:v1,e7d1ba41-3be1-4785-815d-b3c9ad8f46b9,docxology,0,Death Knight,RedTeam,19878,2650,133.31321058456587,48,9,1,6,60.368246302444916,67.91427709025052,5.03068719187041,19,9,72,1
ereq_047d7873-891c-47ee-9127-da7667fd8387,2026-09-17T23:54:24.360169Z,red-kite:v34,a4590ed4-0b0c-4d86-8968-0844796f30e0,Andrew Brower,1,Crossbowman,RedTeam,19878,3875,194.93912868497836,53,17,0,11,66.65660529228293,128.28252339269545,0.0,25,17,72,1
ereq_047d7873-891c-47ee-9127-da7667fd8387,2026-09-17T23:54:24.360169Z,aaron-gota-ir-coordinated-support-anchor-0916:v1,9cedf3ff-c7ce-4cff-897f-d48b44e049ad,Aaron's Co-play Coach,2,Lich,RedTeam,19878,7200,362.20947781466947,134,23,4,6,168.52802092765873,173.55870811952911,20.12274876748164,33,23,72,1
ereq_047d7873-891c-47ee-9127-da7667fd8387,2026-09-17T23:54:24.360169Z,aaron-gota-ir-perimeter-blue_repair-0916-aaron:v1,b64f1ccb-02e1-4ad5-b75b-f374222e9e9a,Aaron,3,Warlock,RedTeam,19878,3975,199.96981587684877,69,9,9,6,86.77935405976456,67.91427709025052,45.276184726833684,30,9,72,1
ereq_047d7873-891c-47ee-9127-da7667fd8387,2026-09-17T23:54:24.360169Z,gota-g003:v2,8cea4626-a0f1-4dd0-b066-58e6bd194ad3,Scott Smith,4,Berserker,RedTeam,19878,4400,221.350236442298,92,12,3,7,115.70580541301942,90.55236945366737,15.092061575611229,20,12,72,1
ereq_047d7873-891c-47ee-9127-da7667fd8387,2026-09-17T23:54:24.360169Z,black-kite:v16,d10d7d74-40a7-4f6c-8838-e09729160349,Andrew Brower B,5,Vanguard Knight,BlueTeam,19878,4825,242.73065700774725,175,3,0,11,220.09256464433042,22.638092363416842,0.0,3,3,36,0
ereq_047d7873-891c-47ee-9127-da7667fd8387,2026-09-17T23:54:24.360169Z,relh-gods-of-the-arena:v154,99ff8b49-8bb6-4ee2-9204-ff24a8efda4e,relh,6,Ranger,BlueTeam,19878,8425,423.835395915082,213,16,7,11,267.8840929670993,120.73649260488983,35.214810343092864,21,16,36,0
ereq_047d7873-891c-47ee-9127-da7667fd8387,2026-09-17T23:54:24.360169Z,james-botts-gota:v13,40d72eea-ac61-44b0-aaf4-7828fbf30170,James Botts,7,Arcanist,BlueTeam,19878,3225,162.2396619378207,99,5,0,7,124.50950799879263,37.73015393902807,0.0,18,5,36,0
ereq_047d7873-891c-47ee-9127-da7667fd8387,2026-09-17T23:54:24.360169Z,richard-gods-of-the-arena:v78,881a807d-68ab-4a62-9b6c-e98694cf0bc3,richard,8,Druid Warden,BlueTeam,19878,450,22.638092363416842,18,0,0,20,22.638092363416842,0.0,0.0,7,0,36,0
ereq_047d7873-891c-47ee-9127-da7667fd8387,2026-09-17T23:54:24.360169Z,khors:v1,fa00903c-0ba4-4eec-b20f-4c082550d80f,Andre von Auto,9,Demon Hunter,BlueTeam,19878,2775,139.60156957440387,57,9,0,23,71.68729248415333,67.91427709025052,0.0,18,9,36,0
ereq_a05c8d2d-7924-4828-9e44-d53fbb726f42,2026-09-17T23:54:24.358281Z,gota-g002:v1,a30542cb-54de-4109-92e6-bcabca7db4d8,Alex Smith,0,Death Knight,RedTeam,4951,750,151.48454857604526,12,3,0,2,60.593819430418094,90.89072914562715,0.0,4,3,15,1
ereq_a05c8d2d-7924-4828-9e44-d53fbb726f42,2026-09-17T23:54:24.358281Z,aaron-gota-ir-coordinated-support-anchor-0916:v1,9cedf3ff-c7ce-4cff-897f-d48b44e049ad,Aaron's Co-play Coach,1,Crossbowman,RedTeam,4951,2800,565.5423146839022,50,7,5,0,252.47424762674208,212.07836800646334,100.98969905069683,9,7,15,1
ereq_a05c8d2d-7924-4828-9e44-d53fbb726f42,2026-09-17T23:54:24.358281Z,Jordan-ply_bcb80069-fb0c-4ba5-a45c-06b647870aeb:v218,f1cf890b-42d5-4cca-98cc-782774a7e9a7,Jordan,2,Lich,RedTeam,4951,1125,227.22682286406786,17,4,1,2,85.84124419309231,121.18763886083619,20.197939810139367,8,4,15,1
ereq_a05c8d2d-7924-4828-9e44-d53fbb726f42,2026-09-17T23:54:24.358281Z,macromackie-gota:v4,1a78a3f9-8112-4c2c-831a-f0ffee8dbacc,macromackie,3,Warlock,RedTeam,4951,375,75.74227428802263,5,1,1,2,25.247424762674207,30.296909715209047,20.197939810139367,3,1,15,1
ereq_a05c8d2d-7924-4828-9e44-d53fbb726f42,2026-09-17T23:54:24.358281Z,gota-g003:v2,8cea4626-a0f1-4dd0-b066-58e6bd194ad3,Scott Smith,4,Berserker,RedTeam,4951,475,95.94021409816199,19,0,0,5,95.94021409816199,0.0,0.0,3,0,15,1
ereq_a05c8d2d-7924-4828-9e44-d53fbb726f42,2026-09-17T23:54:24.358281Z,relh-gods-of-the-arena:v154,99ff8b49-8bb6-4ee2-9204-ff24a8efda4e,relh,5,Vanguard Knight,BlueTeam,4951,275,55.544334477883254,11,0,0,6,55.544334477883254,0.0,0.0,4,0,11,0
ereq_a05c8d2d-7924-4828-9e44-d53fbb726f42,2026-09-17T23:54:24.358281Z,james-botts-gota:v13,40d72eea-ac61-44b0-aaf4-7828fbf30170,James Botts,6,Ranger,BlueTeam,4951,1600,323.1670369622299,34,5,0,3,171.68248838618462,151.48454857604526,0.0,7,5,11,0
ereq_a05c8d2d-7924-4828-9e44-d53fbb726f42,2026-09-17T23:54:24.358281Z,aaron-gota-ir-perimeter-blue_repair-0916-aaron:v1,b64f1ccb-02e1-4ad5-b75b-f374222e9e9a,Aaron,7,Arcanist,BlueTeam,4951,375,75.74227428802263,3,2,0,5,15.148454857604523,60.593819430418094,0.0,5,2,11,0
ereq_a05c8d2d-7924-4828-9e44-d53fbb726f42,2026-09-17T23:54:24.358281Z,black-kite:v16,d10d7d74-40a7-4f6c-8838-e09729160349,Andrew Brower B,8,Druid Warden,BlueTeam,4951,475,95.94021409816199,15,0,1,1,75.74227428802263,0.0,20.197939810139367,4,0,11,0
ereq_a05c8d2d-7924-4828-9e44-d53fbb726f42,2026-09-17T23:54:24.358281Z,red-kite:v34,a4590ed4-0b0c-4d86-8968-0844796f30e0,Andrew Brower,9,Demon Hunter,BlueTeam,4951,1400,282.7711573419511,34,3,1,0,171.68248838618462,90.89072914562715,20.197939810139367,4,3,11,0
ereq_32be239c-b186-4d64-acf8-87b4955dd625,2026-09-17T23:54:24.379548Z,black-kite:v16,d10d7d74-40a7-4f6c-8838-e09729160349,Andrew Brower B,0,Death Knight,RedTeam,5026,1175,233.7843215280541,47,0,0,1,233.7843215280541,0.0,0.0,1,0,11,0
ereq_32be239c-b186-4d64-acf8-87b4955dd625,2026-09-17T23:54:24.379548Z,gota-g002:v1,a30542cb-54de-4109-92e6-bcabca7db4d8,Alex Smith,1,Crossbowman,RedTeam,5026,1250,248.70672502984482,20,3,3,1,99.48269001193792,89.53442101074413,59.68961400716275,9,3,11,0
ereq_32be239c-b186-4d64-acf8-87b4955dd625,2026-09-17T23:54:24.379548Z,gota-codex-side-aware-team-secondary-20260917:v1,a7551ee6-ef55-48f0-81bc-d1ba68ca54c2,daveey-2,2,Lich,RedTeam,5026,1075,213.88778352566652,37,1,0,2,184.04297652208516,29.844807003581376,0.0,2,1,11,0
ereq_32be239c-b186-4d64-acf8-87b4955dd625,2026-09-17T23:54:24.379548Z,macromackie-gota:v4,1a78a3f9-8112-4c2c-831a-f0ffee8dbacc,macromackie,3,Warlock,RedTeam,5026,850,169.12057302029447,10,4,0,2,49.74134500596896,119.3792280143255,0.0,7,4,11,0
ereq_32be239c-b186-4d64-acf8-87b4955dd625,2026-09-17T23:54:24.379548Z,james-botts-gota:v13,40d72eea-ac61-44b0-aaf4-7828fbf30170,James Botts,4,Berserker,RedTeam,5026,1325,263.6291285316355,47,1,0,3,233.7843215280541,29.844807003581376,0.0,1,1,11,0
ereq_32be239c-b186-4d64-acf8-87b4955dd625,2026-09-17T23:54:24.379548Z,khors:v1,fa00903c-0ba4-4eec-b20f-4c082550d80f,Andre von Auto,5,Vanguard Knight,BlueTeam,5026,600,119.3792280143255,12,2,0,3,59.68961400716275,59.68961400716275,0.0,2,2,9,1
ereq_32be239c-b186-4d64-acf8-87b4955dd625,2026-09-17T23:54:24.379548Z,relh-gods-of-the-arena:v154,99ff8b49-8bb6-4ee2-9204-ff24a8efda4e,relh,6,Ranger,BlueTeam,5026,950,189.01711102268206,30,0,2,1,149.22403501790689,0.0,39.793076004775166,1,0,9,1
ereq_32be239c-b186-4d64-acf8-87b4955dd625,2026-09-17T23:54:24.379548Z,richard-gods-of-the-arena:v78,881a807d-68ab-4a62-9b6c-e98694cf0bc3,richard,7,Arcanist,BlueTeam,5026,900,179.06884202148825,26,1,1,4,129.3274970155193,29.844807003581376,19.896538002387583,2,1,9,1
ereq_32be239c-b186-4d64-acf8-87b4955dd625,2026-09-17T23:54:24.379548Z,Jordan-ply_bcb80069-fb0c-4ba5-a45c-06b647870aeb:v218,f1cf890b-42d5-4cca-98cc-782774a7e9a7,Jordan,8,Druid Warden,BlueTeam,5026,1100,218.86191802626342,24,2,2,2,119.3792280143255,59.68961400716275,39.793076004775166,2,2,9,1
ereq_32be239c-b186-4d64-acf8-87b4955dd625,2026-09-17T23:54:24.379548Z,aaron-gota-ir-perimeter-blue_repair-0916-aaron:v1,b64f1ccb-02e1-4ad5-b75b-f374222e9e9a,Aaron,9,Demon Hunter,BlueTeam,5026,2200,437.72383605252685,38,3,8,1,189.01711102268206,89.53442101074413,159.17230401910066,3,3,9,1
ereq_ac665cc2-c540-412e-ba23-1b0295903f24,2026-09-17T23:54:24.370029Z,khors:v1,fa00903c-0ba4-4eec-b20f-4c082550d80f,Andre von Auto,0,Death Knight,RedTeam,5374,1150,213.99330107927057,24,3,1,2,111.64867882396724,83.73650911797544,18.608113137327877,8,3,16,0
ereq_ac665cc2-c540-412e-ba23-1b0295903f24,2026-09-17T23:54:24.370029Z,james-botts-gota:v13,40d72eea-ac61-44b0-aaf4-7828fbf30170,James Botts,1,Crossbowman,RedTeam,5374,1250,232.60141421659844,50,0,0,0,232.60141421659844,0.0,0.0,1,0,16,0
ereq_ac665cc2-c540-412e-ba23-1b0295903f24,2026-09-17T23:54:24.370029Z,Polyworld GOTA base.bas:v1,e8aed568-d03c-49bf-beaf-68c731f05d26,Andre von Houck,2,Lich,RedTeam,5374,700,130.25679196129514,22,1,0,1,102.3446222553033,27.91216970599181,0.0,9,1,16,0
ereq_ac665cc2-c540-412e-ba23-1b0295903f24,2026-09-17T23:54:24.370029Z,gota-g002:v1,a30542cb-54de-4109-92e6-bcabca7db4d8,Alex Smith,3,Warlock,RedTeam,5374,1600,297.729810197246,6,9,1,2,27.91216970599181,251.20952735392632,18.608113137327877,14,9,16,0
ereq_ac665cc2-c540-412e-ba23-1b0295903f24,2026-09-17T23:54:24.370029Z,gota-codex-side-aware-team-secondary-20260917:v1,a7551ee6-ef55-48f0-81bc-d1ba68ca54c2,daveey-2,4,Berserker,RedTeam,5374,775,144.21287681429104,15,2,1,3,69.78042426497953,55.82433941198362,18.608113137327877,5,2,16,0
ereq_ac665cc2-c540-412e-ba23-1b0295903f24,2026-09-17T23:54:24.370029Z,games-bond-gota:v6,58af3f96-f479-4fc3-b777-276e53f48b06,Games Bond,5,Vanguard Knight,BlueTeam,5374,375,69.78042426497953,3,2,0,5,13.956084852995906,55.82433941198362,0.0,4,2,8,1
ereq_ac665cc2-c540-412e-ba23-1b0295903f24,2026-09-17T23:54:24.370029Z,aaron-gota-ir-perimeter-blue_repair-0916-aaron:v1,b64f1ccb-02e1-4ad5-b75b-f374222e9e9a,Aaron,6,Ranger,BlueTeam,5374,1700,316.3379233345739,42,1,5,2,195.3851879419427,27.91216970599181,93.04056568663937,1,1,8,1
ereq_ac665cc2-c540-412e-ba23-1b0295903f24,2026-09-17T23:54:24.370029Z,black-kite:v16,d10d7d74-40a7-4f6c-8838-e09729160349,Andrew Brower B,7,Arcanist,BlueTeam,5374,600,111.64867882396724,14,1,1,2,65.12839598064757,27.91216970599181,18.608113137327877,2,1,8,1
ereq_ac665cc2-c540-412e-ba23-1b0295903f24,2026-09-17T23:54:24.370029Z,gota-g003:v2,8cea4626-a0f1-4dd0-b066-58e6bd194ad3,Scott Smith,8,Druid Warden,BlueTeam,5374,750,139.56084852995906,24,1,0,6,111.64867882396724,27.91216970599181,0.0,4,1,8,1
ereq_ac665cc2-c540-412e-ba23-1b0295903f24,2026-09-17T23:54:24.370029Z,red-kite:v34,a4590ed4-0b0c-4d86-8968-0844796f30e0,Andrew Brower,9,Demon Hunter,BlueTeam,5374,950,176.7770748046148,34,0,1,1,158.16896166728694,0.0,18.608113137327877,0,0,8,1
ereq_0fa7925c-872e-4fe6-97fe-98289c167928,2026-09-17T23:54:24.335544Z,black-kite:v16,d10d7d74-40a7-4f6c-8838-e09729160349,Andrew Brower B,0,Death Knight,RedTeam,6784,875,128.97995283018867,29,1,0,4,106.86910377358491,22.110849056603772,0.0,3,1,15,0
ereq_0fa7925c-872e-4fe6-97fe-98289c167928,2026-09-17T23:54:24.335544Z,gota-g002:v1,a30542cb-54de-4109-92e6-bcabca7db4d8,Alex Smith,1,Crossbowman,RedTeam,6784,2150,316.92216981132077,26,8,3,2,95.81367924528301,176.88679245283018,44.221698113207545,11,8,15,0
ereq_0fa7925c-872e-4fe6-97fe-98289c167928,2026-09-17T23:54:24.335544Z,gota-vanguard-rally-hold:v1,3ccd4955-3d9c-4c79-a243-e5dc12d650ad,daveey,2,Lich,RedTeam,6784,1175,173.20165094339623,19,4,1,1,70.01768867924528,88.44339622641509,14.74056603773585,8,4,15,0
ereq_0fa7925c-872e-4fe6-97fe-98289c167928,2026-09-17T23:54:24.335544Z,Polyworld GOTA base.bas:v1,e8aed568-d03c-49bf-beaf-68c731f05d26,Andre von Houck,3,Warlock,RedTeam,6784,550,81.07311320754717,14,0,2,1,51.591981132075475,0.0,29.4811320754717,8,0,15,0
ereq_0fa7925c-872e-4fe6-97fe-98289c167928,2026-09-17T23:54:24.335544Z,richard-gods-of-the-arena:v78,881a807d-68ab-4a62-9b6c-e98694cf0bc3,richard,4,Berserker,RedTeam,6784,1025,151.09080188679246,41,0,0,5,151.09080188679246,0.0,0.0,4,0,15,0
ereq_0fa7925c-872e-4fe6-97fe-98289c167928,2026-09-17T23:54:24.335544Z,james-botts-gota:v13,40d72eea-ac61-44b0-aaf4-7828fbf30170,James Botts,5,Vanguard Knight,BlueTeam,6784,975,143.72051886792454,39,0,0,0,143.72051886792454,0.0,0.0,3,0,13,1
ereq_0fa7925c-872e-4fe6-97fe-98289c167928,2026-09-17T23:54:24.335544Z,khors:v1,fa00903c-0ba4-4eec-b20f-4c082550d80f,Andre von Auto,6,Ranger,BlueTeam,6784,1400,206.3679245283019,32,4,0,10,117.9245283018868,88.44339622641509,0.0,7,4,13,1
ereq_0fa7925c-872e-4fe6-97fe-98289c167928,2026-09-17T23:54:24.335544Z,red-kite:v34,a4590ed4-0b0c-4d86-8968-0844796f30e0,Andrew Brower,7,Arcanist,BlueTeam,6784,625,92.12853773584905,15,1,1,2,55.277122641509436,22.110849056603772,14.74056603773585,3,1,13,1
ereq_0fa7925c-872e-4fe6-97fe-98289c167928,2026-09-17T23:54:24.335544Z,Jordan-ply_bcb80069-fb0c-4ba5-a45c-06b647870aeb:v218,f1cf890b-42d5-4cca-98cc-782774a7e9a7,Jordan,8,Druid Warden,BlueTeam,6784,750,110.55424528301887,18,2,0,2,66.33254716981132,44.221698113207545,0.0,7,2,13,1
ereq_0fa7925c-872e-4fe6-97fe-98289c167928,2026-09-17T23:54:24.335544Z,aaron-gota-ir-coordinated-support-anchor-0916:v1,9cedf3ff-c7ce-4cff-897f-d48b44e049ad,Aaron's Co-play Coach,9,Demon Hunter,BlueTeam,6784,2125,313.23702830188677,49,4,3,1,180.57193396226415,88.44339622641509,44.221698113207545,8,4,13,1
ereq_56829b76-577b-451d-838b-0f5b30878007,2026-09-17T23:54:24.386542Z,Jordan-ply_bcb80069-fb0c-4ba5-a45c-06b647870aeb:v218,f1cf890b-42d5-4cca-98cc-782774a7e9a7,Jordan,0,Death Knight,RedTeam,3476,925,266.11047180667435,19,3,0,1,136.6513233601841,129.45914844649022,0.0,8,3,10,0
ereq_56829b76-577b-451d-838b-0f5b30878007,2026-09-17T23:54:24.386542Z,richard-gods-of-the-arena:v78,881a807d-68ab-4a62-9b6c-e98694cf0bc3,richard,1,Crossbowman,RedTeam,3476,1800,517.8365937859609,22,7,2,0,158.22784810126583,302.07134637514383,57.537399309551205,10,7,10,0
ereq_56829b76-577b-451d-838b-0f5b30878007,2026-09-17T23:54:24.386542Z,macromackie-gota:v4,1a78a3f9-8112-4c2c-831a-f0ffee8dbacc,macromackie,2,Lich,RedTeam,3476,650,186.99654775604142,22,0,1,0,158.22784810126583,0.0,28.768699654775602,4,0,10,0
ereq_56829b76-577b-451d-838b-0f5b30878007,2026-09-17T23:54:24.386542Z,aaron-gota-ir-perimeter-blue_repair-0916-aaron:v1,b64f1ccb-02e1-4ad5-b75b-f374222e9e9a,Aaron,3,Warlock,RedTeam,3476,225,64.72957422324511,9,0,0,5,64.72957422324511,0.0,0.0,0,0,10,0
ereq_56829b76-577b-451d-838b-0f5b30878007,2026-09-17T23:54:24.386542Z,james-botts-gota:v13,40d72eea-ac61-44b0-aaf4-7828fbf30170,James Botts,4,Berserker,RedTeam,3476,400,115.07479861910241,16,0,0,0,115.07479861910241,0.0,0.0,0,0,10,0
ereq_56829b76-577b-451d-838b-0f5b30878007,2026-09-17T23:54:24.386542Z,aaron-gota-ir-coordinated-support-anchor-0916:v1,9cedf3ff-c7ce-4cff-897f-d48b44e049ad,Aaron's Co-play Coach,5,Vanguard Knight,BlueTeam,3476,775,222.95742232451093,7,0,6,0,50.34522439585731,0.0,172.61219792865361,2,0,6,1
ereq_56829b76-577b-451d-838b-0f5b30878007,2026-09-17T23:54:24.386542Z,relh-gods-of-the-arena:v154,99ff8b49-8bb6-4ee2-9204-ff24a8efda4e,relh,6,Ranger,BlueTeam,3476,1000,287.68699654775605,22,3,0,0,158.22784810126583,129.45914844649022,0.0,3,3,6,1
ereq_56829b76-577b-451d-838b-0f5b30878007,2026-09-17T23:54:24.386542Z,black-kite:v16,d10d7d74-40a7-4f6c-8838-e09729160349,Andrew Brower B,7,Arcanist,BlueTeam,3476,1275,366.8009205983889,39,2,0,0,280.49482163406213,86.30609896432681,0.0,2,2,6,1
ereq_56829b76-577b-451d-838b-0f5b30878007,2026-09-17T23:54:24.386542Z,red-kite:v34,a4590ed4-0b0c-4d86-8968-0844796f30e0,Andrew Brower,8,Druid Warden,BlueTeam,3476,250,71.92174913693901,10,0,0,4,71.92174913693901,0.0,0.0,1,0,6,1
ereq_56829b76-577b-451d-838b-0f5b30878007,2026-09-17T23:54:24.386542Z,gota-g003:v2,8cea4626-a0f1-4dd0-b066-58e6bd194ad3,Scott Smith,9,Demon Hunter,BlueTeam,3476,300,86.30609896432681,12,0,0,6,86.30609896432681,0.0,0.0,0,0,6,1
ereq_211a57f7-d3c6-4144-97bd-4ea6c4fa0cc6,2026-09-17T23:54:24.350373Z,Jordan-ply_bcb80069-fb0c-4ba5-a45c-06b647870aeb:v218,f1cf890b-42d5-4cca-98cc-782774a7e9a7,Jordan,0,Death Knight,RedTeam,6162,1200,194.74196689386562,36,2,0,2,146.0564751703992,48.685491723466406,0.0,4,2,16,0
ereq_211a57f7-d3c6-4144-97bd-4ea6c4fa0cc6,2026-09-17T23:54:24.350373Z,macromackie-gota:v4,1a78a3f9-8112-4c2c-831a-f0ffee8dbacc,macromackie,1,Crossbowman,RedTeam,6162,1525,247.4845829276209,43,3,0,4,174.4563453424213,73.0282375851996,0.0,5,3,16,0
ereq_211a57f7-d3c6-4144-97bd-4ea6c4fa0cc6,2026-09-17T23:54:24.350373Z,red-kite:v34,a4590ed4-0b0c-4d86-8968-0844796f30e0,Andrew Brower,2,Lich,RedTeam,6162,1475,239.37033430704318,29,5,0,0,117.65660499837715,121.71372930866602,0.0,8,5,16,0
ereq_211a57f7-d3c6-4144-97bd-4ea6c4fa0cc6,2026-09-17T23:54:24.350373Z,aaron-gota-ir-perimeter-blue_repair-0916-aaron:v1,b64f1ccb-02e1-4ad5-b75b-f374222e9e9a,Aaron,3,Warlock,RedTeam,6162,1975,320.5128205128205,55,2,3,2,223.1418370658877,48.685491723466406,48.685491723466406,2,2,16,0
ereq_211a57f7-d3c6-4144-97bd-4ea6c4fa0cc6,2026-09-17T23:54:24.350373Z,black-kite:v16,d10d7d74-40a7-4f6c-8838-e09729160349,Andrew Brower B,4,Berserker,RedTeam,6162,750,121.71372930866602,20,1,1,1,81.14248620577735,24.342745861733203,16.22849724115547,6,1,16,0
ereq_211a57f7-d3c6-4144-97bd-4ea6c4fa0cc6,2026-09-17T23:54:24.350373Z,james-botts-gota:v13,40d72eea-ac61-44b0-aaf4-7828fbf30170,James Botts,5,Vanguard Knight,BlueTeam,6162,975,158.22784810126583,39,0,0,2,158.22784810126583,0.0,0.0,1,0,9,1
ereq_211a57f7-d3c6-4144-97bd-4ea6c4fa0cc6,2026-09-17T23:54:24.350373Z,gota-vanguard-rally-hold:v1,3ccd4955-3d9c-4c79-a243-e5dc12d650ad,daveey,6,Ranger,BlueTeam,6162,1850,300.2271989613762,46,4,1,3,186.62771827328788,97.37098344693281,16.22849724115547,6,4,9,1
ereq_211a57f7-d3c6-4144-97bd-4ea6c4fa0cc6,2026-09-17T23:54:24.350373Z,gota-codex-side-aware-team-secondary-20260917:v1,a7551ee6-ef55-48f0-81bc-d1ba68ca54c2,daveey-2,7,Arcanist,BlueTeam,6162,1575,255.59883154819863,37,3,2,2,150.1135994806881,73.0282375851996,32.45699448231094,4,3,9,1
ereq_211a57f7-d3c6-4144-97bd-4ea6c4fa0cc6,2026-09-17T23:54:24.350373Z,relh-gods-of-the-arena:v154,99ff8b49-8bb6-4ee2-9204-ff24a8efda4e,relh,8,Druid Warden,BlueTeam,6162,225,36.5141187925998,9,0,0,6,36.5141187925998,0.0,0.0,0,0,9,1
ereq_211a57f7-d3c6-4144-97bd-4ea6c4fa0cc6,2026-09-17T23:54:24.350373Z,aaron-gota-ir-coordinated-support-anchor-0916:v1,9cedf3ff-c7ce-4cff-897f-d48b44e049ad,Aaron's Co-play Coach,9,Demon Hunter,BlueTeam,6162,850,137.9422265498215,12,1,4,3,48.685491723466406,24.342745861733203,64.91398896462188,2,1,9,1
ereq_71287283-a727-4eb6-b386-1a2d0a8c40c4,2026-09-17T23:54:24.384417Z,gota-g002:v1,a30542cb-54de-4109-92e6-bcabca7db4d8,Alex Smith,0,Death Knight,RedTeam,10591,1650,155.7926541403078,42,4,0,11,99.14077990746861,56.651874232839205,0.0,8,4,29,0
ereq_71287283-a727-4eb6-b386-1a2d0a8c40c4,2026-09-17T23:54:24.384417Z,james-botts-gota:v13,40d72eea-ac61-44b0-aaf4-7828fbf30170,James Botts,1,Crossbowman,RedTeam,10591,2775,262.0149183268813,87,4,0,0,205.36304409404212,56.651874232839205,0.0,5,4,29,0
ereq_71287283-a727-4eb6-b386-1a2d0a8c40c4,2026-09-17T23:54:24.384417Z,aaron-gota-ir-coordinated-support-anchor-0916:v1,9cedf3ff-c7ce-4cff-897f-d48b44e049ad,Aaron's Co-play Coach,2,Lich,RedTeam,10591,3900,368.2371825134548,66,11,6,4,155.7926541403078,155.7926541403078,56.651874232839205,13,11,29,0
ereq_71287283-a727-4eb6-b386-1a2d0a8c40c4,2026-09-17T23:54:24.384417Z,richard-gods-of-the-arena:v78,881a807d-68ab-4a62-9b6c-e98694cf0bc3,richard,3,Warlock,RedTeam,10591,1825,172.31611745821925,43,5,0,11,101.50127466717024,70.814842791049,0.0,7,5,29,0
ereq_71287283-a727-4eb6-b386-1a2d0a8c40c4,2026-09-17T23:54:24.384417Z,gota-codex-side-aware-team-secondary-20260917:v1,a7551ee6-ef55-48f0-81bc-d1ba68ca54c2,daveey-2,4,Berserker,RedTeam,10591,1800,169.9556226985176,44,4,1,9,103.86176942687187,56.651874232839205,9.441979038806533,6,3,29,0
ereq_71287283-a727-4eb6-b386-1a2d0a8c40c4,2026-09-17T23:54:24.384417Z,red-kite:v34,a4590ed4-0b0c-4d86-8968-0844796f30e0,Andrew Brower,5,Vanguard Knight,BlueTeam,10591,1100,103.86176942687187,44,0,0,5,103.86176942687187,0.0,0.0,6,0,35,1
ereq_71287283-a727-4eb6-b386-1a2d0a8c40c4,2026-09-17T23:54:24.384417Z,Polyworld GOTA base.bas:v1,e8aed568-d03c-49bf-beaf-68c731f05d26,Andre von Houck,6,Ranger,BlueTeam,10591,3550,335.19025587763196,62,12,2,6,146.35067510150128,169.9556226985176,18.883958077613066,18,12,35,1
ereq_71287283-a727-4eb6-b386-1a2d0a8c40c4,2026-09-17T23:54:24.384417Z,macromackie-gota:v4,1a78a3f9-8112-4c2c-831a-f0ffee8dbacc,macromackie,7,Arcanist,BlueTeam,10591,1625,153.43215938060618,37,4,1,7,87.33830610896044,56.651874232839205,9.441979038806533,10,4,35,1
ereq_71287283-a727-4eb6-b386-1a2d0a8c40c4,2026-09-17T23:54:24.384417Z,aaron-gota-ir-perimeter-blue_repair-0916-aaron:v1,b64f1ccb-02e1-4ad5-b75b-f374222e9e9a,Aaron,8,Druid Warden,BlueTeam,10591,4675,441.41252006420547,71,14,8,2,167.59512793881598,198.28155981493722,75.53583231045226,20,14,35,1
ereq_71287283-a727-4eb6-b386-1a2d0a8c40c4,2026-09-17T23:54:24.384417Z,gota-vanguard-rally-hold:v1,3ccd4955-3d9c-4c79-a243-e5dc12d650ad,daveey,9,Demon Hunter,BlueTeam,10591,1125,106.22226418657351,27,3,0,9,63.733358511944104,42.4889056746294,0.0,10,3,35,1
ereq_974ae088-1a08-4fcd-a3bb-b3aa32ed2cd7,2026-09-17T23:54:24.339134Z,james-botts-gota:v13,40d72eea-ac61-44b0-aaf4-7828fbf30170,James Botts,0,Death Knight,RedTeam,5348,1350,252.43081525804038,54,0,0,0,252.43081525804038,0.0,0.0,0,0,12,0
ereq_974ae088-1a08-4fcd-a3bb-b3aa32ed2cd7,2026-09-17T23:54:24.339134Z,aaron-gota-ir-perimeter-blue_repair-0916-aaron:v1,b64f1ccb-02e1-4ad5-b75b-f374222e9e9a,Aaron,1,Crossbowman,RedTeam,5348,450,84.14360508601347,12,1,0,4,56.09573672400897,28.047868362004486,0.0,5,1,12,0
ereq_974ae088-1a08-4fcd-a3bb-b3aa32ed2cd7,2026-09-17T23:54:24.339134Z,black-kite:v16,d10d7d74-40a7-4f6c-8838-e09729160349,Andrew Brower B,2,Lich,RedTeam,5348,2425,453.44053851907256,59,5,2,0,275.80403889304415,140.23934181002244,37.397157816005986,5,5,12,0
ereq_974ae088-1a08-4fcd-a3bb-b3aa32ed2cd7,2026-09-17T23:54:24.339134Z,gota-g003:v2,8cea4626-a0f1-4dd0-b066-58e6bd194ad3,Scott Smith,3,Warlock,RedTeam,5348,625,116.8661181750187,19,1,0,7,88.8182498130142,28.047868362004486,0.0,6,1,12,0
ereq_974ae088-1a08-4fcd-a3bb-b3aa32ed2cd7,2026-09-17T23:54:24.339134Z,Jordan-ply_bcb80069-fb0c-4ba5-a45c-06b647870aeb:v218,f1cf890b-42d5-4cca-98cc-782774a7e9a7,Jordan,4,Berserker,RedTeam,5348,925,172.96185489902768,19,3,0,6,88.8182498130142,84.14360508601347,0.0,5,3,12,0
ereq_974ae088-1a08-4fcd-a3bb-b3aa32ed2cd7,2026-09-17T23:54:24.339134Z,gota-vanguard-rally-hold:v1,3ccd4955-3d9c-4c79-a243-e5dc12d650ad,daveey,5,Vanguard Knight,BlueTeam,5348,200,37.397157816005986,8,0,0,3,37.397157816005986,0.0,0.0,13,0,17,1
ereq_974ae088-1a08-4fcd-a3bb-b3aa32ed2cd7,2026-09-17T23:54:24.339134Z,richard-gods-of-the-arena:v78,881a807d-68ab-4a62-9b6c-e98694cf0bc3,richard,6,Ranger,BlueTeam,5348,2275,425.39267015706804,41,7,2,3,191.66043380703067,196.33507853403142,37.397157816005986,11,7,17,1
ereq_974ae088-1a08-4fcd-a3bb-b3aa32ed2cd7,2026-09-17T23:54:24.339134Z,gota-codex-side-aware-team-secondary-20260917:v1,a7551ee6-ef55-48f0-81bc-d1ba68ca54c2,daveey-2,7,Arcanist,BlueTeam,5348,1050,196.33507853403142,2,6,1,1,9.349289454001497,168.28721017202693,18.698578908002993,17,6,17,1
ereq_974ae088-1a08-4fcd-a3bb-b3aa32ed2cd7,2026-09-17T23:54:24.339134Z,nancy-goa:v2,2777766f-4931-4fd9-83f2-44a3f509ede1,NanosaurusX,8,Druid Warden,BlueTeam,5348,825,154.26327599102467,7,3,2,1,32.72251308900523,84.14360508601347,37.397157816005986,13,3,17,1
ereq_974ae088-1a08-4fcd-a3bb-b3aa32ed2cd7,2026-09-17T23:54:24.339134Z,gota-g002:v1,a30542cb-54de-4109-92e6-bcabca7db4d8,Alex Smith,9,Demon Hunter,BlueTeam,5348,100,18.698578908002993,4,0,0,4,18.698578908002993,0.0,0.0,3,0,17,1
ereq_4d896799-69a9-43cc-a072-03e3edc806e7,2026-09-17T23:54:24.323741Z,gota-g002:v1,a30542cb-54de-4109-92e6-bcabca7db4d8,Alex Smith,0,Death Knight,RedTeam,8778,1875,213.60218728639782,29,7,1,3,82.5928457507405,119.61722488038278,11.39211665527455,12,7,36,1
ereq_4d896799-69a9-43cc-a072-03e3edc806e7,2026-09-17T23:54:24.323741Z,gota-g003:v2,8cea4626-a0f1-4dd0-b066-58e6bd194ad3,Scott Smith,1,Crossbowman,RedTeam,8778,1850,210.75415812257918,40,5,1,3,113.9211665527455,85.44087491455913,11.39211665527455,10,5,36,1
ereq_4d896799-69a9-43cc-a072-03e3edc806e7,2026-09-17T23:54:24.323741Z,black-kite:v16,d10d7d74-40a7-4f6c-8838-e09729160349,Andrew Brower B,2,Lich,RedTeam,8778,4050,461.3807245386193,60,15,3,1,170.88174982911826,256.32262474367735,34.17634996582365,19,15,36,1
ereq_4d896799-69a9-43cc-a072-03e3edc806e7,2026-09-17T23:54:24.323741Z,gota-codex-side-aware-team-secondary-20260917:v1,a7551ee6-ef55-48f0-81bc-d1ba68ca54c2,daveey-2,3,Warlock,RedTeam,8778,1525,173.7297789929369,35,3,2,6,99.68102073365232,51.26452494873548,22.7842333105491,7,3,36,1
ereq_4d896799-69a9-43cc-a072-03e3edc806e7,2026-09-17T23:54:24.323741Z,aaron-gota-ir-coordinated-support-anchor-0916:v1,9cedf3ff-c7ce-4cff-897f-d48b44e049ad,Aaron's Co-play Coach,4,Berserker,RedTeam,8778,2075,236.38642059694692,45,5,2,3,128.16131237183868,85.44087491455913,22.7842333105491,9,5,36,1
ereq_4d896799-69a9-43cc-a072-03e3edc806e7,2026-09-17T23:54:24.323741Z,Polyworld GOTA base.bas:v1,e8aed568-d03c-49bf-beaf-68c731f05d26,Andre von Houck,5,Vanguard Knight,BlueTeam,8778,825,93.98496240601504,9,4,0,9,25.63226247436774,68.3526999316473,0.0,10,4,16,0
ereq_4d896799-69a9-43cc-a072-03e3edc806e7,2026-09-17T23:54:24.323741Z,aaron-gota-ir-perimeter-blue_repair-0916-aaron:v1,b64f1ccb-02e1-4ad5-b75b-f374222e9e9a,Aaron,6,Ranger,BlueTeam,8778,3150,358.85167464114835,66,8,3,3,187.9699248120301,136.7053998632946,34.17634996582365,12,8,16,0
ereq_4d896799-69a9-43cc-a072-03e3edc806e7,2026-09-17T23:54:24.323741Z,red-kite:v34,a4590ed4-0b0c-4d86-8968-0844796f30e0,Andrew Brower,7,Arcanist,BlueTeam,8778,1225,139.55342902711322,37,2,0,9,105.37707906128959,34.17634996582365,0.0,10,2,16,0
ereq_4d896799-69a9-43cc-a072-03e3edc806e7,2026-09-17T23:54:24.323741Z,relh-gods-of-the-arena:v154,99ff8b49-8bb6-4ee2-9204-ff24a8efda4e,relh,8,Druid Warden,BlueTeam,8778,1000,113.9211665527455,40,0,0,11,113.9211665527455,0.0,0.0,1,0,16,0
ereq_4d896799-69a9-43cc-a072-03e3edc806e7,2026-09-17T23:54:24.323741Z,james-botts-gota:v13,40d72eea-ac61-44b0-aaf4-7828fbf30170,James Botts,9,Demon Hunter,BlueTeam,8778,1475,168.03372066529963,59,0,0,4,168.03372066529963,0.0,0.0,0,0,16,0
ereq_e1ea2c0a-7727-449a-998d-2b6969dc56a1,2026-09-17T23:54:24.334794Z,gota-g003:v2,8cea4626-a0f1-4dd0-b066-58e6bd194ad3,Scott Smith,0,Death Knight,RedTeam,7736,225,29.084798345398138,9,0,0,10,29.084798345398138,0.0,0.0,5,0,16,0
ereq_e1ea2c0a-7727-449a-998d-2b6969dc56a1,2026-09-17T23:54:24.334794Z,khors:v1,fa00903c-0ba4-4eec-b20f-4c082550d80f,Andre von Auto,1,Crossbowman,RedTeam,7736,1775,229.44674250258532,35,6,0,7,113.10754912099276,116.33919338159255,0.0,7,6,16,0
ereq_e1ea2c0a-7727-449a-998d-2b6969dc56a1,2026-09-17T23:54:24.334794Z,red-kite:v34,a4590ed4-0b0c-4d86-8968-0844796f30e0,Andrew Brower,2,Lich,RedTeam,7736,2250,290.8479834539814,72,3,0,6,232.6783867631851,58.169596690796276,0.0,5,3,16,0
ereq_e1ea2c0a-7727-449a-998d-2b6969dc56a1,2026-09-17T23:54:24.334794Z,aaron-gota-ir-perimeter-blue_repair-0916-aaron:v1,b64f1ccb-02e1-4ad5-b75b-f374222e9e9a,Aaron,3,Warlock,RedTeam,7736,2175,281.153050672182,57,3,3,3,184.20372285418821,58.169596690796276,38.779731127197515,5,3,16,0
ereq_e1ea2c0a-7727-449a-998d-2b6969dc56a1,2026-09-17T23:54:24.334794Z,james-botts-gota:v13,40d72eea-ac61-44b0-aaf4-7828fbf30170,James Botts,4,Berserker,RedTeam,7736,650,84.02275077559462,14,2,0,1,45.2430196483971,38.779731127197515,0.0,5,2,16,0
ereq_e1ea2c0a-7727-449a-998d-2b6969dc56a1,2026-09-17T23:54:24.334794Z,daf-gota-v1:v1,e7d1ba41-3be1-4785-815d-b3c9ad8f46b9,docxology,5,Vanguard Knight,BlueTeam,7736,675,87.25439503619441,21,1,0,3,67.86452947259566,19.389865563598757,0.0,8,1,27,1
ereq_e1ea2c0a-7727-449a-998d-2b6969dc56a1,2026-09-17T23:54:24.334794Z,Jordan-ply_bcb80069-fb0c-4ba5-a45c-06b647870aeb:v218,f1cf890b-42d5-4cca-98cc-782774a7e9a7,Jordan,6,Ranger,BlueTeam,7736,2575,332.8593588417787,51,8,1,2,164.81385729058945,155.11892450879006,12.926577042399172,15,8,27,1
ereq_e1ea2c0a-7727-449a-998d-2b6969dc56a1,2026-09-17T23:54:24.334794Z,gota-g002:v1,a30542cb-54de-4109-92e6-bcabca7db4d8,Alex Smith,7,Arcanist,BlueTeam,7736,3925,507.36814891416753,57,14,4,2,184.20372285418821,271.45811789038265,51.70630816959669,17,14,27,1
ereq_e1ea2c0a-7727-449a-998d-2b6969dc56a1,2026-09-17T23:54:24.334794Z,relh-gods-of-the-arena:v154,99ff8b49-8bb6-4ee2-9204-ff24a8efda4e,relh,8,Druid Warden,BlueTeam,7736,850,109.87590486039296,18,2,1,3,58.169596690796276,38.779731127197515,12.926577042399172,3,2,27,1
ereq_e1ea2c0a-7727-449a-998d-2b6969dc56a1,2026-09-17T23:54:24.334794Z,gota-codex-side-aware-team-secondary-20260917:v1,a7551ee6-ef55-48f0-81bc-d1ba68ca54c2,daveey-2,9,Demon Hunter,BlueTeam,7736,850,109.87590486039296,22,2,0,6,71.09617373319546,38.779731127197515,0.0,2,2,27,1
ereq_8123763a-62c7-462a-ab5d-5e6b4927a522,2026-09-17T23:54:24.316445Z,james-botts-gota:v13,40d72eea-ac61-44b0-aaf4-7828fbf30170,James Botts,0,Death Knight,RedTeam,5032,425,84.45945945945945,17,0,0,0,84.45945945945945,0.0,0.0,2,0,6,0
ereq_8123763a-62c7-462a-ab5d-5e6b4927a522,2026-09-17T23:54:24.316445Z,Polyworld GOTA base.bas:v1,e8aed568-d03c-49bf-beaf-68c731f05d26,Andre von Houck,1,Crossbowman,RedTeam,5032,925,183.8235294117647,21,2,1,4,104.3322734499205,59.61844197138315,19.87281399046105,4,2,6,0
ereq_8123763a-62c7-462a-ab5d-5e6b4927a522,2026-09-17T23:54:24.316445Z,richard-gods-of-the-arena:v78,881a807d-68ab-4a62-9b6c-e98694cf0bc3,richard,2,Lich,RedTeam,5032,450,89.42766295707472,18,0,0,6,89.42766295707472,0.0,0.0,0,0,6,0
ereq_8123763a-62c7-462a-ab5d-5e6b4927a522,2026-09-17T23:54:24.316445Z,red-kite:v34,a4590ed4-0b0c-4d86-8968-0844796f30e0,Andrew Brower,3,Warlock,RedTeam,5032,625,124.20508744038156,25,0,0,7,124.20508744038156,0.0,0.0,1,0,6,0
ereq_8123763a-62c7-462a-ab5d-5e6b4927a522,2026-09-17T23:54:24.316445Z,macromackie-gota:v4,1a78a3f9-8112-4c2c-831a-f0ffee8dbacc,macromackie,4,Berserker,RedTeam,5032,1900,377.5834658187599,52,2,3,1,258.34658187599365,59.61844197138315,59.61844197138315,2,2,6,0
ereq_8123763a-62c7-462a-ab5d-5e6b4927a522,2026-09-17T23:54:24.316445Z,Jordan-ply_bcb80069-fb0c-4ba5-a45c-06b647870aeb:v218,f1cf890b-42d5-4cca-98cc-782774a7e9a7,Jordan,5,Vanguard Knight,BlueTeam,5032,250,49.68203497615262,6,0,1,2,29.809220985691574,0.0,19.87281399046105,2,0,18,1
ereq_8123763a-62c7-462a-ab5d-5e6b4927a522,2026-09-17T23:54:24.316445Z,aaron-gota-ir-perimeter-blue_repair-0916-aaron:v1,b64f1ccb-02e1-4ad5-b75b-f374222e9e9a,Aaron,6,Ranger,BlueTeam,5032,3475,690.5802861685214,45,9,10,0,223.5691573926868,268.2829888712242,198.7281399046105,11,9,18,1
ereq_8123763a-62c7-462a-ab5d-5e6b4927a522,2026-09-17T23:54:24.316445Z,black-kite:v16,d10d7d74-40a7-4f6c-8838-e09729160349,Andrew Brower B,7,Arcanist,BlueTeam,5032,2650,526.6295707472178,50,8,2,1,248.41017488076312,238.4737678855326,39.7456279809221,12,8,18,1
ereq_8123763a-62c7-462a-ab5d-5e6b4927a522,2026-09-17T23:54:24.316445Z,aaron-gota-ir-coordinated-support-anchor-0916:v1,9cedf3ff-c7ce-4cff-897f-d48b44e049ad,Aaron's Co-play Coach,8,Druid Warden,BlueTeam,5032,850,168.9189189189189,28,1,0,1,139.10969793322735,29.809220985691574,0.0,3,1,18,1
ereq_8123763a-62c7-462a-ab5d-5e6b4927a522,2026-09-17T23:54:24.316445Z,gota-codex-side-aware-team-secondary-20260917:v1,a7551ee6-ef55-48f0-81bc-d1ba68ca54c2,daveey-2,9,Demon Hunter,BlueTeam,5032,50,9.936406995230525,2,0,0,2,9.936406995230525,0.0,0.0,1,0,18,1
ereq_92251fd0-a615-4b76-9ca5-c3452254facb,2026-09-17T23:54:24.333415Z,gota-vanguard-rally-hold:v1,3ccd4955-3d9c-4c79-a243-e5dc12d650ad,daveey,0,Death Knight,RedTeam,18312,2250,122.870249017038,48,7,0,17,65.53079947575361,57.3394495412844,0.0,19,7,59,0
ereq_92251fd0-a615-4b76-9ca5-c3452254facb,2026-09-17T23:54:24.333415Z,red-kite:v34,a4590ed4-0b0c-4d86-8968-0844796f30e0,Andrew Brower,1,Crossbowman,RedTeam,18312,6625,361.78462210572303,141,20,1,9,192.4967234600262,163.826998689384,5.4608999563128,24,20,59,0
ereq_92251fd0-a615-4b76-9ca5-c3452254facb,2026-09-17T23:54:24.333415Z,james-botts-gota:v13,40d72eea-ac61-44b0-aaf4-7828fbf30170,James Botts,2,Lich,RedTeam,18312,3800,207.5141983398864,92,10,0,4,125.6006989951944,81.913499344692,0.0,22,10,59,0
ereq_92251fd0-a615-4b76-9ca5-c3452254facb,2026-09-17T23:54:24.333415Z,aaron-gota-ir-perimeter-blue_repair-0916-aaron:v1,b64f1ccb-02e1-4ad5-b75b-f374222e9e9a,Aaron,3,Warlock,RedTeam,18312,3750,204.78374836173,96,7,3,7,131.06159895150722,57.3394495412844,16.382699868938403,13,7,59,0
ereq_92251fd0-a615-4b76-9ca5-c3452254facb,2026-09-17T23:54:24.333415Z,richard-gods-of-the-arena:v78,881a807d-68ab-4a62-9b6c-e98694cf0bc3,richard,4,Berserker,RedTeam,18312,4650,253.9318479685452,106,12,2,15,144.7138488422892,98.2961992136304,10.9217999126256,21,12,59,0
ereq_92251fd0-a615-4b76-9ca5-c3452254facb,2026-09-17T23:54:24.333415Z,gota-codex-side-aware-team-secondary-20260917:v1,a7551ee6-ef55-48f0-81bc-d1ba68ca54c2,daveey-2,5,Vanguard Knight,BlueTeam,18312,1775,96.9309742245522,65,1,0,10,88.739624290083,8.191349934469201,0.0,7,1,52,1
ereq_92251fd0-a615-4b76-9ca5-c3452254facb,2026-09-17T23:54:24.333415Z,Polyworld GOTA base.bas:v1,e8aed568-d03c-49bf-beaf-68c731f05d26,Andre von Houck,6,Ranger,BlueTeam,18312,3450,188.4010484927916,66,10,3,13,90.1048492791612,81.913499344692,16.382699868938403,23,10,52,1
ereq_92251fd0-a615-4b76-9ca5-c3452254facb,2026-09-17T23:54:24.333415Z,aaron-gota-ir-coordinated-support-anchor-0916:v1,9cedf3ff-c7ce-4cff-897f-d48b44e049ad,Aaron's Co-play Coach,7,Arcanist,BlueTeam,18312,8725,476.46352118829185,133,30,9,6,181.5749235474006,245.740498034076,49.1480996068152,36,30,52,1
ereq_92251fd0-a615-4b76-9ca5-c3452254facb,2026-09-17T23:54:24.333415Z,khors:v1,fa00903c-0ba4-4eec-b20f-4c082550d80f,Andre von Auto,8,Druid Warden,BlueTeam,18312,1025,55.9742245522062,41,0,0,11,55.9742245522062,0.0,0.0,17,0,52,1
ereq_92251fd0-a615-4b76-9ca5-c3452254facb,2026-09-17T23:54:24.333415Z,macromackie-gota:v4,1a78a3f9-8112-4c2c-831a-f0ffee8dbacc,macromackie,9,Demon Hunter,BlueTeam,18312,1725,94.2005242463958,21,8,0,19,28.6697247706422,65.53079947575361,0.0,13,8,52,1
ereq_ee35a28c-9789-496d-9775-8bc3e0057fff,2026-09-17T23:54:24.321475Z,richard-gods-of-the-arena:v78,881a807d-68ab-4a62-9b6c-e98694cf0bc3,richard,0,Death Knight,RedTeam,19799,1725,87.1256124046669,47,3,1,12,59.346431637961516,22.72842062730441,5.05076013940098,9,3,29,0
ereq_ee35a28c-9789-496d-9775-8bc3e0057fff,2026-09-17T23:54:24.321475Z,relh-gods-of-the-arena:v154,99ff8b49-8bb6-4ee2-9204-ff24a8efda4e,relh,1,Crossbowman,RedTeam,19799,4775,241.17379665639677,157,5,1,11,198.24233547148845,37.88070104550735,5.05076013940098,6,5,29,0
ereq_ee35a28c-9789-496d-9775-8bc3e0057fff,2026-09-17T23:54:24.321475Z,macromackie-gota:v4,1a78a3f9-8112-4c2c-831a-f0ffee8dbacc,macromackie,2,Lich,RedTeam,19799,3100,156.57356432143038,92,4,2,13,116.16748320622254,30.30456083640588,10.10152027880196,7,4,29,0
ereq_ee35a28c-9789-496d-9775-8bc3e0057fff,2026-09-17T23:54:24.321475Z,black-kite:v16,d10d7d74-40a7-4f6c-8838-e09729160349,Andrew Brower B,3,Warlock,RedTeam,19799,4700,237.38572655184606,140,8,0,8,176.7766048790343,60.60912167281176,0.0,10,8,29,0
ereq_ee35a28c-9789-496d-9775-8bc3e0057fff,2026-09-17T23:54:24.321475Z,Jordan-ply_bcb80069-fb0c-4ba5-a45c-06b647870aeb:v218,f1cf890b-42d5-4cca-98cc-782774a7e9a7,Jordan,4,Berserker,RedTeam,19799,3925,198.24233547148845,111,5,4,11,140.15859386837718,37.88070104550735,20.20304055760392,9,5,29,0
ereq_ee35a28c-9789-496d-9775-8bc3e0057fff,2026-09-17T23:54:24.321475Z,red-kite:v34,a4590ed4-0b0c-4d86-8968-0844796f30e0,Andrew Brower,5,Vanguard Knight,BlueTeam,19799,5175,261.3768372140007,183,4,0,5,231.07227637759482,30.30456083640588,0.0,6,4,55,1
ereq_ee35a28c-9789-496d-9775-8bc3e0057fff,2026-09-17T23:54:24.321475Z,james-botts-gota:v13,40d72eea-ac61-44b0-aaf4-7828fbf30170,James Botts,6,Ranger,BlueTeam,19799,5025,253.80069700489923,177,4,0,1,223.49613616849336,30.30456083640588,0.0,9,4,55,1
ereq_ee35a28c-9789-496d-9775-8bc3e0057fff,2026-09-17T23:54:24.321475Z,khors:v1,fa00903c-0ba4-4eec-b20f-4c082550d80f,Andre von Auto,7,Arcanist,BlueTeam,19799,6925,349.76513965351785,111,27,1,8,140.15859386837718,204.5557856457397,5.05076013940098,33,27,55,1
ereq_ee35a28c-9789-496d-9775-8bc3e0057fff,2026-09-17T23:54:24.321475Z,games-bond-gota:v6,58af3f96-f479-4fc3-b777-276e53f48b06,Games Bond,8,Druid Warden,BlueTeam,19799,625,31.567250871256125,7,3,0,9,8.838830243951715,22.72842062730441,0.0,18,3,55,1
ereq_ee35a28c-9789-496d-9775-8bc3e0057fff,2026-09-17T23:54:24.321475Z,gota-g002:v1,a30542cb-54de-4109-92e6-bcabca7db4d8,Alex Smith,9,Demon Hunter,BlueTeam,19799,4675,236.1230365169958,75,14,7,6,94.70175261376838,106.06596292742057,35.35532097580686,14,14,55,1
ereq_845cc4ea-01c8-46c3-a002-1a97223257a5,2026-09-17T23:54:24.347545Z,red-kite:v34,a4590ed4-0b0c-4d86-8968-0844796f30e0,Andrew Brower,0,Death Knight,RedTeam,6935,1925,277.577505407354,67,1,1,1,241.52847873107427,21.629416005767844,14.419610670511895,1,1,10,0
ereq_845cc4ea-01c8-46c3-a002-1a97223257a5,2026-09-17T23:54:24.347545Z,james-botts-gota:v13,40d72eea-ac61-44b0-aaf4-7828fbf30170,James Botts,1,Crossbowman,RedTeam,6935,1375,198.26964671953857,49,1,0,3,176.64023071377073,21.629416005767844,0.0,2,1,10,0
ereq_845cc4ea-01c8-46c3-a002-1a97223257a5,2026-09-17T23:54:24.347545Z,aaron-gota-ir-coordinated-support-anchor-0916:v1,9cedf3ff-c7ce-4cff-897f-d48b44e049ad,Aaron's Co-play Coach,2,Lich,RedTeam,6935,775,111.7519826964672,13,3,0,6,46.86373467916366,64.88824801730354,0.0,6,3,10,0
ereq_845cc4ea-01c8-46c3-a002-1a97223257a5,2026-09-17T23:54:24.347545Z,gota-g002:v1,a30542cb-54de-4109-92e6-bcabca7db4d8,Alex Smith,3,Warlock,RedTeam,6935,500,72.09805335255948,10,1,1,8,36.04902667627974,21.629416005767844,14.419610670511895,2,1,10,0
ereq_845cc4ea-01c8-46c3-a002-1a97223257a5,2026-09-17T23:54:24.347545Z,nancy-goa:v2,2777766f-4931-4fd9-83f2-44a3f509ede1,NanosaurusX,4,Berserker,RedTeam,6935,1050,151.40591204037491,30,2,0,11,108.14708002883923,43.25883201153569,0.0,4,2,10,0
ereq_845cc4ea-01c8-46c3-a002-1a97223257a5,2026-09-17T23:54:24.347545Z,richard-gods-of-the-arena:v78,881a807d-68ab-4a62-9b6c-e98694cf0bc3,richard,5,Vanguard Knight,BlueTeam,6935,825,118.96178803172315,27,1,0,3,97.3323720259553,21.629416005767844,0.0,6,1,29,1
ereq_845cc4ea-01c8-46c3-a002-1a97223257a5,2026-09-17T23:54:24.347545Z,gota-g003:v2,8cea4626-a0f1-4dd0-b066-58e6bd194ad3,Scott Smith,6,Ranger,BlueTeam,6935,4450,641.6726748377794,32,21,5,0,115.35688536409516,454.21773612112474,72.09805335255948,26,21,29,1
ereq_845cc4ea-01c8-46c3-a002-1a97223257a5,2026-09-17T23:54:24.347545Z,gota-codex-side-aware-team-secondary-20260917:v1,a7551ee6-ef55-48f0-81bc-d1ba68ca54c2,daveey-2,7,Arcanist,BlueTeam,6935,175,25.23431867339582,1,1,0,3,3.604902667627974,21.629416005767844,0.0,6,1,29,1
ereq_845cc4ea-01c8-46c3-a002-1a97223257a5,2026-09-17T23:54:24.347545Z,gota-vanguard-rally-hold:v1,3ccd4955-3d9c-4c79-a243-e5dc12d650ad,daveey,8,Druid Warden,BlueTeam,6935,1000,144.19610670511895,28,2,0,1,100.93727469358328,43.25883201153569,0.0,6,2,29,1
ereq_845cc4ea-01c8-46c3-a002-1a97223257a5,2026-09-17T23:54:24.347545Z,aaron-gota-ir-perimeter-blue_repair-0916-aaron:v1,b64f1ccb-02e1-4ad5-b75b-f374222e9e9a,Aaron,9,Demon Hunter,BlueTeam,6935,1375,198.26964671953857,19,4,3,3,68.4931506849315,86.51766402307138,43.25883201153569,8,4,29,1
ereq_c122fd4c-83bf-46e4-8462-b67a45de70f9,2026-09-17T23:54:24.334103Z,richard-gods-of-the-arena:v78,881a807d-68ab-4a62-9b6c-e98694cf0bc3,richard,0,Death Knight,RedTeam,3626,350,96.52509652509653,8,1,0,4,55.15719801434087,41.36789851075565,0.0,3,1,10,1
ereq_c122fd4c-83bf-46e4-8462-b67a45de70f9,2026-09-17T23:54:24.334103Z,red-kite:v34,a4590ed4-0b0c-4d86-8968-0844796f30e0,Andrew Brower,1,Crossbowman,RedTeam,3626,125,34.473248758963045,1,0,1,2,6.894649751792609,0.0,27.578599007170435,1,0,10,1
ereq_c122fd4c-83bf-46e4-8462-b67a45de70f9,2026-09-17T23:54:24.334103Z,gota-g002:v1,a30542cb-54de-4109-92e6-bcabca7db4d8,Alex Smith,2,Lich,RedTeam,3626,1725,475.73083287369,25,6,2,0,172.36624379481523,248.2073910645339,55.15719801434087,6,6,10,1
ereq_c122fd4c-83bf-46e4-8462-b67a45de70f9,2026-09-17T23:54:24.334103Z,james-botts-gota:v13,40d72eea-ac61-44b0-aaf4-7828fbf30170,James Botts,3,Warlock,RedTeam,3626,875,241.3127413127413,29,1,0,0,199.94484280198566,41.36789851075565,0.0,1,1,10,1
ereq_c122fd4c-83bf-46e4-8462-b67a45de70f9,2026-09-17T23:54:24.334103Z,aaron-gota-ir-perimeter-blue_repair-0916-aaron:v1,b64f1ccb-02e1-4ad5-b75b-f374222e9e9a,Aaron,4,Berserker,RedTeam,3626,600,165.4715940430226,14,1,1,1,96.52509652509653,41.36789851075565,27.578599007170435,3,1,10,1
ereq_c122fd4c-83bf-46e4-8462-b67a45de70f9,2026-09-17T23:54:24.334103Z,relh-gods-of-the-arena:v154,99ff8b49-8bb6-4ee2-9204-ff24a8efda4e,relh,5,Vanguard Knight,BlueTeam,3626,75,20.683949255377826,3,0,0,4,20.683949255377826,0.0,0.0,1,0,7,0
ereq_c122fd4c-83bf-46e4-8462-b67a45de70f9,2026-09-17T23:54:24.334103Z,macromackie-gota:v4,1a78a3f9-8112-4c2c-831a-f0ffee8dbacc,macromackie,6,Ranger,BlueTeam,3626,325,89.63044677330392,7,1,0,3,48.262548262548265,41.36789851075565,0.0,2,1,7,0
ereq_c122fd4c-83bf-46e4-8462-b67a45de70f9,2026-09-17T23:54:24.334103Z,aaron-gota-ir-coordinated-support-anchor-0916:v1,9cedf3ff-c7ce-4cff-897f-d48b44e049ad,Aaron's Co-play Coach,7,Arcanist,BlueTeam,3626,2175,599.834528405957,37,5,5,0,255.10204081632654,206.83949255377826,137.89299503585218,5,5,7,0
ereq_c122fd4c-83bf-46e4-8462-b67a45de70f9,2026-09-17T23:54:24.334103Z,gota-codex-side-aware-team-secondary-20260917:v1,a7551ee6-ef55-48f0-81bc-d1ba68ca54c2,daveey-2,8,Druid Warden,BlueTeam,3626,450,124.10369553226695,18,0,0,1,124.10369553226695,0.0,0.0,0,0,7,0
ereq_c122fd4c-83bf-46e4-8462-b67a45de70f9,2026-09-17T23:54:24.334103Z,Jordan-ply_bcb80069-fb0c-4ba5-a45c-06b647870aeb:v218,f1cf890b-42d5-4cca-98cc-782774a7e9a7,Jordan,9,Demon Hunter,BlueTeam,3626,75,20.683949255377826,3,0,0,2,20.683949255377826,0.0,0.0,1,0,7,0
ereq_c047416b-8d4c-44c8-873c-d5c1b7f68441,2026-09-17T23:54:24.322185Z,richard-gods-of-the-arena:v78,881a807d-68ab-4a62-9b6c-e98694cf0bc3,richard,0,Death Knight,RedTeam,7749,125,16.1311136920893,5,0,0,9,16.1311136920893,0.0,0.0,6,0,19,0
ereq_c047416b-8d4c-44c8-873c-d5c1b7f68441,2026-09-17T23:54:24.322185Z,daf-gota-v1:v1,e7d1ba41-3be1-4785-815d-b3c9ad8f46b9,docxology,1,Crossbowman,RedTeam,7749,2525,325.8484965802039,49,8,1,7,158.08491418247516,154.85869144405729,12.904890953671442,11,8,19,0
ereq_c047416b-8d4c-44c8-873c-d5c1b7f68441,2026-09-17T23:54:24.322185Z,red-kite:v34,a4590ed4-0b0c-4d86-8968-0844796f30e0,Andrew Brower,2,Lich,RedTeam,7749,2125,274.22893276551815,69,2,1,3,222.60936895083236,38.71467286101432,12.904890953671442,2,2,19,0
ereq_c047416b-8d4c-44c8-873c-d5c1b7f68441,2026-09-17T23:54:24.322185Z,aaron-gota-ir-coordinated-support-anchor-0916:v1,9cedf3ff-c7ce-4cff-897f-d48b44e049ad,Aaron's Co-play Coach,3,Warlock,RedTeam,7749,2575,332.3009420570396,63,4,4,2,203.2520325203252,77.42934572202864,51.61956381468577,5,4,19,0
ereq_c047416b-8d4c-44c8-873c-d5c1b7f68441,2026-09-17T23:54:24.322185Z,gota-g003:v2,8cea4626-a0f1-4dd0-b066-58e6bd194ad3,Scott Smith,4,Berserker,RedTeam,7749,1700,219.38314621241452,40,4,1,8,129.0489095367144,77.42934572202864,12.904890953671442,10,4,19,0
ereq_c047416b-8d4c-44c8-873c-d5c1b7f68441,2026-09-17T23:54:24.322185Z,black-kite:v16,d10d7d74-40a7-4f6c-8838-e09729160349,Andrew Brower B,5,Vanguard Knight,BlueTeam,7749,1050,135.50135501355012,36,1,0,5,116.14401858304298,19.35733643050716,0.0,3,1,29,1
ereq_c047416b-8d4c-44c8-873c-d5c1b7f68441,2026-09-17T23:54:24.322185Z,Polyworld GOTA base.bas:v1,e8aed568-d03c-49bf-beaf-68c731f05d26,Andre von Houck,6,Ranger,BlueTeam,7749,1925,248.41915085817524,45,4,2,4,145.18002322880372,77.42934572202864,25.809781907342884,12,4,29,1
ereq_c047416b-8d4c-44c8-873c-d5c1b7f68441,2026-09-17T23:54:24.322185Z,james-botts-gota:v13,40d72eea-ac61-44b0-aaf4-7828fbf30170,James Botts,7,Arcanist,BlueTeam,7749,2600,335.52716479545745,32,12,0,2,103.23912762937154,232.28803716608596,0.0,14,12,29,1
ereq_c047416b-8d4c-44c8-873c-d5c1b7f68441,2026-09-17T23:54:24.322185Z,aaron-gota-ir-perimeter-blue_repair-0916-aaron:v1,b64f1ccb-02e1-4ad5-b75b-f374222e9e9a,Aaron,8,Druid Warden,BlueTeam,7749,3650,471.0285198090076,56,11,6,1,180.6684733514002,212.9307007355788,77.42934572202864,18,11,29,1
ereq_c047416b-8d4c-44c8-873c-d5c1b7f68441,2026-09-17T23:54:24.322185Z,gota-g002:v1,a30542cb-54de-4109-92e6-bcabca7db4d8,Alex Smith,9,Demon Hunter,BlueTeam,7749,700,90.3342366757001,18,1,1,7,58.07200929152149,19.35733643050716,12.904890953671442,3,1,29,1
ereq_9112b7c1-0410-45e0-936c-627914c49845,2026-09-17T23:54:24.361569Z,gota-g002:v1,a30542cb-54de-4109-92e6-bcabca7db4d8,Alex Smith,0,Death Knight,RedTeam,5186,475,91.59274971075973,15,0,1,2,72.31006556112611,0.0,19.282684149633628,4,0,13,1
ereq_9112b7c1-0410-45e0-936c-627914c49845,2026-09-17T23:54:24.361569Z,red-kite:v34,a4590ed4-0b0c-4d86-8968-0844796f30e0,Andrew Brower,1,Crossbowman,RedTeam,5186,1350,260.31623602005396,22,4,2,0,106.05476282298496,115.69610489780177,38.565368299267256,8,4,13,1
ereq_9112b7c1-0410-45e0-936c-627914c49845,2026-09-17T23:54:24.361569Z,Jordan-ply_bcb80069-fb0c-4ba5-a45c-06b647870aeb:v218,f1cf890b-42d5-4cca-98cc-782774a7e9a7,Jordan,2,Lich,RedTeam,5186,875,168.72348630929426,23,2,0,3,110.87543386039337,57.84805244890089,0.0,3,2,13,1
ereq_9112b7c1-0410-45e0-936c-627914c49845,2026-09-17T23:54:24.361569Z,aaron-gota-ir-coordinated-support-anchor-0916:v1,9cedf3ff-c7ce-4cff-897f-d48b44e049ad,Aaron's Co-play Coach,3,Warlock,RedTeam,5186,1575,303.7022753567297,41,3,1,1,197.6475125337447,86.77207867335133,19.282684149633628,3,3,13,1
ereq_9112b7c1-0410-45e0-936c-627914c49845,2026-09-17T23:54:24.361569Z,black-kite:v16,d10d7d74-40a7-4f6c-8838-e09729160349,Andrew Brower B,4,Berserker,RedTeam,5186,1650,318.16428846895485,34,4,2,0,163.90281527188586,115.69610489780177,38.565368299267256,7,4,13,1
ereq_9112b7c1-0410-45e0-936c-627914c49845,2026-09-17T23:54:24.361569Z,relh-gods-of-the-arena:v154,99ff8b49-8bb6-4ee2-9204-ff24a8efda4e,relh,5,Vanguard Knight,BlueTeam,5186,125,24.103355187042037,5,0,0,7,24.103355187042037,0.0,0.0,1,0,6,0
ereq_9112b7c1-0410-45e0-936c-627914c49845,2026-09-17T23:54:24.361569Z,gota-g003:v2,8cea4626-a0f1-4dd0-b066-58e6bd194ad3,Scott Smith,6,Ranger,BlueTeam,5186,1075,207.2888546085615,19,2,3,2,91.59274971075973,57.84805244890089,57.84805244890089,3,2,6,0
ereq_9112b7c1-0410-45e0-936c-627914c49845,2026-09-17T23:54:24.361569Z,aaron-gota-ir-perimeter-blue_repair-0916-aaron:v1,b64f1ccb-02e1-4ad5-b75b-f374222e9e9a,Aaron,7,Arcanist,BlueTeam,5186,1975,380.83301195526417,47,2,5,1,226.57153875819515,57.84805244890089,96.41342074816815,3,2,6,0
ereq_9112b7c1-0410-45e0-936c-627914c49845,2026-09-17T23:54:24.361569Z,gota-codex-side-aware-team-secondary-20260917:v1,a7551ee6-ef55-48f0-81bc-d1ba68ca54c2,daveey-2,8,Druid Warden,BlueTeam,5186,75,14.462013112225222,3,0,0,3,14.462013112225222,0.0,0.0,0,0,6,0
ereq_9112b7c1-0410-45e0-936c-627914c49845,2026-09-17T23:54:24.361569Z,james-botts-gota:v13,40d72eea-ac61-44b0-aaf4-7828fbf30170,James Botts,9,Demon Hunter,BlueTeam,5186,1050,202.4681835711531,42,0,0,0,202.4681835711531,0.0,0.0,1,0,6,0
ereq_dba830a9-2a0e-4a61-8ef0-bfebb823f1f3,2026-09-17T23:54:24.345354Z,relh-gods-of-the-arena:v154,99ff8b49-8bb6-4ee2-9204-ff24a8efda4e,relh,0,Death Knight,RedTeam,8257,600,72.66561705219813,24,0,0,7,72.66561705219813,0.0,0.0,0,0,24,0
ereq_dba830a9-2a0e-4a61-8ef0-bfebb823f1f3,2026-09-17T23:54:24.345354Z,gota-g002:v1,a30542cb-54de-4109-92e6-bcabca7db4d8,Alex Smith,1,Crossbowman,RedTeam,8257,3750,454.1601065762383,56,13,4,2,169.55310645512898,236.16325541964395,48.44374470146543,14,13,24,0
ereq_dba830a9-2a0e-4a61-8ef0-bfebb823f1f3,2026-09-17T23:54:24.345354Z,black-kite:v16,d10d7d74-40a7-4f6c-8838-e09729160349,Andrew Brower B,2,Lich,RedTeam,8257,2550,308.8288724718421,74,4,1,3,224.05231924427758,72.66561705219813,12.110936175366357,6,4,24,0
ereq_dba830a9-2a0e-4a61-8ef0-bfebb823f1f3,2026-09-17T23:54:24.345354Z,gota-codex-side-aware-team-secondary-20260917:v1,a7551ee6-ef55-48f0-81bc-d1ba68ca54c2,daveey-2,3,Warlock,RedTeam,8257,1400,169.55310645512898,38,3,0,4,115.05389366598038,54.4992127891486,0.0,5,3,24,0
ereq_dba830a9-2a0e-4a61-8ef0-bfebb823f1f3,2026-09-17T23:54:24.345354Z,red-kite:v34,a4590ed4-0b0c-4d86-8968-0844796f30e0,Andrew Brower,4,Berserker,RedTeam,8257,900,108.9984255782972,18,3,0,4,54.4992127891486,54.4992127891486,0.0,5,3,24,0
ereq_dba830a9-2a0e-4a61-8ef0-bfebb823f1f3,2026-09-17T23:54:24.345354Z,aaron-gota-ir-perimeter-blue_repair-0916-aaron:v1,b64f1ccb-02e1-4ad5-b75b-f374222e9e9a,Aaron,5,Vanguard Knight,BlueTeam,8257,875,105.97069153445561,7,4,1,3,21.194138306891123,72.66561705219813,12.110936175366357,5,4,20,1
ereq_dba830a9-2a0e-4a61-8ef0-bfebb823f1f3,2026-09-17T23:54:24.345354Z,macromackie-gota:v4,1a78a3f9-8112-4c2c-831a-f0ffee8dbacc,macromackie,6,Ranger,BlueTeam,8257,2125,257.35739372653507,69,2,1,8,208.91364902506965,36.332808526099065,12.110936175366357,3,2,20,1
ereq_dba830a9-2a0e-4a61-8ef0-bfebb823f1f3,2026-09-17T23:54:24.345354Z,aaron-gota-ir-coordinated-support-anchor-0916:v1,9cedf3ff-c7ce-4cff-897f-d48b44e049ad,Aaron's Co-play Coach,7,Arcanist,BlueTeam,8257,3175,384.5222235678818,61,7,6,2,184.69177667433692,127.16482984134673,72.66561705219813,9,7,20,1
ereq_dba830a9-2a0e-4a61-8ef0-bfebb823f1f3,2026-09-17T23:54:24.345354Z,james-botts-gota:v13,40d72eea-ac61-44b0-aaf4-7828fbf30170,James Botts,8,Druid Warden,BlueTeam,8257,1525,184.69177667433692,55,1,0,0,166.52537241128738,18.166404263049532,0.0,3,1,20,1
ereq_dba830a9-2a0e-4a61-8ef0-bfebb823f1f3,2026-09-17T23:54:24.345354Z,games-bond-gota:v6,58af3f96-f479-4fc3-b777-276e53f48b06,Games Bond,9,Demon Hunter,BlueTeam,8257,875,105.97069153445561,5,5,0,11,15.138670219207945,90.83202131524767,0.0,6,5,20,1
ereq_9e0f4e53-00bc-4644-bc03-0163ab6842e1,2026-09-17T23:54:24.371418Z,relh-gods-of-the-arena:v154,99ff8b49-8bb6-4ee2-9204-ff24a8efda4e,relh,0,Death Knight,RedTeam,3083,50,16.21796951021732,2,0,0,4,16.21796951021732,0.0,0.0,0,0,4,0
ereq_9e0f4e53-00bc-4644-bc03-0163ab6842e1,2026-09-17T23:54:24.371418Z,Jordan-ply_bcb80069-fb0c-4ba5-a45c-06b647870aeb:v218,f1cf890b-42d5-4cca-98cc-782774a7e9a7,Jordan,1,Crossbowman,RedTeam,3083,175,56.762893285760626,7,0,0,0,56.762893285760626,0.0,0.0,3,0,4,0
ereq_9e0f4e53-00bc-4644-bc03-0163ab6842e1,2026-09-17T23:54:24.371418Z,aaron-gota-ir-perimeter-blue_repair-0916-aaron:v1,b64f1ccb-02e1-4ad5-b75b-f374222e9e9a,Aaron,2,Lich,RedTeam,3083,650,210.83360363282517,10,2,1,0,81.0898475510866,97.30781706130392,32.43593902043464,3,2,4,0
ereq_9e0f4e53-00bc-4644-bc03-0163ab6842e1,2026-09-17T23:54:24.371418Z,james-botts-gota:v13,40d72eea-ac61-44b0-aaf4-7828fbf30170,James Botts,3,Warlock,RedTeam,3083,675,218.94258838793382,21,1,0,0,170.28867985728186,48.65390853065196,0.0,3,1,4,0
ereq_9e0f4e53-00bc-4644-bc03-0163ab6842e1,2026-09-17T23:54:24.371418Z,red-kite:v34,a4590ed4-0b0c-4d86-8968-0844796f30e0,Andrew Brower,4,Berserker,RedTeam,3083,1275,413.55822251054167,37,1,2,0,300.03243593902044,48.65390853065196,64.87187804086928,1,1,4,0
ereq_9e0f4e53-00bc-4644-bc03-0163ab6842e1,2026-09-17T23:54:24.371418Z,aaron-gota-ir-coordinated-support-anchor-0916:v1,9cedf3ff-c7ce-4cff-897f-d48b44e049ad,Aaron's Co-play Coach,5,Vanguard Knight,BlueTeam,3083,175,56.762893285760626,3,0,1,1,24.32695426532598,0.0,32.43593902043464,1,0,4,1
ereq_9e0f4e53-00bc-4644-bc03-0163ab6842e1,2026-09-17T23:54:24.371418Z,macromackie-gota:v4,1a78a3f9-8112-4c2c-831a-f0ffee8dbacc,macromackie,6,Ranger,BlueTeam,3083,925,300.03243593902044,19,1,3,0,154.07071034706453,48.65390853065196,97.30781706130392,3,1,4,1
ereq_9e0f4e53-00bc-4644-bc03-0163ab6842e1,2026-09-17T23:54:24.371418Z,richard-gods-of-the-arena:v78,881a807d-68ab-4a62-9b6c-e98694cf0bc3,richard,7,Arcanist,BlueTeam,3083,850,275.70548167369446,14,2,2,0,113.52578657152125,97.30781706130392,64.87187804086928,3,2,4,1
ereq_9e0f4e53-00bc-4644-bc03-0163ab6842e1,2026-09-17T23:54:24.371418Z,black-kite:v16,d10d7d74-40a7-4f6c-8838-e09729160349,Andrew Brower B,8,Druid Warden,BlueTeam,3083,50,16.21796951021732,2,0,0,0,16.21796951021732,0.0,0.0,3,0,4,1
ereq_9e0f4e53-00bc-4644-bc03-0163ab6842e1,2026-09-17T23:54:24.371418Z,gota-codex-side-aware-team-secondary-20260917:v1,a7551ee6-ef55-48f0-81bc-d1ba68ca54c2,daveey-2,9,Demon Hunter,BlueTeam,3083,250,81.0898475510866,4,1,0,3,32.43593902043464,48.65390853065196,0.0,1,1,4,1
ereq_48a97035-71ef-4d9b-b61f-b81773968a2c,2026-09-17T23:54:24.320759Z,macromackie-gota:v4,1a78a3f9-8112-4c2c-831a-f0ffee8dbacc,macromackie,0,Death Knight,RedTeam,9154,1650,180.24907144417742,26,4,4,3,71.00720996285777,65.54511688879178,43.69674459252786,9,4,36,1
ereq_48a97035-71ef-4d9b-b61f-b81773968a2c,2026-09-17T23:54:24.320759Z,aaron-gota-ir-coordinated-support-anchor-0916:v1,9cedf3ff-c7ce-4cff-897f-d48b44e049ad,Aaron's Co-play Coach,1,Crossbowman,RedTeam,9154,4625,505.2436093511033,71,13,9,1,193.90430412934236,213.0216298885733,98.31767533318768,17,12,36,1
ereq_48a97035-71ef-4d9b-b61f-b81773968a2c,2026-09-17T23:54:24.320759Z,black-kite:v16,d10d7d74-40a7-4f6c-8838-e09729160349,Andrew Brower B,2,Lich,RedTeam,9154,3950,431.5053528512126,94,10,1,1,256.71837448110114,163.86279222197948,10.924186148131964,12,10,36,1
ereq_48a97035-71ef-4d9b-b61f-b81773968a2c,2026-09-17T23:54:24.320759Z,Jordan-ply_bcb80069-fb0c-4ba5-a45c-06b647870aeb:v218,f1cf890b-42d5-4cca-98cc-782774a7e9a7,Jordan,3,Warlock,RedTeam,9154,625,68.27616342582478,13,2,0,5,35.503604981428886,32.77255844439589,0.0,9,2,36,1
ereq_48a97035-71ef-4d9b-b61f-b81773968a2c,2026-09-17T23:54:24.320759Z,gota-codex-side-aware-team-secondary-20260917:v1,a7551ee6-ef55-48f0-81bc-d1ba68ca54c2,daveey-2,4,Berserker,RedTeam,9154,2725,297.68407253659603,67,7,0,3,182.9801179812104,114.70395455538562,0.0,10,6,36,1
ereq_48a97035-71ef-4d9b-b61f-b81773968a2c,2026-09-17T23:54:24.320759Z,james-botts-gota:v13,40d72eea-ac61-44b0-aaf4-7828fbf30170,James Botts,5,Vanguard Knight,BlueTeam,9154,1600,174.78697837011143,58,1,0,5,158.40069914791349,16.386279222197945,0.0,5,1,13,0
ereq_48a97035-71ef-4d9b-b61f-b81773968a2c,2026-09-17T23:54:24.320759Z,games-bond-gota:v6,58af3f96-f479-4fc3-b777-276e53f48b06,Games Bond,6,Ranger,BlueTeam,9154,1400,152.9386060738475,14,7,0,11,38.234651518461874,114.70395455538562,0.0,10,7,13,0
ereq_48a97035-71ef-4d9b-b61f-b81773968a2c,2026-09-17T23:54:24.320759Z,red-kite:v34,a4590ed4-0b0c-4d86-8968-0844796f30e0,Andrew Brower,7,Arcanist,BlueTeam,9154,1825,199.36639720340835,73,0,0,6,199.36639720340835,0.0,0.0,0,0,13,0
ereq_48a97035-71ef-4d9b-b61f-b81773968a2c,2026-09-17T23:54:24.320759Z,richard-gods-of-the-arena:v78,881a807d-68ab-4a62-9b6c-e98694cf0bc3,richard,8,Druid Warden,BlueTeam,9154,850,92.85558225912169,34,0,0,8,92.85558225912169,0.0,0.0,2,0,13,0
ereq_48a97035-71ef-4d9b-b61f-b81773968a2c,2026-09-17T23:54:24.320759Z,gota-g002:v1,a30542cb-54de-4109-92e6-bcabca7db4d8,Alex Smith,9,Demon Hunter,BlueTeam,9154,2475,270.37360716626614,59,4,4,6,161.13174568494648,65.54511688879178,43.69674459252786,4,4,13,0
ereq_6f51adeb-b8cf-4f21-877c-27df61b57891,2026-09-17T23:54:24.346729Z,james-botts-gota:v13,40d72eea-ac61-44b0-aaf4-7828fbf30170,James Botts,0,Death Knight,RedTeam,5249,1275,242.90341017336635,51,0,0,0,242.90341017336635,0.0,0.0,1,0,9,0
ereq_6f51adeb-b8cf-4f21-877c-27df61b57891,2026-09-17T23:54:24.346729Z,gota-g002:v1,a30542cb-54de-4109-92e6-bcabca7db4d8,Alex Smith,1,Crossbowman,RedTeam,5249,575,109.54467517622405,11,2,0,2,52.390931606020196,57.15374357020385,0.0,5,2,9,0
ereq_6f51adeb-b8cf-4f21-877c-27df61b57891,2026-09-17T23:54:24.346729Z,richard-gods-of-the-arena:v78,881a807d-68ab-4a62-9b6c-e98694cf0bc3,richard,2,Lich,RedTeam,5249,1400,266.7174699942846,28,4,1,6,133.3587349971423,114.3074871404077,19.051247856734616,5,4,9,0
ereq_6f51adeb-b8cf-4f21-877c-27df61b57891,2026-09-17T23:54:24.346729Z,daf-gota-v1:v1,e7d1ba41-3be1-4785-815d-b3c9ad8f46b9,docxology,3,Warlock,RedTeam,5249,950,180.98685463897885,20,3,0,6,95.25623928367308,85.73061535530577,0.0,4,3,9,0
ereq_6f51adeb-b8cf-4f21-877c-27df61b57891,2026-09-17T23:54:24.346729Z,relh-gods-of-the-arena:v154,99ff8b49-8bb6-4ee2-9204-ff24a8efda4e,relh,4,Berserker,RedTeam,5249,575,109.54467517622405,23,0,0,6,109.54467517622405,0.0,0.0,2,0,9,0
ereq_6f51adeb-b8cf-4f21-877c-27df61b57891,2026-09-17T23:54:24.346729Z,gota-vanguard-rally-hold:v1,3ccd4955-3d9c-4c79-a243-e5dc12d650ad,daveey,5,Vanguard Knight,BlueTeam,5249,175,33.33968374928558,7,0,0,3,33.33968374928558,0.0,0.0,4,0,20,1
ereq_6f51adeb-b8cf-4f21-877c-27df61b57891,2026-09-17T23:54:24.346729Z,aaron-gota-ir-perimeter-blue_repair-0916-aaron:v1,b64f1ccb-02e1-4ad5-b75b-f374222e9e9a,Aaron,6,Ranger,BlueTeam,5249,3350,638.2168032006097,46,10,7,0,219.0893503524481,285.76871785101923,133.3587349971423,10,10,20,1
ereq_6f51adeb-b8cf-4f21-877c-27df61b57891,2026-09-17T23:54:24.346729Z,aaron-gota-ir-coordinated-support-anchor-0916:v1,9cedf3ff-c7ce-4cff-897f-d48b44e049ad,Aaron's Co-play Coach,7,Arcanist,BlueTeam,5249,1850,352.4480853495904,42,2,5,1,200.03810249571347,57.15374357020385,95.25623928367308,5,2,20,1
ereq_6f51adeb-b8cf-4f21-877c-27df61b57891,2026-09-17T23:54:24.346729Z,Polyworld GOTA base.bas:v1,e8aed568-d03c-49bf-beaf-68c731f05d26,Andre von Houck,8,Druid Warden,BlueTeam,5249,700,133.3587349971423,12,2,1,2,57.15374357020385,57.15374357020385,19.051247856734616,9,2,20,1
ereq_6f51adeb-b8cf-4f21-877c-27df61b57891,2026-09-17T23:54:24.346729Z,red-kite:v34,a4590ed4-0b0c-4d86-8968-0844796f30e0,Andrew Brower,9,Demon Hunter,BlueTeam,5249,1475,281.0059058868356,29,5,0,3,138.12154696132598,142.88435892550962,0.0,8,5,20,1
ereq_fa24ac5d-26e1-4822-8b36-e0ddddadbb1a,2026-09-17T23:54:24.364367Z,black-kite:v16,d10d7d74-40a7-4f6c-8838-e09729160349,Andrew Brower B,0,Death Knight,RedTeam,8067,425,52.68377339779348,11,1,0,4,34.08950043386637,18.59427296392711,0.0,2,1,21,0
ereq_fa24ac5d-26e1-4822-8b36-e0ddddadbb1a,2026-09-17T23:54:24.364367Z,games-bond-gota:v6,58af3f96-f479-4fc3-b777-276e53f48b06,Games Bond,1,Crossbowman,RedTeam,8067,1750,216.9331845791496,16,9,0,1,49.58472790380563,167.34845667534398,0.0,13,9,21,0
ereq_fa24ac5d-26e1-4822-8b36-e0ddddadbb1a,2026-09-17T23:54:24.364367Z,red-kite:v34,a4590ed4-0b0c-4d86-8968-0844796f30e0,Andrew Brower,2,Lich,RedTeam,8067,2825,350.19214082062723,81,4,2,1,251.022685013016,74.37709185570844,24.792363951902814,7,4,21,0
ereq_fa24ac5d-26e1-4822-8b36-e0ddddadbb1a,2026-09-17T23:54:24.364367Z,james-botts-gota:v13,40d72eea-ac61-44b0-aaf4-7828fbf30170,James Botts,3,Warlock,RedTeam,8067,1550,192.1408206272468,62,0,0,3,192.1408206272468,0.0,0.0,1,0,21,0
ereq_fa24ac5d-26e1-4822-8b36-e0ddddadbb1a,2026-09-17T23:54:24.364367Z,gota-g002:v1,a30542cb-54de-4109-92e6-bcabca7db4d8,Alex Smith,4,Berserker,RedTeam,8067,1525,189.04177513325897,33,4,1,6,102.2685013015991,74.37709185570844,12.396181975951407,7,4,21,0
ereq_fa24ac5d-26e1-4822-8b36-e0ddddadbb1a,2026-09-17T23:54:24.364367Z,nancy-goa:v2,2777766f-4931-4fd9-83f2-44a3f509ede1,NanosaurusX,5,Vanguard Knight,BlueTeam,8067,150,18.59427296392711,0,1,0,5,0.0,18.59427296392711,0.0,1,1,15,1
ereq_fa24ac5d-26e1-4822-8b36-e0ddddadbb1a,2026-09-17T23:54:24.364367Z,aaron-gota-ir-coordinated-support-anchor-0916:v1,9cedf3ff-c7ce-4cff-897f-d48b44e049ad,Aaron's Co-play Coach,6,Ranger,BlueTeam,8067,3425,424.5692326763357,59,5,12,2,182.84368414528325,92.97136481963555,148.75418371141689,6,5,15,1
ereq_fa24ac5d-26e1-4822-8b36-e0ddddadbb1a,2026-09-17T23:54:24.364367Z,khors:v1,fa00903c-0ba4-4eec-b20f-4c082550d80f,Andre von Auto,7,Arcanist,BlueTeam,8067,1550,192.1408206272468,44,3,0,5,136.35800173546548,55.78281889178133,0.0,5,3,15,1
ereq_fa24ac5d-26e1-4822-8b36-e0ddddadbb1a,2026-09-17T23:54:24.364367Z,macromackie-gota:v4,1a78a3f9-8112-4c2c-831a-f0ffee8dbacc,macromackie,8,Druid Warden,BlueTeam,8067,325,40.28759142184207,13,0,0,5,40.28759142184207,0.0,0.0,1,0,15,1
ereq_fa24ac5d-26e1-4822-8b36-e0ddddadbb1a,2026-09-17T23:54:24.364367Z,relh-gods-of-the-arena:v154,99ff8b49-8bb6-4ee2-9204-ff24a8efda4e,relh,9,Demon Hunter,BlueTeam,8067,1900,235.52745754307674,42,5,1,4,130.15991074748976,92.97136481963555,12.396181975951407,5,5,15,1
ereq_11caacfe-861b-49f0-b99f-dae0fe8e85de,2026-09-17T23:54:24.341314Z,Jordan-ply_bcb80069-fb0c-4ba5-a45c-06b647870aeb:v218,f1cf890b-42d5-4cca-98cc-782774a7e9a7,Jordan,0,Death Knight,RedTeam,5547,1100,198.30539030106362,18,3,2,2,81.12493239588967,81.12493239588967,36.0555255092843,7,3,11,0
ereq_11caacfe-861b-49f0-b99f-dae0fe8e85de,2026-09-17T23:54:24.341314Z,relh-gods-of-the-arena:v154,99ff8b49-8bb6-4ee2-9204-ff24a8efda4e,relh,1,Crossbowman,RedTeam,5547,1450,261.40255994231114,42,2,1,1,189.29150892374255,54.08328826392645,18.02776275464215,3,2,11,0
ereq_11caacfe-861b-49f0-b99f-dae0fe8e85de,2026-09-17T23:54:24.341314Z,gota-codex-side-aware-team-secondary-20260917:v1,a7551ee6-ef55-48f0-81bc-d1ba68ca54c2,daveey-2,2,Lich,RedTeam,5547,900,162.24986479177934,18,3,0,3,81.12493239588967,81.12493239588967,0.0,8,3,11,0
ereq_11caacfe-861b-49f0-b99f-dae0fe8e85de,2026-09-17T23:54:24.341314Z,james-botts-gota:v13,40d72eea-ac61-44b0-aaf4-7828fbf30170,James Botts,3,Warlock,RedTeam,5547,500,90.13881377321074,20,0,0,3,90.13881377321074,0.0,0.0,1,0,11,0
ereq_11caacfe-861b-49f0-b99f-dae0fe8e85de,2026-09-17T23:54:24.341314Z,nancy-goa:v2,2777766f-4931-4fd9-83f2-44a3f509ede1,NanosaurusX,4,Berserker,RedTeam,5547,1600,288.4442040742744,48,2,1,3,216.3331530557058,54.08328826392645,18.02776275464215,5,2,11,0
ereq_11caacfe-861b-49f0-b99f-dae0fe8e85de,2026-09-17T23:54:24.341314Z,macromackie-gota:v4,1a78a3f9-8112-4c2c-831a-f0ffee8dbacc,macromackie,5,Vanguard Knight,BlueTeam,5547,1025,184.78456823508202,27,1,2,2,121.6873985938345,27.041644131963224,36.0555255092843,4,1,12,1
ereq_11caacfe-861b-49f0-b99f-dae0fe8e85de,2026-09-17T23:54:24.341314Z,games-bond-gota:v6,58af3f96-f479-4fc3-b777-276e53f48b06,Games Bond,6,Ranger,BlueTeam,5547,450,81.12493239588967,0,3,0,3,0.0,81.12493239588967,0.0,5,3,12,1
ereq_11caacfe-861b-49f0-b99f-dae0fe8e85de,2026-09-17T23:54:24.341314Z,aaron-gota-ir-coordinated-support-anchor-0916:v1,9cedf3ff-c7ce-4cff-897f-d48b44e049ad,Aaron's Co-play Coach,7,Arcanist,BlueTeam,5547,1950,351.5413737155219,52,3,2,1,234.36091581034793,81.12493239588967,36.0555255092843,4,3,12,1
ereq_11caacfe-861b-49f0-b99f-dae0fe8e85de,2026-09-17T23:54:24.341314Z,aaron-gota-ir-perimeter-blue_repair-0916-aaron:v1,b64f1ccb-02e1-4ad5-b75b-f374222e9e9a,Aaron,8,Druid Warden,BlueTeam,5547,1775,319.9927888948981,19,4,7,1,85.63187308455021,108.1665765278529,126.19433928249504,5,4,12,1
ereq_11caacfe-861b-49f0-b99f-dae0fe8e85de,2026-09-17T23:54:24.341314Z,richard-gods-of-the-arena:v78,881a807d-68ab-4a62-9b6c-e98694cf0bc3,richard,9,Demon Hunter,BlueTeam,5547,600,108.1665765278529,18,1,0,4,81.12493239588967,27.041644131963224,0.0,4,1,12,1
ereq_2829eaa3-3671-4991-bc79-d4f2add4d7ea,2026-09-17T23:54:24.348944Z,gota-g002:v1,a30542cb-54de-4109-92e6-bcabca7db4d8,Alex Smith,0,Death Knight,RedTeam,13706,775,56.54457901648913,25,1,0,13,45.60046694878156,10.944112067707573,0.0,4,1,35,0
ereq_2829eaa3-3671-4991-bc79-d4f2add4d7ea,2026-09-17T23:54:24.348944Z,black-kite:v16,d10d7d74-40a7-4f6c-8838-e09729160349,Andrew Brower B,1,Crossbowman,RedTeam,13706,6450,470.59681891142566,136,19,2,5,248.06654020137165,207.93812928644388,14.592149423610097,21,19,35,0
ereq_2829eaa3-3671-4991-bc79-d4f2add4d7ea,2026-09-17T23:54:24.348944Z,gota-vanguard-rally-hold:v1,3ccd4955-3d9c-4c79-a243-e5dc12d650ad,daveey,2,Lich,RedTeam,13706,1900,138.62541952429592,26,7,2,6,47.42448562673282,76.60878447395301,14.592149423610097,15,7,35,0
ereq_2829eaa3-3671-4991-bc79-d4f2add4d7ea,2026-09-17T23:54:24.348944Z,james-botts-gota:v13,40d72eea-ac61-44b0-aaf4-7828fbf30170,James Botts,3,Warlock,RedTeam,13706,3100,226.17831606595652,124,0,0,0,226.17831606595652,0.0,0.0,3,0,35,0
ereq_2829eaa3-3671-4991-bc79-d4f2add4d7ea,2026-09-17T23:54:24.348944Z,aaron-gota-ir-coordinated-support-anchor-0916:v1,9cedf3ff-c7ce-4cff-897f-d48b44e049ad,Aaron's Co-play Coach,4,Berserker,RedTeam,13706,3900,284.54691376039693,98,7,4,5,178.7538304392237,76.60878447395301,29.184298847220195,7,7,35,0
ereq_2829eaa3-3671-4991-bc79-d4f2add4d7ea,2026-09-17T23:54:24.348944Z,aaron-gota-ir-perimeter-blue_repair-0916-aaron:v1,b64f1ccb-02e1-4ad5-b75b-f374222e9e9a,Aaron,5,Vanguard Knight,BlueTeam,13706,1825,133.15336349044213,27,5,4,7,49.24850430468408,54.720560338537865,29.184298847220195,5,5,29,1
ereq_2829eaa3-3671-4991-bc79-d4f2add4d7ea,2026-09-17T23:54:24.348944Z,richard-gods-of-the-arena:v78,881a807d-68ab-4a62-9b6c-e98694cf0bc3,richard,6,Ranger,BlueTeam,13706,5550,404.9321465051802,132,11,6,7,240.77046548956662,120.38523274478331,43.77644827083029,15,11,29,1
ereq_2829eaa3-3671-4991-bc79-d4f2add4d7ea,2026-09-17T23:54:24.348944Z,gota-g003:v2,8cea4626-a0f1-4dd0-b066-58e6bd194ad3,Scott Smith,7,Arcanist,BlueTeam,13706,3525,257.186633591128,89,8,1,9,162.33766233766235,87.55289654166059,7.296074711805049,11,8,29,1
ereq_2829eaa3-3671-4991-bc79-d4f2add4d7ea,2026-09-17T23:54:24.348944Z,macromackie-gota:v4,1a78a3f9-8112-4c2c-831a-f0ffee8dbacc,macromackie,8,Druid Warden,BlueTeam,13706,1725,125.8572887786371,53,2,1,8,96.6729899314169,21.888224135415147,7.296074711805049,4,2,29,1
ereq_2829eaa3-3671-4991-bc79-d4f2add4d7ea,2026-09-17T23:54:24.348944Z,red-kite:v34,a4590ed4-0b0c-4d86-8968-0844796f30e0,Andrew Brower,9,Demon Hunter,BlueTeam,13706,2875,209.76214796439515,99,2,1,4,180.57784911717496,21.888224135415147,7.296074711805049,2,2,29,1
ereq_863220b9-9de6-4699-8e45-2646d73cdff2,2026-09-17T23:54:24.353839Z,james-botts-gota:v13,40d72eea-ac61-44b0-aaf4-7828fbf30170,James Botts,0,Death Knight,RedTeam,12142,1450,119.42019436666118,58,0,0,2,119.42019436666118,0.0,0.0,6,0,57,1
ereq_863220b9-9de6-4699-8e45-2646d73cdff2,2026-09-17T23:54:24.353839Z,red-kite:v34,a4590ed4-0b0c-4d86-8968-0844796f30e0,Andrew Brower,1,Crossbowman,RedTeam,12142,7925,652.693131279855,79,37,4,2,162.65854060286608,457.0910887827376,32.94350189425136,45,37,57,1
ereq_863220b9-9de6-4699-8e45-2646d73cdff2,2026-09-17T23:54:24.353839Z,black-kite:v16,d10d7d74-40a7-4f6c-8838-e09729160349,Andrew Brower B,2,Lich,RedTeam,12142,800,65.88700378850272,20,2,0,6,41.1793773678142,24.70762642068852,0.0,17,2,57,1
ereq_863220b9-9de6-4699-8e45-2646d73cdff2,2026-09-17T23:54:24.353839Z,aaron-gota-ir-coordinated-support-anchor-0916:v1,9cedf3ff-c7ce-4cff-897f-d48b44e049ad,Aaron's Co-play Coach,3,Warlock,RedTeam,12142,2450,201.77894910228957,44,5,6,5,90.59463020919124,61.769066051721296,49.41525284137704,17,5,57,1
ereq_863220b9-9de6-4699-8e45-2646d73cdff2,2026-09-17T23:54:24.353839Z,nancy-goa:v2,2777766f-4931-4fd9-83f2-44a3f509ede1,NanosaurusX,4,Berserker,RedTeam,12142,2550,210.0148245758524,56,7,1,8,115.30225662987975,86.47669247240982,8.23587547356284,12,7,57,1
ereq_863220b9-9de6-4699-8e45-2646d73cdff2,2026-09-17T23:54:24.353839Z,aaron-gota-ir-perimeter-blue_repair-0916-aaron:v1,b64f1ccb-02e1-4ad5-b75b-f374222e9e9a,Aaron,5,Vanguard Knight,BlueTeam,12142,2450,201.77894910228957,88,1,1,5,181.18926041838247,12.35381321034426,8.23587547356284,3,1,23,0
ereq_863220b9-9de6-4699-8e45-2646d73cdff2,2026-09-17T23:54:24.353839Z,macromackie-gota:v4,1a78a3f9-8112-4c2c-831a-f0ffee8dbacc,macromackie,6,Ranger,BlueTeam,12142,3525,290.3146104430901,89,8,1,13,183.24822928677318,98.83050568275408,8.23587547356284,12,8,23,0
ereq_863220b9-9de6-4699-8e45-2646d73cdff2,2026-09-17T23:54:24.353839Z,richard-gods-of-the-arena:v78,881a807d-68ab-4a62-9b6c-e98694cf0bc3,richard,7,Arcanist,BlueTeam,12142,3125,257.3711085488387,83,7,0,14,170.8944160764289,86.47669247240982,0.0,13,7,23,0
ereq_863220b9-9de6-4699-8e45-2646d73cdff2,2026-09-17T23:54:24.353839Z,relh-gods-of-the-arena:v154,99ff8b49-8bb6-4ee2-9204-ff24a8efda4e,relh,8,Druid Warden,BlueTeam,12142,1050,86.47669247240982,32,1,1,9,65.88700378850272,12.35381321034426,8.23587547356284,4,1,23,0
ereq_863220b9-9de6-4699-8e45-2646d73cdff2,2026-09-17T23:54:24.353839Z,gota-g002:v1,a30542cb-54de-4109-92e6-bcabca7db4d8,Alex Smith,9,Demon Hunter,BlueTeam,12142,1325,109.12535002470763,31,3,1,16,63.82803492011201,37.061439631032776,8.23587547356284,5,3,23,0
ereq_2089607f-3ec3-4223-8779-5ace6261f52b,2026-09-17T23:54:24.342904Z,relh-gods-of-the-arena:v154,99ff8b49-8bb6-4ee2-9204-ff24a8efda4e,relh,0,Death Knight,RedTeam,13956,2150,154.05560332473488,80,1,0,14,143.30753797649757,10.748065348237317,0.0,3,1,32,0
ereq_2089607f-3ec3-4223-8779-5ace6261f52b,2026-09-17T23:54:24.342904Z,richard-gods-of-the-arena:v78,881a807d-68ab-4a62-9b6c-e98694cf0bc3,richard,1,Crossbowman,RedTeam,13956,3625,259.7449125824018,77,10,2,9,137.9335053023789,107.48065348237317,14.330753797649756,15,10,32,0
ereq_2089607f-3ec3-4223-8779-5ace6261f52b,2026-09-17T23:54:24.342904Z,nancy-goa:v2,2777766f-4931-4fd9-83f2-44a3f509ede1,NanosaurusX,2,Lich,RedTeam,13956,1875,134.35081685296646,43,4,2,5,77.02780166236744,42.99226139294927,14.330753797649756,14,4,32,0
ereq_2089607f-3ec3-4223-8779-5ace6261f52b,2026-09-17T23:54:24.342904Z,macromackie-gota:v4,1a78a3f9-8112-4c2c-831a-f0ffee8dbacc,macromackie,3,Warlock,RedTeam,13956,1825,130.76812840355402,51,3,1,10,91.3585554600172,32.24419604471195,7.165376898824878,12,3,32,0
ereq_2089607f-3ec3-4223-8779-5ace6261f52b,2026-09-17T23:54:24.342904Z,aaron-gota-ir-coordinated-support-anchor-0916:v1,9cedf3ff-c7ce-4cff-897f-d48b44e049ad,Aaron's Co-play Coach,4,Berserker,RedTeam,13956,3275,234.66609343651476,61,11,1,9,109.2719977070794,118.22871883061049,7.165376898824878,14,11,32,0
ereq_2089607f-3ec3-4223-8779-5ace6261f52b,2026-09-17T23:54:24.342904Z,james-botts-gota:v13,40d72eea-ac61-44b0-aaf4-7828fbf30170,James Botts,5,Vanguard Knight,BlueTeam,13956,1425,102.10662080825452,57,0,0,0,102.10662080825452,0.0,0.0,12,0,47,1
ereq_2089607f-3ec3-4223-8779-5ace6261f52b,2026-09-17T23:54:24.342904Z,gota-vanguard-rally-hold:v1,3ccd4955-3d9c-4c79-a243-e5dc12d650ad,daveey,6,Ranger,BlueTeam,13956,4500,322.4419604471195,96,12,3,10,171.96904557179707,128.9767841788478,21.496130696474633,18,12,47,1
ereq_2089607f-3ec3-4223-8779-5ace6261f52b,2026-09-17T23:54:24.342904Z,aaron-gota-ir-perimeter-blue_repair-0916-aaron:v1,b64f1ccb-02e1-4ad5-b75b-f374222e9e9a,Aaron,7,Arcanist,BlueTeam,13956,3800,272.28432215534536,46,13,7,4,82.4018343364861,139.72484952708513,50.15763829177415,15,13,47,1
ereq_2089607f-3ec3-4223-8779-5ace6261f52b,2026-09-17T23:54:24.342904Z,gota-g002:v1,a30542cb-54de-4109-92e6-bcabca7db4d8,Alex Smith,8,Druid Warden,BlueTeam,13956,2150,154.05560332473488,46,6,1,13,82.4018343364861,64.4883920894239,7.165376898824878,12,6,47,1
ereq_2089607f-3ec3-4223-8779-5ace6261f52b,2026-09-17T23:54:24.342904Z,red-kite:v34,a4590ed4-0b0c-4d86-8968-0844796f30e0,Andrew Brower,9,Demon Hunter,BlueTeam,13956,3925,281.2410432788765,55,15,3,5,98.52393235884207,161.22098022355976,21.496130696474633,16,15,47,1
ereq_085df52f-908b-4e27-83c8-27fa42a3fb3d,2026-09-17T23:20:07.907370Z,aaron-gota-ir-perimeter-blue_repair-0916-aaron:v1,b64f1ccb-02e1-4ad5-b75b-f374222e9e9a,Aaron,0,Death Knight,RedTeam,6906,1050,152.0417028670721,34,0,2,2,123.08137851143933,0.0,28.960324355632782,2,0,11,0
ereq_085df52f-908b-4e27-83c8-27fa42a3fb3d,2026-09-17T23:20:07.907370Z,black-kite:v16,d10d7d74-40a7-4f6c-8838-e09729160349,Andrew Brower B,1,Crossbowman,RedTeam,6906,1800,260.6429192006951,54,3,0,5,195.4821894005213,65.16072980017377,0.0,3,3,11,0
ereq_085df52f-908b-4e27-83c8-27fa42a3fb3d,2026-09-17T23:20:07.907370Z,gota-g002:v1,a30542cb-54de-4109-92e6-bcabca7db4d8,Alex Smith,2,Lich,RedTeam,6906,1675,242.54271647842455,33,5,1,5,119.46133796698523,108.60121633362294,14.480162177816391,7,5,11,0
ereq_085df52f-908b-4e27-83c8-27fa42a3fb3d,2026-09-17T23:20:07.907370Z,james-botts-gota:v13,40d72eea-ac61-44b0-aaf4-7828fbf30170,James Botts,3,Warlock,RedTeam,6906,525,76.02085143353605,15,1,0,2,54.30060816681147,21.720243266724587,0.0,3,1,11,0
ereq_085df52f-908b-4e27-83c8-27fa42a3fb3d,2026-09-17T23:20:07.907370Z,Jordan-ply_bcb80069-fb0c-4ba5-a45c-06b647870aeb:v218,f1cf890b-42d5-4cca-98cc-782774a7e9a7,Jordan,4,Berserker,RedTeam,6906,1100,159.2817839559803,32,2,0,5,115.84129742253113,43.440486533449175,0.0,4,2,11,0
ereq_085df52f-908b-4e27-83c8-27fa42a3fb3d,2026-09-17T23:20:07.907370Z,gota-codex-side-aware-team-secondary-20260917:v1,a7551ee6-ef55-48f0-81bc-d1ba68ca54c2,daveey-2,5,Vanguard Knight,BlueTeam,6906,675,97.74109470026065,17,1,1,1,61.54068925571966,21.720243266724587,14.480162177816391,5,1,19,1
ereq_085df52f-908b-4e27-83c8-27fa42a3fb3d,2026-09-17T23:20:07.907370Z,gota-g003:v2,8cea4626-a0f1-4dd0-b066-58e6bd194ad3,Scott Smith,6,Ranger,BlueTeam,6906,1375,199.1022299449754,41,1,2,2,148.421662322618,21.720243266724587,28.960324355632782,2,1,19,1
ereq_085df52f-908b-4e27-83c8-27fa42a3fb3d,2026-09-17T23:20:07.907370Z,red-kite:v34,a4590ed4-0b0c-4d86-8968-0844796f30e0,Andrew Brower,7,Arcanist,BlueTeam,6906,1625,235.30263538951635,37,4,1,3,133.9415001448016,86.88097306689835,14.480162177816391,6,4,19,1
ereq_085df52f-908b-4e27-83c8-27fa42a3fb3d,2026-09-17T23:20:07.907370Z,relh-gods-of-the-arena:v145,6daf9052-7877-4dc4-b1b3-e03f479b8b55,relh,8,Druid Warden,BlueTeam,6906,725,104.98117578916884,17,2,0,2,61.54068925571966,43.440486533449175,0.0,6,2,19,1
ereq_085df52f-908b-4e27-83c8-27fa42a3fb3d,2026-09-17T23:20:07.907370Z,aaron-gota-ir-coordinated-support-anchor-0916:v1,9cedf3ff-c7ce-4cff-897f-d48b44e049ad,Aaron's Co-play Coach,9,Demon Hunter,BlueTeam,6906,2225,322.18360845641473,29,8,3,3,104.98117578916884,173.7619461337967,43.440486533449175,9,8,19,1
ereq_28edf1cf-a916-42a2-972d-b490e1055b43,2026-09-17T23:20:07.904811Z,james-botts-gota:v13,40d72eea-ac61-44b0-aaf4-7828fbf30170,James Botts,0,Death Knight,RedTeam,6206,475,76.53883338704479,19,0,0,0,76.53883338704479,0.0,0.0,8,0,16,0
ereq_28edf1cf-a916-42a2-972d-b490e1055b43,2026-09-17T23:20:07.904811Z,aaron-gota-ir-perimeter-blue_repair-0916-aaron:v1,b64f1ccb-02e1-4ad5-b75b-f374222e9e9a,Aaron,1,Crossbowman,RedTeam,6206,2925,471.318079278118,39,11,3,1,157.1060264260393,265.87173702868193,48.340315823396715,11,11,16,0
ereq_28edf1cf-a916-42a2-972d-b490e1055b43,2026-09-17T23:20:07.904811Z,gota-g002:v1,a30542cb-54de-4109-92e6-bcabca7db4d8,Alex Smith,2,Lich,RedTeam,6206,1275,205.44634224943604,35,2,1,6,140.99258781824042,48.340315823396715,16.113438607798905,2,2,16,0
ereq_28edf1cf-a916-42a2-972d-b490e1055b43,2026-09-17T23:20:07.904811Z,black-kite:v16,d10d7d74-40a7-4f6c-8838-e09729160349,Andrew Brower B,3,Warlock,RedTeam,6206,1125,181.27618433773767,35,1,1,3,140.99258781824042,24.170157911698357,16.113438607798905,2,1,16,0
ereq_28edf1cf-a916-42a2-972d-b490e1055b43,2026-09-17T23:20:07.904811Z,relh-gods-of-the-arena:v145,6daf9052-7877-4dc4-b1b3-e03f479b8b55,relh,4,Berserker,RedTeam,6206,725,116.82242990654206,29,0,0,8,116.82242990654206,0.0,0.0,0,0,16,0
ereq_28edf1cf-a916-42a2-972d-b490e1055b43,2026-09-17T23:20:07.904811Z,red-kite:v34,a4590ed4-0b0c-4d86-8968-0844796f30e0,Andrew Brower,5,Vanguard Knight,BlueTeam,6206,250,40.28359651949726,10,0,0,4,40.28359651949726,0.0,0.0,0,0,18,1
ereq_28edf1cf-a916-42a2-972d-b490e1055b43,2026-09-17T23:20:07.904811Z,aaron-gota-ir-coordinated-support-anchor-0916:v1,9cedf3ff-c7ce-4cff-897f-d48b44e049ad,Aaron's Co-play Coach,6,Ranger,BlueTeam,6206,2650,427.00612310667094,22,10,6,1,88.62391234289397,241.70157911698357,96.68063164679343,11,10,18,1
ereq_28edf1cf-a916-42a2-972d-b490e1055b43,2026-09-17T23:20:07.904811Z,richard-gods-of-the-arena:v78,881a807d-68ab-4a62-9b6c-e98694cf0bc3,richard,7,Arcanist,BlueTeam,6206,2300,370.6090879793748,52,6,1,3,209.47470190138574,145.02094747019015,16.113438607798905,6,6,18,1
ereq_28edf1cf-a916-42a2-972d-b490e1055b43,2026-09-17T23:20:07.904811Z,gota-g003:v2,8cea4626-a0f1-4dd0-b066-58e6bd194ad3,Scott Smith,8,Druid Warden,BlueTeam,6206,375,60.42539477924589,15,0,0,6,60.42539477924589,0.0,0.0,2,0,18,1
ereq_28edf1cf-a916-42a2-972d-b490e1055b43,2026-09-17T23:20:07.904811Z,gota-codex-side-aware-team-secondary-20260917:v1,a7551ee6-ef55-48f0-81bc-d1ba68ca54c2,daveey-2,9,Demon Hunter,BlueTeam,6206,725,116.82242990654206,23,1,0,2,92.6522719948437,24.170157911698357,0.0,5,1,18,1
ereq_85e6cb83-287b-4e5d-887a-3e57847ec6a6,2026-09-17T23:20:07.931115Z,relh-gods-of-the-arena:v145,6daf9052-7877-4dc4-b1b3-e03f479b8b55,relh,0,Death Knight,RedTeam,8666,925,106.73897992153242,33,0,1,9,95.19963074082622,0.0,11.539349180706209,3,0,23,0
ereq_85e6cb83-287b-4e5d-887a-3e57847ec6a6,2026-09-17T23:20:07.931115Z,Jordan-ply_bcb80069-fb0c-4ba5-a45c-06b647870aeb:v218,f1cf890b-42d5-4cca-98cc-782774a7e9a7,Jordan,1,Crossbowman,RedTeam,8666,2000,230.78698361412415,40,6,1,3,115.39349180706208,103.85414262635588,11.539349180706209,11,6,23,0
ereq_85e6cb83-287b-4e5d-887a-3e57847ec6a6,2026-09-17T23:20:07.931115Z,james-botts-gota:v13,40d72eea-ac61-44b0-aaf4-7828fbf30170,James Botts,2,Lich,RedTeam,8666,1950,225.01730902377105,54,4,0,3,155.7812139395338,69.23609508423725,0.0,9,4,23,0
ereq_85e6cb83-287b-4e5d-887a-3e57847ec6a6,2026-09-17T23:20:07.931115Z,gota-vanguard-rally-hold:v1,3ccd4955-3d9c-4c79-a243-e5dc12d650ad,daveey,3,Warlock,RedTeam,8666,925,106.73897992153242,25,2,0,10,72.1209323794138,34.618047542118624,0.0,4,2,23,0
ereq_85e6cb83-287b-4e5d-887a-3e57847ec6a6,2026-09-17T23:20:07.931115Z,aaron-gota-ir-coordinated-support-anchor-0916:v1,9cedf3ff-c7ce-4cff-897f-d48b44e049ad,Aaron's Co-play Coach,4,Berserker,RedTeam,8666,3225,372.1440110777752,67,7,5,2,193.28409877682898,121.16316639741518,57.69674590353104,12,7,23,0
ereq_85e6cb83-287b-4e5d-887a-3e57847ec6a6,2026-09-17T23:20:07.931115Z,daf-gota-v1:v1,e7d1ba41-3be1-4785-815d-b3c9ad8f46b9,docxology,5,Vanguard Knight,BlueTeam,8666,1200,138.4721901684745,30,3,0,7,86.54511885529656,51.92707131317794,0.0,6,3,27,1
ereq_85e6cb83-287b-4e5d-887a-3e57847ec6a6,2026-09-17T23:20:07.931115Z,gota-g003:v2,8cea4626-a0f1-4dd0-b066-58e6bd194ad3,Scott Smith,6,Ranger,BlueTeam,8666,3725,429.84075698130624,87,7,5,1,250.98084468036004,121.16316639741518,57.69674590353104,14,7,27,1
ereq_85e6cb83-287b-4e5d-887a-3e57847ec6a6,2026-09-17T23:20:07.931115Z,red-kite:v34,a4590ed4-0b0c-4d86-8968-0844796f30e0,Andrew Brower,7,Arcanist,BlueTeam,8666,3225,372.1440110777752,53,12,1,1,152.89637664435725,207.70828525271176,11.539349180706209,17,12,27,1
ereq_85e6cb83-287b-4e5d-887a-3e57847ec6a6,2026-09-17T23:20:07.931115Z,gota-g002:v1,a30542cb-54de-4109-92e6-bcabca7db4d8,Alex Smith,8,Druid Warden,BlueTeam,8666,200,23.078698361412417,8,0,0,9,23.078698361412417,0.0,0.0,4,0,27,1
ereq_85e6cb83-287b-4e5d-887a-3e57847ec6a6,2026-09-17T23:20:07.931115Z,black-kite:v16,d10d7d74-40a7-4f6c-8838-e09729160349,Andrew Brower B,9,Demon Hunter,BlueTeam,8666,1175,135.58735287329796,23,4,0,5,66.3512577890607,69.23609508423725,0.0,8,4,27,1
ereq_c15d888a-847c-40bc-adfa-6a912fbadca2,2026-09-17T23:20:07.936740Z,james-botts-gota:v13,40d72eea-ac61-44b0-aaf4-7828fbf30170,James Botts,0,Death Knight,RedTeam,7122,725,101.79724796405505,17,2,0,1,59.674248806515024,42.122999157540015,0.0,6,2,18,0
ereq_c15d888a-847c-40bc-adfa-6a912fbadca2,2026-09-17T23:20:07.936740Z,red-kite:v34,a4590ed4-0b0c-4d86-8968-0844796f30e0,Andrew Brower,1,Crossbowman,RedTeam,7122,1175,164.98174670036508,41,1,0,8,143.92024712159505,21.061499578770007,0.0,4,1,18,0
ereq_c15d888a-847c-40bc-adfa-6a912fbadca2,2026-09-17T23:20:07.936740Z,gota-g002:v1,a30542cb-54de-4109-92e6-bcabca7db4d8,Alex Smith,2,Lich,RedTeam,7122,1775,249.2277450154451,43,4,1,4,150.94074698118507,84.24599831508003,14.040999719180006,8,4,18,0
ereq_c15d888a-847c-40bc-adfa-6a912fbadca2,2026-09-17T23:20:07.936740Z,gota-vanguard-rally-hold:v1,3ccd4955-3d9c-4c79-a243-e5dc12d650ad,daveey,3,Warlock,RedTeam,7122,1525,214.1252457174951,31,5,0,7,108.81774782364505,105.30749789385004,0.0,6,5,18,0
ereq_c15d888a-847c-40bc-adfa-6a912fbadca2,2026-09-17T23:20:07.936740Z,aaron-gota-ir-perimeter-blue_repair-0916-aaron:v1,b64f1ccb-02e1-4ad5-b75b-f374222e9e9a,Aaron,4,Berserker,RedTeam,7122,2225,312.4122437517551,53,4,3,2,186.04324627913508,84.24599831508003,42.122999157540015,7,4,18,0
ereq_c15d888a-847c-40bc-adfa-6a912fbadca2,2026-09-17T23:20:07.936740Z,Polyworld GOTA base.bas:v1,e8aed568-d03c-49bf-beaf-68c731f05d26,Andre von Houck,5,Vanguard Knight,BlueTeam,7122,575,80.73574838528504,17,1,0,5,59.674248806515024,21.061499578770007,0.0,3,1,22,1
ereq_c15d888a-847c-40bc-adfa-6a912fbadca2,2026-09-17T23:20:07.936740Z,aaron-gota-ir-coordinated-support-anchor-0916:v1,9cedf3ff-c7ce-4cff-897f-d48b44e049ad,Aaron's Co-play Coach,6,Ranger,BlueTeam,7122,4650,652.9064869418703,56,15,10,1,196.57399606852007,315.9224936815501,140.40999719180004,15,15,22,1
ereq_c15d888a-847c-40bc-adfa-6a912fbadca2,2026-09-17T23:20:07.936740Z,black-kite:v16,d10d7d74-40a7-4f6c-8838-e09729160349,Andrew Brower B,7,Arcanist,BlueTeam,7122,1075,150.94074698118507,37,1,0,5,129.87924740241505,21.061499578770007,0.0,2,1,22,1
ereq_c15d888a-847c-40bc-adfa-6a912fbadca2,2026-09-17T23:20:07.936740Z,gota-codex-side-aware-team-secondary-20260917:v1,a7551ee6-ef55-48f0-81bc-d1ba68ca54c2,daveey-2,8,Druid Warden,BlueTeam,7122,450,63.184498736310026,18,0,0,4,63.184498736310026,0.0,0.0,3,0,22,1
ereq_c15d888a-847c-40bc-adfa-6a912fbadca2,2026-09-17T23:20:07.936740Z,gota-g003:v2,8cea4626-a0f1-4dd0-b066-58e6bd194ad3,Scott Smith,9,Demon Hunter,BlueTeam,7122,825,115.83824768323505,21,2,0,3,73.71524852569503,42.122999157540015,0.0,3,2,22,1
ereq_1e7a750b-9447-404c-ab35-c1a82c8addb1,2026-09-17T23:20:07.919244Z,richard-gods-of-the-arena:v78,881a807d-68ab-4a62-9b6c-e98694cf0bc3,richard,0,Death Knight,RedTeam,3029,75,24.760647078243643,3,0,0,4,24.760647078243643,0.0,0.0,0,0,4,0
ereq_1e7a750b-9447-404c-ab35-c1a82c8addb1,2026-09-17T23:20:07.919244Z,Jordan-ply_bcb80069-fb0c-4ba5-a45c-06b647870aeb:v218,f1cf890b-42d5-4cca-98cc-782774a7e9a7,Jordan,1,Crossbowman,RedTeam,3029,100,33.01419610432486,4,0,0,1,33.01419610432486,0.0,0.0,1,0,4,0
ereq_1e7a750b-9447-404c-ab35-c1a82c8addb1,2026-09-17T23:20:07.919244Z,relh-gods-of-the-arena:v145,6daf9052-7877-4dc4-b1b3-e03f479b8b55,relh,2,Lich,RedTeam,3029,1025,338.3955100693298,35,1,0,0,288.87421591284254,49.521294156487286,0.0,3,1,4,0
ereq_1e7a750b-9447-404c-ab35-c1a82c8addb1,2026-09-17T23:20:07.919244Z,aaron-gota-ir-perimeter-blue_repair-0916-aaron:v1,b64f1ccb-02e1-4ad5-b75b-f374222e9e9a,Aaron,3,Warlock,RedTeam,3029,800,264.1135688345989,12,2,2,0,99.04258831297457,99.04258831297457,66.02839220864972,2,2,4,0
ereq_1e7a750b-9447-404c-ab35-c1a82c8addb1,2026-09-17T23:20:07.919244Z,gota-vanguard-rally-hold:v1,3ccd4955-3d9c-4c79-a243-e5dc12d650ad,daveey,4,Berserker,RedTeam,3029,200,66.02839220864972,8,0,0,5,66.02839220864972,0.0,0.0,1,0,4,0
ereq_1e7a750b-9447-404c-ab35-c1a82c8addb1,2026-09-17T23:20:07.919244Z,macromackie-gota:v3,e3a136c1-ad8d-44c7-b9d7-e4c65a3185cf,macromackie,5,Vanguard Knight,BlueTeam,3029,250,82.53549026081215,4,1,0,1,33.01419610432486,49.521294156487286,0.0,8,1,10,1
ereq_1e7a750b-9447-404c-ab35-c1a82c8addb1,2026-09-17T23:20:07.919244Z,gota-g003:v2,8cea4626-a0f1-4dd0-b066-58e6bd194ad3,Scott Smith,6,Ranger,BlueTeam,3029,1075,354.9026081214922,11,4,2,0,90.78903928689337,198.08517662594915,66.02839220864972,10,4,10,1
ereq_1e7a750b-9447-404c-ab35-c1a82c8addb1,2026-09-17T23:20:07.919244Z,gota-g002:v1,a30542cb-54de-4109-92e6-bcabca7db4d8,Alex Smith,7,Arcanist,BlueTeam,3029,1200,396.1703532518983,16,4,2,0,132.05678441729944,198.08517662594915,66.02839220864972,10,4,10,1
ereq_1e7a750b-9447-404c-ab35-c1a82c8addb1,2026-09-17T23:20:07.919244Z,james-botts-gota:v13,40d72eea-ac61-44b0-aaf4-7828fbf30170,James Botts,8,Druid Warden,BlueTeam,3029,125,41.26774513040608,5,0,0,2,41.26774513040608,0.0,0.0,0,0,10,1
ereq_1e7a750b-9447-404c-ab35-c1a82c8addb1,2026-09-17T23:20:07.919244Z,aaron-gota-ir-coordinated-support-anchor-0916:v1,9cedf3ff-c7ce-4cff-897f-d48b44e049ad,Aaron's Co-play Coach,9,Demon Hunter,BlueTeam,3029,650,214.59227467811158,8,1,3,1,66.02839220864972,49.521294156487286,99.04258831297457,5,1,10,1
ereq_8a269779-2481-428e-9093-823915b605c8,2026-09-17T23:20:07.905619Z,gota-codex-side-aware-team-secondary-20260917:v1,a7551ee6-ef55-48f0-81bc-d1ba68ca54c2,daveey-2,0,Death Knight,RedTeam,4778,150,31.393888656341566,6,0,0,5,31.393888656341566,0.0,0.0,0,0,8,0
ereq_8a269779-2481-428e-9093-823915b605c8,2026-09-17T23:20:07.905619Z,james-botts-gota:v13,40d72eea-ac61-44b0-aaf4-7828fbf30170,James Botts,1,Crossbowman,RedTeam,4778,825,172.6663876098786,33,0,0,1,172.6663876098786,0.0,0.0,1,0,8,0
ereq_8a269779-2481-428e-9093-823915b605c8,2026-09-17T23:20:07.905619Z,richard-gods-of-the-arena:v78,881a807d-68ab-4a62-9b6c-e98694cf0bc3,richard,2,Lich,RedTeam,4778,1550,324.4035161155295,38,4,0,6,198.82796149016326,125.57555462536627,0.0,4,4,8,0
ereq_8a269779-2481-428e-9093-823915b605c8,2026-09-17T23:20:07.905619Z,khors:v1,fa00903c-0ba4-4eec-b20f-4c082550d80f,Andre von Auto,3,Warlock,RedTeam,4778,25,5.232314776056928,1,0,0,8,5.232314776056928,0.0,0.0,1,0,8,0
ereq_8a269779-2481-428e-9093-823915b605c8,2026-09-17T23:20:07.905619Z,red-kite:v34,a4590ed4-0b0c-4d86-8968-0844796f30e0,Andrew Brower,4,Berserker,RedTeam,4778,1300,272.0803683549602,34,3,0,1,177.89870238593554,94.18166596902469,0.0,3,3,8,0
ereq_8a269779-2481-428e-9093-823915b605c8,2026-09-17T23:20:07.905619Z,daf-gota-v1:v1,e7d1ba41-3be1-4785-815d-b3c9ad8f46b9,docxology,5,Vanguard Knight,BlueTeam,4778,800,167.4340728338217,22,1,1,2,115.1109250732524,31.393888656341566,20.92925910422771,6,1,21,1
ereq_8a269779-2481-428e-9093-823915b605c8,2026-09-17T23:20:07.905619Z,gota-g002:v1,a30542cb-54de-4109-92e6-bcabca7db4d8,Alex Smith,6,Ranger,BlueTeam,4778,2875,601.7161992465467,31,12,3,0,162.20175805776475,376.72666387609877,62.78777731268313,16,12,21,1
ereq_8a269779-2481-428e-9093-823915b605c8,2026-09-17T23:20:07.905619Z,relh-gods-of-the-arena:v145,6daf9052-7877-4dc4-b1b3-e03f479b8b55,relh,7,Arcanist,BlueTeam,4778,1825,381.95897865215574,35,5,2,1,183.13101716199247,156.96944328170784,41.85851820845542,5,5,21,1
ereq_8a269779-2481-428e-9093-823915b605c8,2026-09-17T23:20:07.905619Z,aaron-gota-ir-coordinated-support-anchor-0916:v1,9cedf3ff-c7ce-4cff-897f-d48b44e049ad,Aaron's Co-play Coach,8,Druid Warden,BlueTeam,4778,575,120.34323984930933,19,0,1,2,99.41398074508163,0.0,20.92925910422771,4,0,21,1
ereq_8a269779-2481-428e-9093-823915b605c8,2026-09-17T23:20:07.905619Z,Polyworld GOTA base.bas:v1,e8aed568-d03c-49bf-beaf-68c731f05d26,Andre von Houck,9,Demon Hunter,BlueTeam,4778,800,167.4340728338217,10,3,1,3,52.32314776056928,94.18166596902469,20.92925910422771,4,3,21,1
ereq_25e6a29a-29d5-444a-ac69-298315590a46,2026-09-17T23:20:07.934569Z,aaron-gota-ir-coordinated-support-anchor-0916:v1,9cedf3ff-c7ce-4cff-897f-d48b44e049ad,Aaron's Co-play Coach,0,Death Knight,RedTeam,4036,650,161.05054509415262,20,1,0,2,123.8850346878097,37.16551040634291,0.0,1,1,8,0
ereq_25e6a29a-29d5-444a-ac69-298315590a46,2026-09-17T23:20:07.934569Z,gota-codex-side-aware-team-secondary-20260917:v1,a7551ee6-ef55-48f0-81bc-d1ba68ca54c2,daveey-2,1,Crossbowman,RedTeam,4036,1125,278.74132804757187,35,1,1,1,216.798810703667,37.16551040634291,24.777006937561943,1,1,8,0
ereq_25e6a29a-29d5-444a-ac69-298315590a46,2026-09-17T23:20:07.934569Z,red-kite:v34,a4590ed4-0b0c-4d86-8968-0844796f30e0,Andrew Brower,2,Lich,RedTeam,4036,25,6.194251734390486,1,0,0,2,6.194251734390486,0.0,0.0,4,0,8,0
ereq_25e6a29a-29d5-444a-ac69-298315590a46,2026-09-17T23:20:07.934569Z,gota-g003:v2,8cea4626-a0f1-4dd0-b066-58e6bd194ad3,Scott Smith,3,Warlock,RedTeam,4036,475,117.69078295341923,13,1,0,4,80.52527254707631,37.16551040634291,0.0,6,1,8,0
ereq_25e6a29a-29d5-444a-ac69-298315590a46,2026-09-17T23:20:07.934569Z,black-kite:v16,d10d7d74-40a7-4f6c-8838-e09729160349,Andrew Brower B,4,Berserker,RedTeam,4036,975,241.57581764122895,11,4,1,2,68.13676907829534,148.66204162537164,24.777006937561943,5,4,8,0
ereq_25e6a29a-29d5-444a-ac69-298315590a46,2026-09-17T23:20:07.934569Z,gota-g002:v1,a30542cb-54de-4109-92e6-bcabca7db4d8,Alex Smith,5,Vanguard Knight,BlueTeam,4036,75,18.582755203171455,3,0,0,3,18.582755203171455,0.0,0.0,0,0,11,1
ereq_25e6a29a-29d5-444a-ac69-298315590a46,2026-09-17T23:20:07.934569Z,aaron-gota-ir-perimeter-blue_repair-0916-aaron:v1,b64f1ccb-02e1-4ad5-b75b-f374222e9e9a,Aaron,6,Ranger,BlueTeam,4036,2550,631.8136769078295,38,6,7,0,235.38156590683846,222.99306243805748,173.4390485629336,6,6,11,1
ereq_25e6a29a-29d5-444a-ac69-298315590a46,2026-09-17T23:20:07.934569Z,james-botts-gota:v13,40d72eea-ac61-44b0-aaf4-7828fbf30170,James Botts,7,Arcanist,BlueTeam,4036,950,235.38156590683846,26,2,0,0,161.05054509415262,74.33102081268582,0.0,2,2,11,1
ereq_25e6a29a-29d5-444a-ac69-298315590a46,2026-09-17T23:20:07.934569Z,Polyworld GOTA base.bas:v1,e8aed568-d03c-49bf-beaf-68c731f05d26,Andre von Houck,8,Druid Warden,BlueTeam,4036,350,86.7195242814668,14,0,0,3,86.7195242814668,0.0,0.0,1,0,11,1
ereq_25e6a29a-29d5-444a-ac69-298315590a46,2026-09-17T23:20:07.934569Z,Jordan-ply_bcb80069-fb0c-4ba5-a45c-06b647870aeb:v218,f1cf890b-42d5-4cca-98cc-782774a7e9a7,Jordan,9,Demon Hunter,BlueTeam,4036,200,49.554013875123886,8,0,0,2,49.554013875123886,0.0,0.0,2,0,11,1
ereq_89fd1316-1a7e-49bf-8537-977c4767d6c8,2026-09-17T23:20:07.925280Z,Polyworld GOTA base.bas:v1,e8aed568-d03c-49bf-beaf-68c731f05d26,Andre von Houck,0,Death Knight,RedTeam,4029,1300,322.6607098535617,12,6,1,3,74.46016381236039,223.38049143708116,24.82005460412013,9,6,18,0
ereq_89fd1316-1a7e-49bf-8537-977c4767d6c8,2026-09-17T23:20:07.925280Z,gota-codex-side-aware-team-secondary-20260917:v1,a7551ee6-ef55-48f0-81bc-d1ba68ca54c2,daveey-2,1,Crossbowman,RedTeam,4029,1325,328.8657235045917,37,2,1,1,229.5855050881112,74.46016381236039,24.82005460412013,3,2,18,0
ereq_89fd1316-1a7e-49bf-8537-977c4767d6c8,2026-09-17T23:20:07.925280Z,black-kite:v16,d10d7d74-40a7-4f6c-8838-e09729160349,Andrew Brower B,2,Lich,RedTeam,4029,2100,521.2211466865227,32,8,1,0,198.56043683296105,297.84065524944157,24.82005460412013,15,8,18,0
ereq_89fd1316-1a7e-49bf-8537-977c4767d6c8,2026-09-17T23:20:07.925280Z,macromackie-gota:v3,e3a136c1-ad8d-44c7-b9d7-e4c65a3185cf,macromackie,3,Warlock,RedTeam,4029,350,86.87019111442045,14,0,0,1,86.87019111442045,0.0,0.0,7,0,18,0
ereq_89fd1316-1a7e-49bf-8537-977c4767d6c8,2026-09-17T23:20:07.925280Z,james-botts-gota:v13,40d72eea-ac61-44b0-aaf4-7828fbf30170,James Botts,4,Berserker,RedTeam,4029,275,68.25515016133035,11,0,0,4,68.25515016133035,0.0,0.0,0,0,18,0
ereq_89fd1316-1a7e-49bf-8537-977c4767d6c8,2026-09-17T23:20:07.925280Z,relh-gods-of-the-arena:v145,6daf9052-7877-4dc4-b1b3-e03f479b8b55,relh,5,Vanguard Knight,BlueTeam,4029,50,12.410027302060065,2,0,0,5,12.410027302060065,0.0,0.0,0,0,9,1
ereq_89fd1316-1a7e-49bf-8537-977c4767d6c8,2026-09-17T23:20:07.925280Z,aaron-gota-ir-perimeter-blue_repair-0916-aaron:v1,b64f1ccb-02e1-4ad5-b75b-f374222e9e9a,Aaron,6,Ranger,BlueTeam,4029,2350,583.271283196823,34,6,6,0,210.9704641350211,223.38049143708116,148.92032762472078,6,6,9,1
ereq_89fd1316-1a7e-49bf-8537-977c4767d6c8,2026-09-17T23:20:07.925280Z,Jordan-ply_bcb80069-fb0c-4ba5-a45c-06b647870aeb:v218,f1cf890b-42d5-4cca-98cc-782774a7e9a7,Jordan,7,Arcanist,BlueTeam,4029,650,161.33035492678084,26,0,0,2,161.33035492678084,0.0,0.0,1,0,9,1
ereq_89fd1316-1a7e-49bf-8537-977c4767d6c8,2026-09-17T23:20:07.925280Z,red-kite:v34,a4590ed4-0b0c-4d86-8968-0844796f30e0,Andrew Brower,8,Druid Warden,BlueTeam,4029,475,117.89525936957061,13,1,0,5,80.66517746339042,37.230081906180196,0.0,1,1,9,1
ereq_89fd1316-1a7e-49bf-8537-977c4767d6c8,2026-09-17T23:20:07.925280Z,richard-gods-of-the-arena:v78,881a807d-68ab-4a62-9b6c-e98694cf0bc3,richard,9,Demon Hunter,BlueTeam,4029,250,62.05013651030032,10,0,0,6,62.05013651030032,0.0,0.0,1,0,9,1
ereq_26485b62-cb3b-4b2f-94fc-8ba0a65f037d,2026-09-17T23:20:07.938156Z,Jordan-ply_bcb80069-fb0c-4ba5-a45c-06b647870aeb:v218,f1cf890b-42d5-4cca-98cc-782774a7e9a7,Jordan,0,Death Knight,RedTeam,4340,200,46.08294930875576,2,1,0,5,11.52073732718894,34.56221198156682,0.0,4,1,9,0
ereq_26485b62-cb3b-4b2f-94fc-8ba0a65f037d,2026-09-17T23:20:07.938156Z,khors:v1,fa00903c-0ba4-4eec-b20f-4c082550d80f,Andre von Auto,1,Crossbowman,RedTeam,4340,375,86.40552995391705,9,1,0,5,51.84331797235023,34.56221198156682,0.0,3,1,9,0
ereq_26485b62-cb3b-4b2f-94fc-8ba0a65f037d,2026-09-17T23:20:07.938156Z,james-botts-gota:v13,40d72eea-ac61-44b0-aaf4-7828fbf30170,James Botts,2,Lich,RedTeam,4340,550,126.72811059907833,16,1,0,5,92.16589861751152,34.56221198156682,0.0,4,1,9,0
ereq_26485b62-cb3b-4b2f-94fc-8ba0a65f037d,2026-09-17T23:20:07.938156Z,aaron-gota-ir-perimeter-blue_repair-0916-aaron:v1,b64f1ccb-02e1-4ad5-b75b-f374222e9e9a,Aaron,3,Warlock,RedTeam,4340,300,69.12442396313364,0,2,0,6,0.0,69.12442396313364,0.0,5,2,9,0
ereq_26485b62-cb3b-4b2f-94fc-8ba0a65f037d,2026-09-17T23:20:07.938156Z,aaron-gota-ir-coordinated-support-anchor-0916:v1,9cedf3ff-c7ce-4cff-897f-d48b44e049ad,Aaron's Co-play Coach,4,Berserker,RedTeam,4340,1200,276.49769585253455,28,2,2,1,161.29032258064515,69.12442396313364,46.08294930875576,2,2,9,0
ereq_26485b62-cb3b-4b2f-94fc-8ba0a65f037d,2026-09-17T23:20:07.938156Z,nancy-goa:v2,2777766f-4931-4fd9-83f2-44a3f509ede1,NanosaurusX,5,Vanguard Knight,BlueTeam,4340,350,80.64516129032258,4,1,1,1,23.04147465437788,34.56221198156682,23.04147465437788,6,1,22,1
ereq_26485b62-cb3b-4b2f-94fc-8ba0a65f037d,2026-09-17T23:20:07.938156Z,gota-g003:v2,8cea4626-a0f1-4dd0-b066-58e6bd194ad3,Scott Smith,6,Ranger,BlueTeam,4340,3625,835.2534562211981,27,17,4,0,155.5299539170507,587.557603686636,92.16589861751152,22,17,22,1
ereq_26485b62-cb3b-4b2f-94fc-8ba0a65f037d,2026-09-17T23:20:07.938156Z,gota-g002:v1,a30542cb-54de-4109-92e6-bcabca7db4d8,Alex Smith,7,Arcanist,BlueTeam,4340,575,132.4884792626728,1,3,1,2,5.76036866359447,103.68663594470046,23.04147465437788,7,3,22,1
ereq_26485b62-cb3b-4b2f-94fc-8ba0a65f037d,2026-09-17T23:20:07.938156Z,richard-gods-of-the-arena:v78,881a807d-68ab-4a62-9b6c-e98694cf0bc3,richard,8,Druid Warden,BlueTeam,4340,325,74.88479262672811,7,1,0,3,40.32258064516129,34.56221198156682,0.0,9,1,22,1
ereq_26485b62-cb3b-4b2f-94fc-8ba0a65f037d,2026-09-17T23:20:07.938156Z,macromackie-gota:v3,e3a136c1-ad8d-44c7-b9d7-e4c65a3185cf,macromackie,9,Demon Hunter,BlueTeam,4340,50,11.52073732718894,2,0,0,3,11.52073732718894,0.0,0.0,3,0,22,1
ereq_8e031bba-469f-4ff6-a767-3e2052a1a9db,2026-09-17T23:20:07.932553Z,aaron-gota-ir-coordinated-support-anchor-0916:v1,9cedf3ff-c7ce-4cff-897f-d48b44e049ad,Aaron's Co-play Coach,0,Death Knight,RedTeam,17922,5175,288.75125544024104,83,16,7,6,115.77948889632853,133.91362571141613,39.05814083249637,22,16,67,1
ereq_8e031bba-469f-4ff6-a767-3e2052a1a9db,2026-09-17T23:20:07.932553Z,gota-codex-side-aware-team-secondary-20260917:v1,a7551ee6-ef55-48f0-81bc-d1ba68ca54c2,daveey-2,1,Crossbowman,RedTeam,17922,5500,306.88539225532867,52,26,3,8,72.5365472603504,217.6096417810512,16.739203213927016,35,26,67,1
ereq_8e031bba-469f-4ff6-a767-3e2052a1a9db,2026-09-17T23:20:07.932553Z,macromackie-gota:v3,e3a136c1-ad8d-44c7-b9d7-e4c65a3185cf,macromackie,2,Lich,RedTeam,17922,2675,149.25789532418256,13,15,1,9,18.1341368150876,125.54402410445263,5.579734404642339,21,15,67,1
ereq_8e031bba-469f-4ff6-a767-3e2052a1a9db,2026-09-17T23:20:07.932553Z,gota-g003:v2,8cea4626-a0f1-4dd0-b066-58e6bd194ad3,Scott Smith,3,Warlock,RedTeam,17922,4100,228.7691105903359,112,8,1,9,156.23256332998548,66.95681285570807,5.579734404642339,15,8,67,1
ereq_8e031bba-469f-4ff6-a767-3e2052a1a9db,2026-09-17T23:20:07.932553Z,james-botts-gota:v13,40d72eea-ac61-44b0-aaf4-7828fbf30170,James Botts,4,Berserker,RedTeam,17922,3525,196.68563776364246,135,1,0,2,188.31603615667893,8.369601606963508,0.0,7,1,67,1
ereq_8e031bba-469f-4ff6-a767-3e2052a1a9db,2026-09-17T23:20:07.932553Z,Jordan-ply_bcb80069-fb0c-4ba5-a45c-06b647870aeb:v218,f1cf890b-42d5-4cca-98cc-782774a7e9a7,Jordan,5,Vanguard Knight,BlueTeam,17922,1250,69.74668005802924,32,3,0,18,44.637875237138715,25.108804820890526,0.0,10,3,34,0
ereq_8e031bba-469f-4ff6-a767-3e2052a1a9db,2026-09-17T23:20:07.932553Z,gota-vanguard-rally-hold:v1,3ccd4955-3d9c-4c79-a243-e5dc12d650ad,daveey,6,Ranger,BlueTeam,17922,5050,281.7765874344381,114,14,1,14,159.02243053230666,117.17442249748912,5.579734404642339,23,14,34,0
ereq_8e031bba-469f-4ff6-a767-3e2052a1a9db,2026-09-17T23:20:07.932553Z,richard-gods-of-the-arena:v78,881a807d-68ab-4a62-9b6c-e98694cf0bc3,richard,7,Arcanist,BlueTeam,17922,4275,238.53364579846,117,9,0,14,163.2072313357884,75.32641446267158,0.0,16,9,34,0
ereq_8e031bba-469f-4ff6-a767-3e2052a1a9db,2026-09-17T23:20:07.932553Z,black-kite:v16,d10d7d74-40a7-4f6c-8838-e09729160349,Andrew Brower B,8,Druid Warden,BlueTeam,17922,5125,285.9613882379199,175,5,0,6,244.11338020310234,41.84800803481754,0.0,5,5,34,0
ereq_8e031bba-469f-4ff6-a767-3e2052a1a9db,2026-09-17T23:20:07.932553Z,relh-gods-of-the-arena:v145,6daf9052-7877-4dc4-b1b3-e03f479b8b55,relh,9,Demon Hunter,BlueTeam,17922,2250,125.54402410445263,80,1,1,15,111.59468809284678,8.369601606963508,5.579734404642339,10,1,34,0
ereq_16c14939-8199-4095-b6be-50564ce9ddee,2026-09-17T23:20:07.914700Z,daf-gota-v1:v1,e7d1ba41-3be1-4785-815d-b3c9ad8f46b9,docxology,0,Death Knight,RedTeam,13541,1925,142.1608448415922,53,4,0,3,97.8509711247323,44.309873716859904,0.0,15,4,40,0
ereq_16c14939-8199-4095-b6be-50564ce9ddee,2026-09-17T23:20:07.914700Z,gota-vanguard-rally-hold:v1,3ccd4955-3d9c-4c79-a243-e5dc12d650ad,daveey,1,Crossbowman,RedTeam,13541,2475,182.77822908204712,43,8,2,2,79.38852374270733,88.61974743371981,14.769957905619968,16,8,40,0
ereq_16c14939-8199-4095-b6be-50564ce9ddee,2026-09-17T23:20:07.914700Z,james-botts-gota:v13,40d72eea-ac61-44b0-aaf4-7828fbf30170,James Botts,2,Lich,RedTeam,13541,1675,123.69839745956725,25,7,0,1,46.156118455062405,77.54227900450483,0.0,14,7,40,0
ereq_16c14939-8199-4095-b6be-50564ce9ddee,2026-09-17T23:20:07.914700Z,richard-gods-of-the-arena:v78,881a807d-68ab-4a62-9b6c-e98694cf0bc3,richard,3,Warlock,RedTeam,13541,2125,156.93080274721217,43,7,0,9,79.38852374270733,77.54227900450483,0.0,15,7,40,0
ereq_16c14939-8199-4095-b6be-50564ce9ddee,2026-09-17T23:20:07.914700Z,macromackie-gota:v3,e3a136c1-ad8d-44c7-b9d7-e4c65a3185cf,macromackie,4,Berserker,RedTeam,13541,3700,273.24422125396944,76,10,3,11,140.3146001033897,110.77468429214977,22.154936858429952,13,9,40,0
ereq_16c14939-8199-4095-b6be-50564ce9ddee,2026-09-17T23:20:07.914700Z,aaron-gota-ir-perimeter-blue_repair-0916-aaron:v1,b64f1ccb-02e1-4ad5-b75b-f374222e9e9a,Aaron,5,Vanguard Knight,BlueTeam,13541,2400,177.23949486743962,42,5,6,4,77.54227900450483,55.387342146074886,44.309873716859904,7,5,26,1
ereq_16c14939-8199-4095-b6be-50564ce9ddee,2026-09-17T23:20:07.914700Z,black-kite:v16,d10d7d74-40a7-4f6c-8838-e09729160349,Andrew Brower B,6,Ranger,BlueTeam,13541,1350,99.6972158629348,18,6,0,9,33.23240528764493,66.46481057528986,0.0,8,6,26,1
ereq_16c14939-8199-4095-b6be-50564ce9ddee,2026-09-17T23:20:07.914700Z,red-kite:v34,a4590ed4-0b0c-4d86-8968-0844796f30e0,Andrew Brower,7,Arcanist,BlueTeam,13541,1375,101.54346060113728,19,6,0,9,35.07865002584742,66.46481057528986,0.0,8,6,26,1
ereq_16c14939-8199-4095-b6be-50564ce9ddee,2026-09-17T23:20:07.914700Z,gota-g002:v1,a30542cb-54de-4109-92e6-bcabca7db4d8,Alex Smith,8,Druid Warden,BlueTeam,13541,1900,140.3146001033897,70,1,0,12,129.23713167417472,11.077468429214976,0.0,5,1,26,1
ereq_16c14939-8199-4095-b6be-50564ce9ddee,2026-09-17T23:20:07.914700Z,aaron-gota-ir-coordinated-support-anchor-0916:v1,9cedf3ff-c7ce-4cff-897f-d48b44e049ad,Aaron's Co-play Coach,9,Demon Hunter,BlueTeam,13541,4025,297.24540285060186,103,5,7,6,190.1632080348571,55.387342146074886,51.69485266966989,8,5,26,1
ereq_368dcba9-b6f3-466a-ab7e-65d8c7f8404c,2026-09-17T23:20:07.908797Z,aaron-gota-ir-coordinated-support-anchor-0916:v1,9cedf3ff-c7ce-4cff-897f-d48b44e049ad,Aaron's Co-play Coach,0,Death Knight,RedTeam,5545,1225,220.91974752028855,33,2,1,1,148.78268710550046,54.10279531109107,18.034265103697024,4,2,15,0
ereq_368dcba9-b6f3-466a-ab7e-65d8c7f8404c,2026-09-17T23:20:07.908797Z,red-kite:v34,a4590ed4-0b0c-4d86-8968-0844796f30e0,Andrew Brower,1,Crossbowman,RedTeam,5545,2050,369.702434625789,60,3,1,1,270.5139765554554,81.15419296663661,18.034265103697024,4,3,15,0
ereq_368dcba9-b6f3-466a-ab7e-65d8c7f8404c,2026-09-17T23:20:07.908797Z,nancy-goa:v2,2777766f-4931-4fd9-83f2-44a3f509ede1,NanosaurusX,2,Lich,RedTeam,5545,725,130.74842200180342,17,2,0,3,76.64562669071235,54.10279531109107,0.0,5,2,15,0
ereq_368dcba9-b6f3-466a-ab7e-65d8c7f8404c,2026-09-17T23:20:07.908797Z,gota-g003:v2,8cea4626-a0f1-4dd0-b066-58e6bd194ad3,Scott Smith,3,Warlock,RedTeam,5545,1050,189.35978358881874,12,5,0,6,54.10279531109107,135.2569882777277,0.0,6,5,15,0
ereq_368dcba9-b6f3-466a-ab7e-65d8c7f8404c,2026-09-17T23:20:07.908797Z,james-botts-gota:v13,40d72eea-ac61-44b0-aaf4-7828fbf30170,James Botts,4,Berserker,RedTeam,5545,825,148.78268710550046,21,2,0,1,94.67989179440937,54.10279531109107,0.0,4,2,15,0
ereq_368dcba9-b6f3-466a-ab7e-65d8c7f8404c,2026-09-17T23:20:07.908797Z,aaron-gota-ir-perimeter-blue_repair-0916-aaron:v1,b64f1ccb-02e1-4ad5-b75b-f374222e9e9a,Aaron,5,Vanguard Knight,BlueTeam,5545,1075,193.868349864743,29,1,2,2,130.74842200180342,27.051397655545536,36.06853020739405,2,1,12,1
ereq_368dcba9-b6f3-466a-ab7e-65d8c7f8404c,2026-09-17T23:20:07.908797Z,richard-gods-of-the-arena:v78,881a807d-68ab-4a62-9b6c-e98694cf0bc3,richard,6,Ranger,BlueTeam,5545,1575,284.03967538322814,35,2,4,2,157.79981965734896,54.10279531109107,72.1370604147881,4,2,12,1
ereq_368dcba9-b6f3-466a-ab7e-65d8c7f8404c,2026-09-17T23:20:07.908797Z,macromackie-gota:v3,e3a136c1-ad8d-44c7-b9d7-e4c65a3185cf,macromackie,7,Arcanist,BlueTeam,5545,1125,202.88548241659151,17,4,1,2,76.64562669071235,108.20559062218214,18.034265103697024,5,4,12,1
ereq_368dcba9-b6f3-466a-ab7e-65d8c7f8404c,2026-09-17T23:20:07.908797Z,Jordan-ply_bcb80069-fb0c-4ba5-a45c-06b647870aeb:v218,f1cf890b-42d5-4cca-98cc-782774a7e9a7,Jordan,8,Druid Warden,BlueTeam,5545,825,148.78268710550046,23,1,1,4,103.69702434625789,27.051397655545536,18.034265103697024,1,1,12,1
ereq_368dcba9-b6f3-466a-ab7e-65d8c7f8404c,2026-09-17T23:20:07.908797Z,gota-codex-side-aware-team-secondary-20260917:v1,a7551ee6-ef55-48f0-81bc-d1ba68ca54c2,daveey-2,9,Demon Hunter,BlueTeam,5545,800,144.2741208295762,14,3,0,5,63.11992786293958,81.15419296663661,0.0,3,3,12,1
ereq_01032fa0-9cfe-4d52-95d8-13b0b67011d0,2026-09-17T23:20:07.929016Z,red-kite:v34,a4590ed4-0b0c-4d86-8968-0844796f30e0,Andrew Brower,0,Death Knight,RedTeam,12111,4800,396.33391132028737,140,6,4,1,288.9934770043762,74.31260837255388,33.02782594335728,11,6,37,1
ereq_01032fa0-9cfe-4d52-95d8-13b0b67011d0,2026-09-17T23:20:07.929016Z,aaron-gota-ir-perimeter-blue_repair-0916-aaron:v1,b64f1ccb-02e1-4ad5-b75b-f374222e9e9a,Aaron,1,Crossbowman,RedTeam,12111,5800,478.90347617868053,106,17,6,2,218.80934687474198,210.55239038890264,49.54173891503592,19,17,37,1
ereq_01032fa0-9cfe-4d52-95d8-13b0b67011d0,2026-09-17T23:20:07.929016Z,Polyworld GOTA base.bas:v1,e8aed568-d03c-49bf-beaf-68c731f05d26,Andre von Houck,2,Lich,RedTeam,12111,2700,222.93782511766162,72,6,0,8,148.62521674510776,74.31260837255388,0.0,9,6,37,1
ereq_01032fa0-9cfe-4d52-95d8-13b0b67011d0,2026-09-17T23:20:07.929016Z,khors:v1,fa00903c-0ba4-4eec-b20f-4c082550d80f,Andre von Auto,3,Warlock,RedTeam,12111,1100,90.82652134423252,32,2,0,10,66.05565188671456,24.77086945751796,0.0,5,2,37,1
ereq_01032fa0-9cfe-4d52-95d8-13b0b67011d0,2026-09-17T23:20:07.929016Z,aaron-gota-ir-coordinated-support-anchor-0916:v1,9cedf3ff-c7ce-4cff-897f-d48b44e049ad,Aaron's Co-play Coach,4,Berserker,RedTeam,12111,850,70.18413012963421,28,1,0,7,57.79869540087524,12.38543472875898,0.0,3,1,37,1
ereq_01032fa0-9cfe-4d52-95d8-13b0b67011d0,2026-09-17T23:20:07.929016Z,gota-vanguard-rally-hold:v1,3ccd4955-3d9c-4c79-a243-e5dc12d650ad,daveey,5,Vanguard Knight,BlueTeam,12111,1150,94.95499958715217,36,1,1,8,74.31260837255388,12.38543472875898,8.25695648583932,4,1,28,0
ereq_01032fa0-9cfe-4d52-95d8-13b0b67011d0,2026-09-17T23:20:07.929016Z,gota-codex-side-aware-team-secondary-20260917:v1,a7551ee6-ef55-48f0-81bc-d1ba68ca54c2,daveey-2,6,Ranger,BlueTeam,12111,2650,218.80934687474198,66,6,1,10,136.23978201634878,74.31260837255388,8.25695648583932,10,6,28,0
ereq_01032fa0-9cfe-4d52-95d8-13b0b67011d0,2026-09-17T23:20:07.929016Z,black-kite:v16,d10d7d74-40a7-4f6c-8838-e09729160349,Andrew Brower B,7,Arcanist,BlueTeam,12111,5650,466.51804144992155,126,16,1,5,260.0941293039386,198.16695566014369,8.25695648583932,16,16,28,0
ereq_01032fa0-9cfe-4d52-95d8-13b0b67011d0,2026-09-17T23:20:07.929016Z,Jordan-ply_bcb80069-fb0c-4ba5-a45c-06b647870aeb:v218,f1cf890b-42d5-4cca-98cc-782774a7e9a7,Jordan,8,Druid Warden,BlueTeam,12111,1350,111.46891255883081,42,2,0,11,86.69804310131286,24.77086945751796,0.0,7,2,28,0
ereq_01032fa0-9cfe-4d52-95d8-13b0b67011d0,2026-09-17T23:20:07.929016Z,james-botts-gota:v13,40d72eea-ac61-44b0-aaf4-7828fbf30170,James Botts,9,Demon Hunter,BlueTeam,12111,1775,146.56097762364791,71,0,0,3,146.56097762364791,0.0,0.0,2,0,28,0
ereq_6c36ef96-2908-4f0f-9c06-36cb480c6514,2026-09-17T23:20:07.912528Z,Polyworld GOTA base.bas:v1,e8aed568-d03c-49bf-beaf-68c731f05d26,Andre von Houck,0,Death Knight,RedTeam,4199,800,190.5215527506549,20,2,0,5,119.07597046915933,71.44558228149559,0.0,3,2,11,1
ereq_6c36ef96-2908-4f0f-9c06-36cb480c6514,2026-09-17T23:20:07.912528Z,aaron-gota-ir-coordinated-support-anchor-0916:v1,9cedf3ff-c7ce-4cff-897f-d48b44e049ad,Aaron's Co-play Coach,1,Crossbowman,RedTeam,4199,1225,291.73612764944033,37,2,0,1,220.29054536794476,71.44558228149559,0.0,2,2,11,1
ereq_6c36ef96-2908-4f0f-9c06-36cb480c6514,2026-09-17T23:20:07.912528Z,Jordan-ply_bcb80069-fb0c-4ba5-a45c-06b647870aeb:v218,f1cf890b-42d5-4cca-98cc-782774a7e9a7,Jordan,2,Lich,RedTeam,4199,950,226.2443438914027,10,4,1,0,59.537985234579665,142.89116456299118,23.815194093831863,6,4,11,1
ereq_6c36ef96-2908-4f0f-9c06-36cb480c6514,2026-09-17T23:20:07.912528Z,aaron-gota-ir-perimeter-blue_repair-0916-aaron:v1,b64f1ccb-02e1-4ad5-b75b-f374222e9e9a,Aaron,3,Warlock,RedTeam,4199,950,226.2443438914027,20,1,3,0,119.07597046915933,35.722791140747795,71.44558228149559,6,1,11,1
ereq_6c36ef96-2908-4f0f-9c06-36cb480c6514,2026-09-17T23:20:07.912528Z,relh-gods-of-the-arena:v145,6daf9052-7877-4dc4-b1b3-e03f479b8b55,relh,4,Berserker,RedTeam,4199,750,178.61395570373898,16,1,2,3,95.26077637532745,35.722791140747795,47.630388187663726,2,1,11,1
ereq_6c36ef96-2908-4f0f-9c06-36cb480c6514,2026-09-17T23:20:07.912528Z,richard-gods-of-the-arena:v78,881a807d-68ab-4a62-9b6c-e98694cf0bc3,richard,5,Vanguard Knight,BlueTeam,4199,325,77.39938080495357,7,1,0,4,41.676589664205764,35.722791140747795,0.0,2,1,9,0
ereq_6c36ef96-2908-4f0f-9c06-36cb480c6514,2026-09-17T23:20:07.912528Z,black-kite:v16,d10d7d74-40a7-4f6c-8838-e09729160349,Andrew Brower B,6,Ranger,BlueTeam,4199,1275,303.6437246963563,41,1,1,2,244.1057394617766,35.722791140747795,23.815194093831863,1,1,9,0
ereq_6c36ef96-2908-4f0f-9c06-36cb480c6514,2026-09-17T23:20:07.912528Z,gota-g002:v1,a30542cb-54de-4109-92e6-bcabca7db4d8,Alex Smith,7,Arcanist,BlueTeam,4199,1450,345.32031436056207,26,4,2,1,154.79876160990713,142.89116456299118,47.630388187663726,5,4,9,0
ereq_6c36ef96-2908-4f0f-9c06-36cb480c6514,2026-09-17T23:20:07.912528Z,red-kite:v34,a4590ed4-0b0c-4d86-8968-0844796f30e0,Andrew Brower,8,Druid Warden,BlueTeam,4199,725,172.66015718028103,23,1,0,0,136.93736603953323,35.722791140747795,0.0,6,1,9,0
ereq_6c36ef96-2908-4f0f-9c06-36cb480c6514,2026-09-17T23:20:07.912528Z,james-botts-gota:v13,40d72eea-ac61-44b0-aaf4-7828fbf30170,James Botts,9,Demon Hunter,BlueTeam,4199,725,172.66015718028103,17,2,0,4,101.21457489878543,71.44558228149559,0.0,2,2,9,0
ereq_2b6cd807-77bc-4e2a-b57d-c3212f68664e,2026-09-17T23:20:07.919968Z,relh-gods-of-the-arena:v145,6daf9052-7877-4dc4-b1b3-e03f479b8b55,relh,0,Death Knight,RedTeam,28800,7050,244.79166666666666,246,4,3,11,213.54166666666666,20.833333333333332,10.416666666666666,9,4,81,0
ereq_2b6cd807-77bc-4e2a-b57d-c3212f68664e,2026-09-17T23:20:07.919968Z,Jordan-ply_bcb80069-fb0c-4ba5-a45c-06b647870aeb:v218,f1cf890b-42d5-4cca-98cc-782774a7e9a7,Jordan,1,Crossbowman,RedTeam,28800,6550,227.43055555555554,138,20,1,11,119.79166666666667,104.16666666666667,3.4722222222222223,28,20,81,0
ereq_2b6cd807-77bc-4e2a-b57d-c3212f68664e,2026-09-17T23:20:07.919968Z,richard-gods-of-the-arena:v78,881a807d-68ab-4a62-9b6c-e98694cf0bc3,richard,2,Lich,RedTeam,28800,7550,262.15277777777777,166,22,1,21,144.09722222222223,114.58333333333333,3.4722222222222223,30,21,81,0
ereq_2b6cd807-77bc-4e2a-b57d-c3212f68664e,2026-09-17T23:20:07.919968Z,gota-vanguard-rally-hold:v1,3ccd4955-3d9c-4c79-a243-e5dc12d650ad,daveey,3,Warlock,RedTeam,28800,4875,169.27083333333334,123,12,0,12,106.77083333333333,62.5,0.0,17,12,81,0
ereq_2b6cd807-77bc-4e2a-b57d-c3212f68664e,2026-09-17T23:20:07.919968Z,aaron-gota-ir-coordinated-support-anchor-0916:v1,9cedf3ff-c7ce-4cff-897f-d48b44e049ad,Aaron's Co-play Coach,4,Berserker,RedTeam,28800,8900,309.02777777777777,238,19,1,11,206.59722222222223,98.95833333333333,3.4722222222222223,23,18,81,0
ereq_2b6cd807-77bc-4e2a-b57d-c3212f68664e,2026-09-17T23:20:07.919968Z,black-kite:v16,d10d7d74-40a7-4f6c-8838-e09729160349,Andrew Brower B,5,Vanguard Knight,BlueTeam,28800,7550,262.15277777777777,262,6,1,18,227.43055555555554,31.25,3.4722222222222223,9,6,66,0
ereq_2b6cd807-77bc-4e2a-b57d-c3212f68664e,2026-09-17T23:20:07.919968Z,Polyworld GOTA base.bas:v1,e8aed568-d03c-49bf-beaf-68c731f05d26,Andre von Houck,6,Ranger,BlueTeam,28800,9225,320.3125,161,34,1,18,139.75694444444446,177.08333333333334,3.4722222222222223,42,34,66,0
ereq_2b6cd807-77bc-4e2a-b57d-c3212f68664e,2026-09-17T23:20:07.919968Z,red-kite:v34,a4590ed4-0b0c-4d86-8968-0844796f30e0,Andrew Brower,7,Arcanist,BlueTeam,28800,6925,240.45138888888889,173,16,2,25,150.17361111111111,83.33333333333333,6.944444444444445,23,16,66,0
ereq_2b6cd807-77bc-4e2a-b57d-c3212f68664e,2026-09-17T23:20:07.919968Z,gota-codex-side-aware-team-secondary-20260917:v1,a7551ee6-ef55-48f0-81bc-d1ba68ca54c2,daveey-2,8,Druid Warden,BlueTeam,28800,2850,98.95833333333333,102,2,0,19,88.54166666666667,10.416666666666666,0.0,9,2,66,0
ereq_2b6cd807-77bc-4e2a-b57d-c3212f68664e,2026-09-17T23:20:07.919968Z,james-botts-gota:v13,40d72eea-ac61-44b0-aaf4-7828fbf30170,James Botts,9,Demon Hunter,BlueTeam,28800,6500,225.69444444444446,224,6,0,1,194.44444444444446,31.25,0.0,18,6,66,0
ereq_08c65fe1-3e10-4c95-a0e6-a0eae22547c3,2026-09-17T23:20:07.931883Z,black-kite:v16,d10d7d74-40a7-4f6c-8838-e09729160349,Andrew Brower B,0,Death Knight,RedTeam,4837,350,72.3589001447178,14,0,0,1,72.3589001447178,0.0,0.0,2,0,11,1
ereq_08c65fe1-3e10-4c95-a0e6-a0eae22547c3,2026-09-17T23:20:07.931883Z,aaron-gota-ir-coordinated-support-anchor-0916:v1,9cedf3ff-c7ce-4cff-897f-d48b44e049ad,Aaron's Co-play Coach,1,Crossbowman,RedTeam,4837,2175,449.65887947074634,43,4,5,0,222.24519330163324,124.04382881951624,103.36985734959686,5,4,11,1
ereq_08c65fe1-3e10-4c95-a0e6-a0eae22547c3,2026-09-17T23:20:07.931883Z,gota-codex-side-aware-team-secondary-20260917:v1,a7551ee6-ef55-48f0-81bc-d1ba68ca54c2,daveey-2,2,Lich,RedTeam,4837,950,196.40272896423403,16,3,1,2,82.69588587967749,93.03287161463717,20.673971469919373,5,3,11,1
ereq_08c65fe1-3e10-4c95-a0e6-a0eae22547c3,2026-09-17T23:20:07.931883Z,james-botts-gota:v13,40d72eea-ac61-44b0-aaf4-7828fbf30170,James Botts,3,Warlock,RedTeam,4837,250,51.68492867479843,10,0,0,2,51.68492867479843,0.0,0.0,1,0,11,1
ereq_08c65fe1-3e10-4c95-a0e6-a0eae22547c3,2026-09-17T23:20:07.931883Z,Jordan-ply_bcb80069-fb0c-4ba5-a45c-06b647870aeb:v218,f1cf890b-42d5-4cca-98cc-782774a7e9a7,Jordan,4,Berserker,RedTeam,4837,550,113.70684308455654,10,2,0,2,51.68492867479843,62.02191440975812,0.0,6,2,11,1
ereq_08c65fe1-3e10-4c95-a0e6-a0eae22547c3,2026-09-17T23:20:07.931883Z,relh-gods-of-the-arena:v145,6daf9052-7877-4dc4-b1b3-e03f479b8b55,relh,5,Vanguard Knight,BlueTeam,4837,125,25.842464337399214,5,0,0,5,25.842464337399214,0.0,0.0,0,0,7,0
ereq_08c65fe1-3e10-4c95-a0e6-a0eae22547c3,2026-09-17T23:20:07.931883Z,richard-gods-of-the-arena:v78,881a807d-68ab-4a62-9b6c-e98694cf0bc3,richard,6,Ranger,BlueTeam,4837,1675,346.28902212114946,35,4,2,2,180.8972503617945,124.04382881951624,41.347942939838745,4,4,7,0
ereq_08c65fe1-3e10-4c95-a0e6-a0eae22547c3,2026-09-17T23:20:07.931883Z,macromackie-gota:v3,e3a136c1-ad8d-44c7-b9d7-e4c65a3185cf,macromackie,7,Arcanist,BlueTeam,4837,775,160.22327889187514,11,2,2,2,56.85342154227827,62.02191440975812,41.347942939838745,2,2,7,0
ereq_08c65fe1-3e10-4c95-a0e6-a0eae22547c3,2026-09-17T23:20:07.931883Z,aaron-gota-ir-perimeter-blue_repair-0916-aaron:v1,b64f1ccb-02e1-4ad5-b75b-f374222e9e9a,Aaron,8,Druid Warden,BlueTeam,4837,650,134.3808145544759,22,0,1,2,113.70684308455654,0.0,20.673971469919373,1,0,7,0
ereq_08c65fe1-3e10-4c95-a0e6-a0eae22547c3,2026-09-17T23:20:07.931883Z,red-kite:v34,a4590ed4-0b0c-4d86-8968-0844796f30e0,Andrew Brower,9,Demon Hunter,BlueTeam,4837,1100,227.41368616911308,36,0,2,0,186.06574322927435,0.0,41.347942939838745,1,0,7,0
ereq_c3e10c9b-24b5-42e2-8456-8fa254e6cd02,2026-09-17T23:20:07.929700Z,james-botts-gota:v13,40d72eea-ac61-44b0-aaf4-7828fbf30170,James Botts,0,Death Knight,RedTeam,27353,4100,149.89215076956825,158,1,0,2,144.40829159507183,5.483859174496399,0.0,15,1,97,1
ereq_c3e10c9b-24b5-42e2-8456-8fa254e6cd02,2026-09-17T23:20:07.929700Z,Polyworld GOTA base.bas:v1,e8aed568-d03c-49bf-beaf-68c731f05d26,Andre von Houck,1,Crossbowman,RedTeam,27353,5325,194.67700069462217,89,20,1,14,81.34391108836326,109.67718348992798,3.6559061163309328,29,20,97,1
ereq_c3e10c9b-24b5-42e2-8456-8fa254e6cd02,2026-09-17T23:20:07.929700Z,red-kite:v34,a4590ed4-0b0c-4d86-8968-0844796f30e0,Andrew Brower,2,Lich,RedTeam,27353,7825,286.07465360289547,151,25,3,11,138.0104558914927,137.09647936240998,10.967718348992799,30,25,97,1
ereq_c3e10c9b-24b5-42e2-8456-8fa254e6cd02,2026-09-17T23:20:07.929700Z,aaron-gota-ir-coordinated-support-anchor-0916:v1,9cedf3ff-c7ce-4cff-897f-d48b44e049ad,Aaron's Co-play Coach,3,Warlock,RedTeam,27353,800,29.247248930647462,14,3,0,8,12.795671407158265,16.451577523489195,0.0,5,3,97,1
ereq_c3e10c9b-24b5-42e2-8456-8fa254e6cd02,2026-09-17T23:20:07.929700Z,gota-g002:v1,a30542cb-54de-4109-92e6-bcabca7db4d8,Alex Smith,4,Berserker,RedTeam,27353,11950,436.8807809015465,194,44,5,15,177.31144664205024,241.28980367784155,18.27953058165466,50,43,97,1
ereq_c3e10c9b-24b5-42e2-8456-8fa254e6cd02,2026-09-17T23:20:07.929700Z,relh-gods-of-the-arena:v145,6daf9052-7877-4dc4-b1b3-e03f479b8b55,relh,5,Vanguard Knight,BlueTeam,27353,3850,140.7523854787409,130,4,0,13,118.81694878075531,21.935436697985597,0.0,10,4,50,0
ereq_c3e10c9b-24b5-42e2-8456-8fa254e6cd02,2026-09-17T23:20:07.929700Z,gota-vanguard-rally-hold:v1,3ccd4955-3d9c-4c79-a243-e5dc12d650ad,daveey,6,Ranger,BlueTeam,27353,5275,192.8490476364567,135,12,1,18,123.38683142616898,65.80631009395678,3.6559061163309328,34,12,50,0
ereq_c3e10c9b-24b5-42e2-8456-8fa254e6cd02,2026-09-17T23:20:07.929700Z,richard-gods-of-the-arena:v78,881a807d-68ab-4a62-9b6c-e98694cf0bc3,richard,7,Arcanist,BlueTeam,27353,8075,295.21441889372284,229,15,1,17,209.3006251599459,82.25788761744599,3.6559061163309328,28,15,50,0
ereq_c3e10c9b-24b5-42e2-8456-8fa254e6cd02,2026-09-17T23:20:07.929700Z,macromackie-gota:v3,e3a136c1-ad8d-44c7-b9d7-e4c65a3185cf,macromackie,8,Druid Warden,BlueTeam,27353,2800,102.36537125726612,88,4,0,28,80.42993455928051,21.935436697985597,0.0,21,4,50,0
ereq_c3e10c9b-24b5-42e2-8456-8fa254e6cd02,2026-09-17T23:20:07.929700Z,khors:v1,fa00903c-0ba4-4eec-b20f-4c082550d80f,Andre von Auto,9,Demon Hunter,BlueTeam,27353,4225,154.4620334149819,91,13,0,21,83.17186414652872,71.29016926845318,0.0,28,13,50,0
ereq_e48ec493-9c86-424b-bace-31dea9f67a9a,2026-09-17T23:20:07.918545Z,macromackie-gota:v3,e3a136c1-ad8d-44c7-b9d7-e4c65a3185cf,macromackie,0,Death Knight,RedTeam,6732,1300,193.10754604872253,36,2,1,6,133.6898395721925,44.563279857397504,14.854426619132502,2,2,18,1
ereq_e48ec493-9c86-424b-bace-31dea9f67a9a,2026-09-17T23:20:07.918545Z,aaron-gota-ir-perimeter-blue_repair-0916-aaron:v1,b64f1ccb-02e1-4ad5-b75b-f374222e9e9a,Aaron,1,Crossbowman,RedTeam,6732,2525,375.0742721330957,51,5,5,1,189.3939393939394,111.40819964349376,74.27213309566251,5,5,18,1
ereq_e48ec493-9c86-424b-bace-31dea9f67a9a,2026-09-17T23:20:07.918545Z,aaron-gota-ir-coordinated-support-anchor-0916:v1,9cedf3ff-c7ce-4cff-897f-d48b44e049ad,Aaron's Co-play Coach,2,Lich,RedTeam,6732,2150,319.37017231134877,34,6,4,1,126.26262626262626,133.6898395721925,59.41770647653001,7,6,18,1
ereq_e48ec493-9c86-424b-bace-31dea9f67a9a,2026-09-17T23:20:07.918545Z,relh-gods-of-the-arena:v145,6daf9052-7877-4dc4-b1b3-e03f479b8b55,relh,3,Warlock,RedTeam,6732,1375,204.2483660130719,31,4,0,2,115.12180629827688,89.12655971479501,0.0,6,4,18,1
ereq_e48ec493-9c86-424b-bace-31dea9f67a9a,2026-09-17T23:20:07.918545Z,richard-gods-of-the-arena:v78,881a807d-68ab-4a62-9b6c-e98694cf0bc3,richard,4,Berserker,RedTeam,6732,275,40.849673202614376,5,1,0,8,18.568033273915628,22.281639928698752,0.0,1,1,18,1
ereq_e48ec493-9c86-424b-bace-31dea9f67a9a,2026-09-17T23:20:07.918545Z,gota-vanguard-rally-hold:v1,3ccd4955-3d9c-4c79-a243-e5dc12d650ad,daveey,5,Vanguard Knight,BlueTeam,6732,1050,155.97147950089126,22,2,2,3,81.69934640522875,44.563279857397504,29.708853238265004,6,2,18,0
ereq_e48ec493-9c86-424b-bace-31dea9f67a9a,2026-09-17T23:20:07.918545Z,Jordan-ply_bcb80069-fb0c-4ba5-a45c-06b647870aeb:v218,f1cf890b-42d5-4cca-98cc-782774a7e9a7,Jordan,6,Ranger,BlueTeam,6732,2450,363.93345216874627,46,8,1,3,170.82590612002377,178.25311942959001,14.854426619132502,9,8,18,0
ereq_e48ec493-9c86-424b-bace-31dea9f67a9a,2026-09-17T23:20:07.918545Z,james-botts-gota:v13,40d72eea-ac61-44b0-aaf4-7828fbf30170,James Botts,7,Arcanist,BlueTeam,6732,1375,204.2483660130719,31,4,0,0,115.12180629827688,89.12655971479501,0.0,8,4,18,0
ereq_e48ec493-9c86-424b-bace-31dea9f67a9a,2026-09-17T23:20:07.918545Z,gota-codex-side-aware-team-secondary-20260917:v1,a7551ee6-ef55-48f0-81bc-d1ba68ca54c2,daveey-2,8,Druid Warden,BlueTeam,6732,925,137.40344622697563,37,0,0,6,137.40344622697563,0.0,0.0,0,0,18,0
ereq_e48ec493-9c86-424b-bace-31dea9f67a9a,2026-09-17T23:20:07.918545Z,black-kite:v16,d10d7d74-40a7-4f6c-8838-e09729160349,Andrew Brower B,9,Demon Hunter,BlueTeam,6732,1000,148.54426619132502,28,2,0,6,103.9809863339275,44.563279857397504,0.0,5,2,18,0
ereq_07ae2c3b-46bf-4329-b337-8e59ae6c6fd6,2026-09-17T23:20:07.917073Z,red-kite:v34,a4590ed4-0b0c-4d86-8968-0844796f30e0,Andrew Brower,0,Death Knight,RedTeam,13517,2650,196.04941924983353,80,3,2,5,147.96182584893097,33.29141081600947,14.796182584893097,5,3,35,0
ereq_07ae2c3b-46bf-4329-b337-8e59ae6c6fd6,2026-09-17T23:20:07.917073Z,Jordan-ply_bcb80069-fb0c-4ba5-a45c-06b647870aeb:v218,f1cf890b-42d5-4cca-98cc-782774a7e9a7,Jordan,1,Crossbowman,RedTeam,13517,3975,294.07412887475033,81,13,0,5,149.8113486720426,144.2627802027077,0.0,22,13,35,0
ereq_07ae2c3b-46bf-4329-b337-8e59ae6c6fd6,2026-09-17T23:20:07.917073Z,Polyworld GOTA base.bas:v1,e8aed568-d03c-49bf-beaf-68c731f05d26,Andre von Houck,2,Lich,RedTeam,13517,1575,116.51993785603314,39,4,0,5,72.13139010135384,44.388547754679294,0.0,16,4,35,0
ereq_07ae2c3b-46bf-4329-b337-8e59ae6c6fd6,2026-09-17T23:20:07.917073Z,richard-gods-of-the-arena:v78,881a807d-68ab-4a62-9b6c-e98694cf0bc3,richard,3,Warlock,RedTeam,13517,3600,266.33128652807574,86,9,1,7,159.0589627876008,99.87423244802841,7.398091292446549,13,9,35,0
ereq_07ae2c3b-46bf-4329-b337-8e59ae6c6fd6,2026-09-17T23:20:07.917073Z,khors:v1,fa00903c-0ba4-4eec-b20f-4c082550d80f,Andre von Auto,4,Berserker,RedTeam,13517,2100,155.35991714137754,50,5,1,7,92.47614115558186,55.485684693349114,7.398091292446549,19,5,35,0
ereq_07ae2c3b-46bf-4329-b337-8e59ae6c6fd6,2026-09-17T23:20:07.917073Z,james-botts-gota:v13,40d72eea-ac61-44b0-aaf4-7828fbf30170,James Botts,5,Vanguard Knight,BlueTeam,13517,600,44.388547754679294,24,0,0,2,44.388547754679294,0.0,0.0,3,0,29,1
ereq_07ae2c3b-46bf-4329-b337-8e59ae6c6fd6,2026-09-17T23:20:07.917073Z,gota-g003:v2,8cea4626-a0f1-4dd0-b066-58e6bd194ad3,Scott Smith,6,Ranger,BlueTeam,13517,4100,303.3217429903085,98,11,0,9,181.25323666494046,122.06850632536805,0.0,20,11,29,1
ereq_07ae2c3b-46bf-4329-b337-8e59ae6c6fd6,2026-09-17T23:20:07.917073Z,aaron-gota-ir-perimeter-blue_repair-0916-aaron:v1,b64f1ccb-02e1-4ad5-b75b-f374222e9e9a,Aaron,7,Arcanist,BlueTeam,13517,1700,125.76755197159133,28,6,1,7,51.78663904712584,66.58282163201893,7.398091292446549,13,6,29,1
ereq_07ae2c3b-46bf-4329-b337-8e59ae6c6fd6,2026-09-17T23:20:07.917073Z,nancy-goa:v2,2777766f-4931-4fd9-83f2-44a3f509ede1,NanosaurusX,8,Druid Warden,BlueTeam,13517,350,25.89331952356292,14,0,0,11,25.89331952356292,0.0,0.0,7,0,29,1
ereq_07ae2c3b-46bf-4329-b337-8e59ae6c6fd6,2026-09-17T23:20:07.917073Z,aaron-gota-ir-coordinated-support-anchor-0916:v1,9cedf3ff-c7ce-4cff-897f-d48b44e049ad,Aaron's Co-play Coach,9,Demon Hunter,BlueTeam,13517,4275,316.26840275208997,75,10,9,6,138.7142117333728,110.97136938669823,66.58282163201893,11,10,29,1
ereq_b7c173f4-5842-462f-805a-2846bbc9b2bf,2026-09-17T23:20:07.927571Z,macromackie-gota:v3,e3a136c1-ad8d-44c7-b9d7-e4c65a3185cf,macromackie,0,Death Knight,RedTeam,9041,1100,121.66795708439332,16,4,1,4,44.242893485233935,66.3643402278509,11.060723371308484,9,4,44,1
ereq_b7c173f4-5842-462f-805a-2846bbc9b2bf,2026-09-17T23:20:07.927571Z,aaron-gota-ir-coordinated-support-anchor-0916:v1,9cedf3ff-c7ce-4cff-897f-d48b44e049ad,Aaron's Co-play Coach,1,Crossbowman,RedTeam,9041,4225,467.31556243778346,37,18,6,1,102.31169118460348,298.63953102532906,66.3643402278509,27,18,44,1
ereq_b7c173f4-5842-462f-805a-2846bbc9b2bf,2026-09-17T23:20:07.927571Z,red-kite:v34,a4590ed4-0b0c-4d86-8968-0844796f30e0,Andrew Brower,2,Lich,RedTeam,9041,2975,329.0565202964274,75,6,2,2,207.38856321203406,99.54651034177635,22.121446742616968,11,6,44,1
ereq_b7c173f4-5842-462f-805a-2846bbc9b2bf,2026-09-17T23:20:07.927571Z,relh-gods-of-the-arena:v145,6daf9052-7877-4dc4-b1b3-e03f479b8b55,relh,3,Warlock,RedTeam,9041,1250,138.25904214135605,30,2,2,4,82.95542528481363,33.18217011392545,22.121446742616968,5,2,44,1
ereq_b7c173f4-5842-462f-805a-2846bbc9b2bf,2026-09-17T23:20:07.927571Z,khors:v1,fa00903c-0ba4-4eec-b20f-4c082550d80f,Andre von Auto,4,Berserker,RedTeam,9041,3050,337.3520628249087,56,11,0,5,154.85012719831877,182.50193562658998,0.0,18,11,44,1
ereq_b7c173f4-5842-462f-805a-2846bbc9b2bf,2026-09-17T23:20:07.927571Z,Jordan-ply_bcb80069-fb0c-4ba5-a45c-06b647870aeb:v218,f1cf890b-42d5-4cca-98cc-782774a7e9a7,Jordan,5,Vanguard Knight,BlueTeam,9041,575,63.59915938502378,17,1,0,9,47.008074328061056,16.591085056962726,0.0,6,1,16,0
ereq_b7c173f4-5842-462f-805a-2846bbc9b2bf,2026-09-17T23:20:07.927571Z,gota-vanguard-rally-hold:v1,3ccd4955-3d9c-4c79-a243-e5dc12d650ad,daveey,6,Ranger,BlueTeam,9041,2200,243.33591416878664,40,8,0,11,110.60723371308484,132.7286804557018,0.0,9,8,16,0
ereq_b7c173f4-5842-462f-805a-2846bbc9b2bf,2026-09-17T23:20:07.927571Z,james-botts-gota:v13,40d72eea-ac61-44b0-aaf4-7828fbf30170,James Botts,7,Arcanist,BlueTeam,9041,1300,143.7894038270103,40,2,0,5,110.60723371308484,33.18217011392545,0.0,10,2,16,0
ereq_b7c173f4-5842-462f-805a-2846bbc9b2bf,2026-09-17T23:20:07.927571Z,richard-gods-of-the-arena:v78,881a807d-68ab-4a62-9b6c-e98694cf0bc3,richard,8,Druid Warden,BlueTeam,9041,550,60.83397854219666,16,1,0,8,44.242893485233935,16.591085056962726,0.0,3,1,16,0
ereq_b7c173f4-5842-462f-805a-2846bbc9b2bf,2026-09-17T23:20:07.927571Z,nancy-goa:v2,2777766f-4931-4fd9-83f2-44a3f509ede1,NanosaurusX,9,Demon Hunter,BlueTeam,9041,1500,165.91085056962726,42,3,0,11,116.13759539873908,49.77325517088818,0.0,6,3,16,0
ereq_db8f8f97-2cd4-4be9-9066-7634445ad56b,2026-09-17T23:20:07.923879Z,daf-gota-v1:v1,e7d1ba41-3be1-4785-815d-b3c9ad8f46b9,docxology,0,Death Knight,RedTeam,11699,1825,155.99623899478587,67,1,0,8,143.17463031028294,12.82160868450295,0.0,9,1,42,1
ereq_db8f8f97-2cd4-4be9-9066-7634445ad56b,2026-09-17T23:20:07.923879Z,Jordan-ply_bcb80069-fb0c-4ba5-a45c-06b647870aeb:v218,f1cf890b-42d5-4cca-98cc-782774a7e9a7,Jordan,1,Crossbowman,RedTeam,11699,4975,425.2500213693478,61,21,3,5,130.35302162577997,269.2537823745619,25.6432173690059,25,21,42,1
ereq_db8f8f97-2cd4-4be9-9066-7634445ad56b,2026-09-17T23:20:07.923879Z,james-botts-gota:v13,40d72eea-ac61-44b0-aaf4-7828fbf30170,James Botts,2,Lich,RedTeam,11699,1750,149.58543465253442,52,3,0,1,111.12060859902556,38.464826053508844,0.0,22,3,42,1
ereq_db8f8f97-2cd4-4be9-9066-7634445ad56b,2026-09-17T23:20:07.923879Z,gota-g003:v2,8cea4626-a0f1-4dd0-b066-58e6bd194ad3,Scott Smith,3,Warlock,RedTeam,11699,1700,145.31156509103343,20,8,0,7,42.73869561500983,102.5728694760236,0.0,11,8,42,1
ereq_db8f8f97-2cd4-4be9-9066-7634445ad56b,2026-09-17T23:20:07.923879Z,red-kite:v34,a4590ed4-0b0c-4d86-8968-0844796f30e0,Andrew Brower,4,Berserker,RedTeam,11699,3550,303.44473886656976,104,5,2,5,222.24121719805112,64.10804342251474,17.095478246003932,10,5,42,1
ereq_db8f8f97-2cd4-4be9-9066-7634445ad56b,2026-09-17T23:20:07.923879Z,relh-gods-of-the-arena:v145,6daf9052-7877-4dc4-b1b3-e03f479b8b55,relh,5,Vanguard Knight,BlueTeam,11699,425,36.32789127275836,17,0,0,6,36.32789127275836,0.0,0.0,3,0,26,0
ereq_db8f8f97-2cd4-4be9-9066-7634445ad56b,2026-09-17T23:20:07.923879Z,gota-g002:v1,a30542cb-54de-4109-92e6-bcabca7db4d8,Alex Smith,6,Ranger,BlueTeam,11699,1725,147.44849987178392,33,6,0,14,70.51884776476622,76.92965210701769,0.0,8,6,26,0
ereq_db8f8f97-2cd4-4be9-9066-7634445ad56b,2026-09-17T23:20:07.923879Z,aaron-gota-ir-perimeter-blue_repair-0916-aaron:v1,b64f1ccb-02e1-4ad5-b75b-f374222e9e9a,Aaron,7,Arcanist,BlueTeam,11699,6050,517.1382169416189,142,12,7,3,303.44473886656976,153.85930421403538,59.83417386101376,16,12,26,0
ereq_db8f8f97-2cd4-4be9-9066-7634445ad56b,2026-09-17T23:20:07.923879Z,richard-gods-of-the-arena:v78,881a807d-68ab-4a62-9b6c-e98694cf0bc3,richard,8,Druid Warden,BlueTeam,11699,575,49.149499957261305,17,1,0,14,36.32789127275836,12.82160868450295,0.0,2,1,26,0
ereq_db8f8f97-2cd4-4be9-9066-7634445ad56b,2026-09-17T23:20:07.923879Z,black-kite:v16,d10d7d74-40a7-4f6c-8838-e09729160349,Andrew Brower B,9,Demon Hunter,BlueTeam,11699,3800,324.8140866740747,114,5,2,5,243.61056500555603,64.10804342251474,17.095478246003932,5,5,26,0
ereq_8072946f-d28c-4ce8-854a-a97d2182dff4,2026-09-17T23:20:07.937417Z,richard-gods-of-the-arena:v78,881a807d-68ab-4a62-9b6c-e98694cf0bc3,richard,0,Death Knight,RedTeam,28800,3125,108.50694444444444,55,11,1,25,47.74305555555556,57.291666666666664,3.4722222222222223,34,11,87,0
ereq_8072946f-d28c-4ce8-854a-a97d2182dff4,2026-09-17T23:20:07.937417Z,james-botts-gota:v13,40d72eea-ac61-44b0-aaf4-7828fbf30170,James Botts,1,Crossbowman,RedTeam,28800,5650,196.18055555555554,208,3,0,7,180.55555555555554,15.625,0.0,5,3,87,0
ereq_8072946f-d28c-4ce8-854a-a97d2182dff4,2026-09-17T23:20:07.937417Z,black-kite:v16,d10d7d74-40a7-4f6c-8838-e09729160349,Andrew Brower B,2,Lich,RedTeam,28800,12725,441.84027777777777,201,50,2,13,174.47916666666666,260.4166666666667,6.944444444444445,63,50,87,0
ereq_8072946f-d28c-4ce8-854a-a97d2182dff4,2026-09-17T23:20:07.937417Z,gota-g002:v1,a30542cb-54de-4109-92e6-bcabca7db4d8,Alex Smith,3,Warlock,RedTeam,28800,2400,83.33333333333333,42,9,0,24,36.458333333333336,46.875,0.0,35,9,87,0
ereq_8072946f-d28c-4ce8-854a-a97d2182dff4,2026-09-17T23:20:07.937417Z,nancy-goa:v2,2777766f-4931-4fd9-83f2-44a3f509ede1,NanosaurusX,4,Berserker,RedTeam,28800,4525,157.11805555555554,103,13,0,14,89.40972222222223,67.70833333333333,0.0,39,13,87,0
ereq_8072946f-d28c-4ce8-854a-a97d2182dff4,2026-09-17T23:20:07.937417Z,aaron-gota-ir-coordinated-support-anchor-0916:v1,9cedf3ff-c7ce-4cff-897f-d48b44e049ad,Aaron's Co-play Coach,5,Vanguard Knight,BlueTeam,28800,6375,221.35416666666666,167,12,4,6,144.96527777777777,62.5,13.88888888888889,27,12,83,0
ereq_8072946f-d28c-4ce8-854a-a97d2182dff4,2026-09-17T23:20:07.937417Z,gota-vanguard-rally-hold:v1,3ccd4955-3d9c-4c79-a243-e5dc12d650ad,daveey,6,Ranger,BlueTeam,28800,7000,243.05555555555554,196,14,0,8,170.13888888888889,72.91666666666667,0.0,20,14,83,0
ereq_8072946f-d28c-4ce8-854a-a97d2182dff4,2026-09-17T23:20:07.937417Z,gota-codex-side-aware-team-secondary-20260917:v1,a7551ee6-ef55-48f0-81bc-d1ba68ca54c2,daveey-2,7,Arcanist,BlueTeam,28800,4825,167.53472222222223,45,24,1,23,39.0625,125.0,3.4722222222222223,40,24,83,0
ereq_8072946f-d28c-4ce8-854a-a97d2182dff4,2026-09-17T23:20:07.937417Z,macromackie-gota:v3,e3a136c1-ad8d-44c7-b9d7-e4c65a3185cf,macromackie,8,Druid Warden,BlueTeam,28800,2800,97.22222222222223,72,6,1,24,62.5,31.25,3.4722222222222223,31,6,83,0
ereq_8072946f-d28c-4ce8-854a-a97d2182dff4,2026-09-17T23:20:07.937417Z,Jordan-ply_bcb80069-fb0c-4ba5-a45c-06b647870aeb:v218,f1cf890b-42d5-4cca-98cc-782774a7e9a7,Jordan,9,Demon Hunter,BlueTeam,28800,4725,164.0625,51,23,0,26,44.270833333333336,119.79166666666667,0.0,32,23,83,0
ereq_7e2dfa5c-f391-4fb4-a8b8-54c2bec29539,2026-09-17T23:20:07.906460Z,relh-gods-of-the-arena:v145,6daf9052-7877-4dc4-b1b3-e03f479b8b55,relh,0,Death Knight,RedTeam,4921,550,111.76590123958545,22,0,0,3,111.76590123958545,0.0,0.0,2,0,8,0
ereq_7e2dfa5c-f391-4fb4-a8b8-54c2bec29539,2026-09-17T23:20:07.906460Z,aaron-gota-ir-coordinated-support-anchor-0916:v1,9cedf3ff-c7ce-4cff-897f-d48b44e049ad,Aaron's Co-play Coach,1,Crossbowman,RedTeam,4921,425,86.36456004877057,7,1,1,2,35.56187766714083,30.48160942897785,20.3210729526519,1,1,8,0
ereq_7e2dfa5c-f391-4fb4-a8b8-54c2bec29539,2026-09-17T23:20:07.906460Z,james-botts-gota:v13,40d72eea-ac61-44b0-aaf4-7828fbf30170,James Botts,2,Lich,RedTeam,4921,925,187.9699248120301,25,2,0,4,127.00670595407438,60.9632188579557,0.0,5,2,8,0
ereq_7e2dfa5c-f391-4fb4-a8b8-54c2bec29539,2026-09-17T23:20:07.906460Z,nancy-goa:v2,2777766f-4931-4fd9-83f2-44a3f509ede1,NanosaurusX,3,Warlock,RedTeam,4921,475,96.52509652509653,7,2,0,1,35.56187766714083,60.9632188579557,0.0,3,2,8,0
ereq_7e2dfa5c-f391-4fb4-a8b8-54c2bec29539,2026-09-17T23:20:07.906460Z,red-kite:v34,a4590ed4-0b0c-4d86-8968-0844796f30e0,Andrew Brower,4,Berserker,RedTeam,4921,950,193.05019305019306,34,0,1,2,172.72912009754114,0.0,20.3210729526519,1,0,8,0
ereq_7e2dfa5c-f391-4fb4-a8b8-54c2bec29539,2026-09-17T23:20:07.906460Z,gota-g002:v1,a30542cb-54de-4109-92e6-bcabca7db4d8,Alex Smith,5,Vanguard Knight,BlueTeam,4921,275,55.88295061979272,5,1,0,2,25.401341190814875,30.48160942897785,0.0,3,1,12,1
ereq_7e2dfa5c-f391-4fb4-a8b8-54c2bec29539,2026-09-17T23:20:07.906460Z,Polyworld GOTA base.bas:v1,e8aed568-d03c-49bf-beaf-68c731f05d26,Andre von Houck,6,Ranger,BlueTeam,4921,2075,421.66226376752695,33,5,5,0,167.64885185937817,152.40804714488925,101.6053647632595,7,5,12,1
ereq_7e2dfa5c-f391-4fb4-a8b8-54c2bec29539,2026-09-17T23:20:07.906460Z,gota-g003:v2,8cea4626-a0f1-4dd0-b066-58e6bd194ad3,Scott Smith,7,Arcanist,BlueTeam,4921,1050,213.37126600284495,24,3,0,3,121.9264377159114,91.44482828693356,0.0,5,3,12,1
ereq_7e2dfa5c-f391-4fb4-a8b8-54c2bec29539,2026-09-17T23:20:07.906460Z,macromackie-gota:v3,e3a136c1-ad8d-44c7-b9d7-e4c65a3185cf,macromackie,8,Druid Warden,BlueTeam,4921,375,76.20402357244463,5,1,1,2,25.401341190814875,30.48160942897785,20.3210729526519,4,1,12,1
ereq_7e2dfa5c-f391-4fb4-a8b8-54c2bec29539,2026-09-17T23:20:07.906460Z,gota-codex-side-aware-team-secondary-20260917:v1,a7551ee6-ef55-48f0-81bc-d1ba68ca54c2,daveey-2,9,Demon Hunter,BlueTeam,4921,625,127.00670595407438,9,2,1,1,45.72241414346678,60.9632188579557,20.3210729526519,2,2,12,1
ereq_2774635c-59d3-41e1-9de5-262e75fe52df,2026-09-17T23:20:07.923169Z,red-kite:v34,a4590ed4-0b0c-4d86-8968-0844796f30e0,Andrew Brower,0,Death Knight,RedTeam,25203,6750,267.82525889775025,214,8,2,9,212.2763163115502,47.613379359600046,7.935563226600008,13,8,59,0
ereq_2774635c-59d3-41e1-9de5-262e75fe52df,2026-09-17T23:20:07.923169Z,james-botts-gota:v13,40d72eea-ac61-44b0-aaf4-7828fbf30170,James Botts,1,Crossbowman,RedTeam,25203,5300,210.29242550490022,194,3,0,6,192.4374082450502,17.85501725985002,0.0,12,2,59,0
ereq_2774635c-59d3-41e1-9de5-262e75fe52df,2026-09-17T23:20:07.923169Z,black-kite:v16,d10d7d74-40a7-4f6c-8838-e09729160349,Andrew Brower B,2,Lich,RedTeam,25203,9450,374.95536245685037,196,29,2,17,194.4212990517002,172.59850017855018,7.935563226600008,34,29,59,0
ereq_2774635c-59d3-41e1-9de5-262e75fe52df,2026-09-17T23:20:07.923169Z,gota-g002:v1,a30542cb-54de-4109-92e6-bcabca7db4d8,Alex Smith,3,Warlock,RedTeam,25203,2700,107.1301035591001,78,5,0,27,77.37174145935008,29.75836209975003,0.0,11,5,59,0
ereq_2774635c-59d3-41e1-9de5-262e75fe52df,2026-09-17T23:20:07.923169Z,aaron-gota-ir-perimeter-blue_repair-0916-aaron:v1,b64f1ccb-02e1-4ad5-b75b-f374222e9e9a,Aaron,4,Berserker,RedTeam,25203,2850,113.08177597905011,82,4,2,19,81.33952307265008,23.806689679800023,7.935563226600008,8,4,59,0
ereq_2774635c-59d3-41e1-9de5-262e75fe52df,2026-09-17T23:20:07.923169Z,daf-gota-v1:v1,e7d1ba41-3be1-4785-815d-b3c9ad8f46b9,docxology,5,Vanguard Knight,BlueTeam,25203,4450,176.56628179185017,124,9,0,9,123.00123001230013,53.56505177955005,0.0,14,9,78,1
ereq_2774635c-59d3-41e1-9de5-262e75fe52df,2026-09-17T23:20:07.923169Z,games-bond-gota:v6,58af3f96-f479-4fc3-b777-276e53f48b06,Games Bond,6,Ranger,BlueTeam,25203,2875,114.07372138237511,31,14,0,11,30.75030750307503,83.32341387930008,0.0,28,14,78,1
ereq_2774635c-59d3-41e1-9de5-262e75fe52df,2026-09-17T23:20:07.923169Z,Jordan-ply_bcb80069-fb0c-4ba5-a45c-06b647870aeb:v218,f1cf890b-42d5-4cca-98cc-782774a7e9a7,Jordan,7,Arcanist,BlueTeam,25203,8525,338.25338253382535,171,27,2,12,169.62266396857518,160.69515533865015,7.935563226600008,33,27,78,1
ereq_2774635c-59d3-41e1-9de5-262e75fe52df,2026-09-17T23:20:07.923169Z,aaron-gota-ir-coordinated-support-anchor-0916:v1,9cedf3ff-c7ce-4cff-897f-d48b44e049ad,Aaron's Co-play Coach,8,Druid Warden,BlueTeam,25203,8875,352.1406181803753,177,23,10,10,175.57433638852518,136.88846565885012,39.67781613300004,31,23,78,1
ereq_2774635c-59d3-41e1-9de5-262e75fe52df,2026-09-17T23:20:07.923169Z,khors:v1,fa00903c-0ba4-4eec-b20f-4c082550d80f,Andre von Auto,9,Demon Hunter,BlueTeam,25203,2825,112.08983057572512,95,3,0,17,94.2348133158751,17.85501725985002,0.0,13,3,78,1
ereq_f54bc98d-13c0-4721-a7bb-77b766dced46,2026-09-17T23:20:07.933216Z,khors:v1,fa00903c-0ba4-4eec-b20f-4c082550d80f,Andre von Auto,0,Death Knight,RedTeam,5112,350,68.46635367762129,2,2,0,5,9.780907668231611,58.68544600938967,0.0,3,2,16,0
ereq_f54bc98d-13c0-4721-a7bb-77b766dced46,2026-09-17T23:20:07.933216Z,relh-gods-of-the-arena:v145,6daf9052-7877-4dc4-b1b3-e03f479b8b55,relh,1,Crossbowman,RedTeam,5112,2025,396.1267605633803,45,4,3,1,220.07042253521126,117.37089201877934,58.68544600938967,8,4,16,0
ereq_f54bc98d-13c0-4721-a7bb-77b766dced46,2026-09-17T23:20:07.933216Z,Jordan-ply_bcb80069-fb0c-4ba5-a45c-06b647870aeb:v218,f1cf890b-42d5-4cca-98cc-782774a7e9a7,Jordan,2,Lich,RedTeam,5112,1975,386.34585289514865,39,6,1,0,190.72769953051642,176.05633802816902,19.561815336463223,10,6,16,0
ereq_f54bc98d-13c0-4721-a7bb-77b766dced46,2026-09-17T23:20:07.933216Z,red-kite:v34,a4590ed4-0b0c-4d86-8968-0844796f30e0,Andrew Brower,3,Warlock,RedTeam,5112,450,88.02816901408451,18,0,0,4,88.02816901408451,0.0,0.0,2,0,16,0
ereq_f54bc98d-13c0-4721-a7bb-77b766dced46,2026-09-17T23:20:07.933216Z,nancy-goa:v2,2777766f-4931-4fd9-83f2-44a3f509ede1,NanosaurusX,4,Berserker,RedTeam,5112,1250,244.5226917057903,28,3,1,1,136.93270735524257,88.02816901408451,19.561815336463223,4,3,16,0
ereq_f54bc98d-13c0-4721-a7bb-77b766dced46,2026-09-17T23:20:07.933216Z,james-botts-gota:v13,40d72eea-ac61-44b0-aaf4-7828fbf30170,James Botts,5,Vanguard Knight,BlueTeam,5112,350,68.46635367762129,14,0,0,1,68.46635367762129,0.0,0.0,6,0,11,1
ereq_f54bc98d-13c0-4721-a7bb-77b766dced46,2026-09-17T23:20:07.933216Z,black-kite:v16,d10d7d74-40a7-4f6c-8838-e09729160349,Andrew Brower B,6,Ranger,BlueTeam,5112,975,190.72769953051642,33,1,0,3,161.3849765258216,29.342723004694836,0.0,3,1,11,1
ereq_f54bc98d-13c0-4721-a7bb-77b766dced46,2026-09-17T23:20:07.933216Z,aaron-gota-ir-perimeter-blue_repair-0916-aaron:v1,b64f1ccb-02e1-4ad5-b75b-f374222e9e9a,Aaron,7,Arcanist,BlueTeam,5112,3050,596.6353677621283,38,8,9,0,185.83724569640063,234.7417840375587,176.05633802816902,8,8,11,1
ereq_f54bc98d-13c0-4721-a7bb-77b766dced46,2026-09-17T23:20:07.933216Z,gota-g002:v1,a30542cb-54de-4109-92e6-bcabca7db4d8,Alex Smith,8,Druid Warden,BlueTeam,5112,500,97.80907668231612,16,0,1,4,78.24726134585289,0.0,19.561815336463223,0,0,11,1
ereq_f54bc98d-13c0-4721-a7bb-77b766dced46,2026-09-17T23:20:07.933216Z,gota-codex-side-aware-team-secondary-20260917:v1,a7551ee6-ef55-48f0-81bc-d1ba68ca54c2,daveey-2,9,Demon Hunter,BlueTeam,5112,400,78.24726134585289,10,1,0,8,48.90453834115806,29.342723004694836,0.0,1,1,11,1
ereq_9d12e93a-05c7-4edf-a884-9ff5c7f369f2,2026-09-17T23:20:07.910300Z,black-kite:v16,d10d7d74-40a7-4f6c-8838-e09729160349,Andrew Brower B,0,Death Knight,RedTeam,16248,2325,143.09453471196454,63,5,0,7,96.93500738552437,46.15952732644018,0.0,13,5,53,1
ereq_9d12e93a-05c7-4edf-a884-9ff5c7f369f2,2026-09-17T23:20:07.910300Z,macromackie-gota:v3,e3a136c1-ad8d-44c7-b9d7-e4c65a3185cf,macromackie,1,Crossbowman,RedTeam,16248,4775,293.8823239783358,89,17,0,9,136.9399310684392,156.9423929098966,0.0,30,17,53,1
ereq_9d12e93a-05c7-4edf-a884-9ff5c7f369f2,2026-09-17T23:20:07.910300Z,khors:v1,fa00903c-0ba4-4eec-b20f-4c082550d80f,Andre von Auto,2,Lich,RedTeam,16248,2075,127.70802560315116,43,6,1,10,66.16198916789759,55.391432791728214,6.154603643525357,18,6,53,1
ereq_9d12e93a-05c7-4edf-a884-9ff5c7f369f2,2026-09-17T23:20:07.910300Z,aaron-gota-ir-perimeter-blue_repair-0916-aaron:v1,b64f1ccb-02e1-4ad5-b75b-f374222e9e9a,Aaron,3,Warlock,RedTeam,16248,4250,261.5706548498277,52,13,10,6,80.00984736582964,120.01477104874446,61.54603643525357,22,13,53,1
ereq_9d12e93a-05c7-4edf-a884-9ff5c7f369f2,2026-09-17T23:20:07.910300Z,relh-gods-of-the-arena:v145,6daf9052-7877-4dc4-b1b3-e03f479b8b55,relh,4,Berserker,RedTeam,16248,2575,158.48104382077796,43,8,3,6,66.16198916789759,73.85524372230428,18.46381093057607,15,8,53,1
ereq_9d12e93a-05c7-4edf-a884-9ff5c7f369f2,2026-09-17T23:20:07.910300Z,gota-vanguard-rally-hold:v1,3ccd4955-3d9c-4c79-a243-e5dc12d650ad,daveey,5,Vanguard Knight,BlueTeam,16248,2350,144.6331856228459,42,8,1,12,64.62333825701624,73.85524372230428,6.154603643525357,16,8,38,0
ereq_9d12e93a-05c7-4edf-a884-9ff5c7f369f2,2026-09-17T23:20:07.910300Z,james-botts-gota:v13,40d72eea-ac61-44b0-aaf4-7828fbf30170,James Botts,6,Ranger,BlueTeam,16248,3975,244.64549483013295,141,3,0,2,216.94977843426884,27.695716395864107,0.0,4,3,38,0
ereq_9d12e93a-05c7-4edf-a884-9ff5c7f369f2,2026-09-17T23:20:07.910300Z,gota-codex-side-aware-team-secondary-20260917:v1,a7551ee6-ef55-48f0-81bc-d1ba68ca54c2,daveey-2,7,Arcanist,BlueTeam,16248,6725,413.89709502708024,133,22,1,9,204.6405711472181,203.10192023633678,6.154603643525357,29,22,38,0
ereq_9d12e93a-05c7-4edf-a884-9ff5c7f369f2,2026-09-17T23:20:07.910300Z,richard-gods-of-the-arena:v78,881a807d-68ab-4a62-9b6c-e98694cf0bc3,richard,8,Druid Warden,BlueTeam,16248,1050,64.62333825701624,42,0,0,13,64.62333825701624,0.0,0.0,11,0,38,0
ereq_9d12e93a-05c7-4edf-a884-9ff5c7f369f2,2026-09-17T23:20:07.910300Z,daf-gota-v1:v1,e7d1ba41-3be1-4785-815d-b3c9ad8f46b9,docxology,9,Demon Hunter,BlueTeam,16248,3400,209.25652387986213,106,5,0,17,163.09699655342195,46.15952732644018,0.0,15,5,38,0
ereq_264928ad-08a8-420f-9f93-fc80086b927b,2026-09-17T23:20:07.924587Z,nancy-goa:v2,2777766f-4931-4fd9-83f2-44a3f509ede1,NanosaurusX,0,Death Knight,RedTeam,11555,3000,259.62786672436175,86,5,1,8,186.06663781912593,64.90696668109044,8.654262224145391,11,5,29,0
ereq_264928ad-08a8-420f-9f93-fc80086b927b,2026-09-17T23:20:07.924587Z,relh-gods-of-the-arena:v145,6daf9052-7877-4dc4-b1b3-e03f479b8b55,relh,1,Crossbowman,RedTeam,11555,2850,246.64647338814365,72,5,3,3,155.77672003461706,64.90696668109044,25.962786672436174,8,5,29,0
ereq_264928ad-08a8-420f-9f93-fc80086b927b,2026-09-17T23:20:07.924587Z,gota-codex-side-aware-team-secondary-20260917:v1,a7551ee6-ef55-48f0-81bc-d1ba68ca54c2,daveey-2,2,Lich,RedTeam,11555,1575,136.30463003028993,27,6,0,8,58.41627001298139,77.88836001730853,0.0,12,6,29,0
ereq_264928ad-08a8-420f-9f93-fc80086b927b,2026-09-17T23:20:07.924587Z,james-botts-gota:v13,40d72eea-ac61-44b0-aaf4-7828fbf30170,James Botts,3,Warlock,RedTeam,11555,875,75.72479446127218,23,2,0,0,49.762007788836,25.962786672436174,0.0,8,2,29,0
ereq_264928ad-08a8-420f-9f93-fc80086b927b,2026-09-17T23:20:07.924587Z,gota-g002:v1,a30542cb-54de-4109-92e6-bcabca7db4d8,Alex Smith,4,Berserker,RedTeam,11555,3050,263.9549978364344,58,10,1,12,125.48680225010818,129.81393336218088,8.654262224145391,14,10,29,0
ereq_264928ad-08a8-420f-9f93-fc80086b927b,2026-09-17T23:20:07.924587Z,richard-gods-of-the-arena:v78,881a807d-68ab-4a62-9b6c-e98694cf0bc3,richard,5,Vanguard Knight,BlueTeam,11555,625,54.0891389009087,15,1,1,9,32.45348334054522,12.981393336218087,8.654262224145391,8,1,31,1
ereq_264928ad-08a8-420f-9f93-fc80086b927b,2026-09-17T23:20:07.924587Z,gota-vanguard-rally-hold:v1,3ccd4955-3d9c-4c79-a243-e5dc12d650ad,daveey,6,Ranger,BlueTeam,11555,1350,116.83254002596279,44,1,1,4,95.19688446559931,12.981393336218087,8.654262224145391,12,1,31,1
ereq_264928ad-08a8-420f-9f93-fc80086b927b,2026-09-17T23:20:07.924587Z,gota-g003:v2,8cea4626-a0f1-4dd0-b066-58e6bd194ad3,Scott Smith,7,Arcanist,BlueTeam,11555,2750,237.99221116399826,50,10,0,3,108.1782778018174,129.81393336218088,0.0,17,9,31,1
ereq_264928ad-08a8-420f-9f93-fc80086b927b,2026-09-17T23:20:07.924587Z,aaron-gota-ir-perimeter-blue_repair-0916-aaron:v1,b64f1ccb-02e1-4ad5-b75b-f374222e9e9a,Aaron,8,Druid Warden,BlueTeam,11555,4100,354.82475118996103,74,9,9,3,160.10385114668975,116.83254002596279,77.88836001730853,12,9,31,1
ereq_264928ad-08a8-420f-9f93-fc80086b927b,2026-09-17T23:20:07.924587Z,black-kite:v16,d10d7d74-40a7-4f6c-8838-e09729160349,Andrew Brower B,9,Demon Hunter,BlueTeam,11555,2950,255.30073561228906,64,9,0,10,138.46819558632626,116.83254002596279,0.0,12,9,31,1
ereq_7cec7eea-0512-4b59-818a-d0c6ef5bedbc,2026-09-17T23:20:07.913999Z,black-kite:v16,d10d7d74-40a7-4f6c-8838-e09729160349,Andrew Brower B,0,Death Knight,RedTeam,21952,2575,117.30138483965014,45,7,4,9,51.248177842565596,47.83163265306123,18.221574344023324,12,7,59,1
ereq_7cec7eea-0512-4b59-818a-d0c6ef5bedbc,2026-09-17T23:20:07.913999Z,james-botts-gota:v13,40d72eea-ac61-44b0-aaf4-7828fbf30170,James Botts,1,Crossbowman,RedTeam,21952,1650,75.16399416909621,54,2,0,6,61.49781341107872,13.666180758017493,0.0,6,2,59,1
ereq_7cec7eea-0512-4b59-818a-d0c6ef5bedbc,2026-09-17T23:20:07.913999Z,gota-g003:v2,8cea4626-a0f1-4dd0-b066-58e6bd194ad3,Scott Smith,2,Lich,RedTeam,21952,6875,313.18330903790087,131,24,0,17,149.18913994169097,163.9941690962099,0.0,34,24,59,1
ereq_7cec7eea-0512-4b59-818a-d0c6ef5bedbc,2026-09-17T23:20:07.913999Z,aaron-gota-ir-perimeter-blue_repair-0916-aaron:v1,b64f1ccb-02e1-4ad5-b75b-f374222e9e9a,Aaron,3,Warlock,RedTeam,21952,3700,168.54956268221574,60,8,10,9,68.33090379008746,54.66472303206997,45.55393586005831,14,8,59,1
ereq_7cec7eea-0512-4b59-818a-d0c6ef5bedbc,2026-09-17T23:20:07.913999Z,richard-gods-of-the-arena:v78,881a807d-68ab-4a62-9b6c-e98694cf0bc3,richard,4,Berserker,RedTeam,21952,5250,239.15816326530611,122,14,1,21,138.93950437317784,95.66326530612245,4.555393586005831,23,14,59,1
ereq_7cec7eea-0512-4b59-818a-d0c6ef5bedbc,2026-09-17T23:20:07.913999Z,Jordan-ply_bcb80069-fb0c-4ba5-a45c-06b647870aeb:v218,f1cf890b-42d5-4cca-98cc-782774a7e9a7,Jordan,5,Vanguard Knight,BlueTeam,21952,1650,75.16399416909621,54,2,0,15,61.49781341107872,13.666180758017493,0.0,7,2,62,0
ereq_7cec7eea-0512-4b59-818a-d0c6ef5bedbc,2026-09-17T23:20:07.913999Z,relh-gods-of-the-arena:v145,6daf9052-7877-4dc4-b1b3-e03f479b8b55,relh,6,Ranger,BlueTeam,21952,10100,460.09475218658895,276,20,2,10,314.32215743440236,136.66180758017492,9.110787172011662,21,20,62,0
ereq_7cec7eea-0512-4b59-818a-d0c6ef5bedbc,2026-09-17T23:20:07.913999Z,red-kite:v34,a4590ed4-0b0c-4d86-8968-0844796f30e0,Andrew Brower,7,Arcanist,BlueTeam,21952,7825,356.45954810495624,171,23,1,10,194.74307580174928,157.16107871720118,4.555393586005831,28,23,62,0
ereq_7cec7eea-0512-4b59-818a-d0c6ef5bedbc,2026-09-17T23:20:07.913999Z,gota-vanguard-rally-hold:v1,3ccd4955-3d9c-4c79-a243-e5dc12d650ad,daveey,8,Druid Warden,BlueTeam,21952,3625,165.13301749271136,93,8,1,7,105.91290087463557,54.66472303206997,4.555393586005831,27,8,62,0
ereq_7cec7eea-0512-4b59-818a-d0c6ef5bedbc,2026-09-17T23:20:07.913999Z,Polyworld GOTA base.bas:v1,e8aed568-d03c-49bf-beaf-68c731f05d26,Andre von Houck,9,Demon Hunter,BlueTeam,21952,3250,148.0502915451895,72,9,1,17,81.99708454810495,61.49781341107872,4.555393586005831,21,9,62,0
ereq_e0b74928-6a77-4f6e-9d3f-00a6de8bffb6,2026-09-17T23:20:07.909586Z,gota-vanguard-rally-hold:v1,3ccd4955-3d9c-4c79-a243-e5dc12d650ad,daveey,0,Death Knight,RedTeam,5098,150,29.423303256178894,6,0,0,2,29.423303256178894,0.0,0.0,3,0,10,0
ereq_e0b74928-6a77-4f6e-9d3f-00a6de8bffb6,2026-09-17T23:20:07.909586Z,khors:v1,fa00903c-0ba4-4eec-b20f-4c082550d80f,Andre von Auto,1,Crossbowman,RedTeam,5098,1575,308.9446841898784,33,5,0,1,161.82816790898391,147.11651628089447,0.0,5,5,10,0
ereq_e0b74928-6a77-4f6e-9d3f-00a6de8bffb6,2026-09-17T23:20:07.909586Z,Jordan-ply_bcb80069-fb0c-4ba5-a45c-06b647870aeb:v218,f1cf890b-42d5-4cca-98cc-782774a7e9a7,Jordan,2,Lich,RedTeam,5098,1150,225.5786582973715,34,2,0,3,166.73205178501374,58.84660651235779,0.0,2,2,10,0
ereq_e0b74928-6a77-4f6e-9d3f-00a6de8bffb6,2026-09-17T23:20:07.909586Z,aaron-gota-ir-coordinated-support-anchor-0916:v1,9cedf3ff-c7ce-4cff-897f-d48b44e049ad,Aaron's Co-play Coach,3,Warlock,RedTeam,5098,525,102.98156139662613,11,1,1,3,53.94272263632797,29.423303256178894,19.61553550411926,1,1,10,0
ereq_e0b74928-6a77-4f6e-9d3f-00a6de8bffb6,2026-09-17T23:20:07.909586Z,black-kite:v16,d10d7d74-40a7-4f6c-8838-e09729160349,Andrew Brower B,4,Berserker,RedTeam,5098,1700,333.4641035700275,52,2,1,2,255.00196155355042,58.84660651235779,19.61553550411926,2,2,10,0
ereq_e0b74928-6a77-4f6e-9d3f-00a6de8bffb6,2026-09-17T23:20:07.909586Z,james-botts-gota:v13,40d72eea-ac61-44b0-aaf4-7828fbf30170,James Botts,5,Vanguard Knight,BlueTeam,5098,925,181.44370341310318,31,1,0,1,152.0204001569243,29.423303256178894,0.0,2,1,11,1
ereq_e0b74928-6a77-4f6e-9d3f-00a6de8bffb6,2026-09-17T23:20:07.909586Z,aaron-gota-ir-perimeter-blue_repair-0916-aaron:v1,b64f1ccb-02e1-4ad5-b75b-f374222e9e9a,Aaron,6,Ranger,BlueTeam,5098,2025,397.21459395841504,29,4,7,1,142.21263240486465,117.69321302471558,137.30874852883483,4,4,11,1
ereq_e0b74928-6a77-4f6e-9d3f-00a6de8bffb6,2026-09-17T23:20:07.909586Z,gota-g002:v1,a30542cb-54de-4109-92e6-bcabca7db4d8,Alex Smith,7,Arcanist,BlueTeam,5098,1225,240.29030992546097,27,3,1,2,132.40486465280503,88.26990976853668,19.61553550411926,6,3,11,1
ereq_e0b74928-6a77-4f6e-9d3f-00a6de8bffb6,2026-09-17T23:20:07.909586Z,gota-g003:v2,8cea4626-a0f1-4dd0-b066-58e6bd194ad3,Scott Smith,8,Druid Warden,BlueTeam,5098,475,93.1737936445665,13,1,0,3,63.750490388387604,29.423303256178894,0.0,5,1,11,1
ereq_e0b74928-6a77-4f6e-9d3f-00a6de8bffb6,2026-09-17T23:20:07.909586Z,gota-codex-side-aware-team-secondary-20260917:v1,a7551ee6-ef55-48f0-81bc-d1ba68ca54c2,daveey-2,9,Demon Hunter,BlueTeam,5098,350,68.65437426441741,10,0,1,3,49.038838760298155,0.0,19.61553550411926,1,0,11,1
ereq_3ef41a4b-04c7-45d8-9380-2115a54be8b3,2026-09-17T23:20:07.935298Z,Polyworld GOTA base.bas:v1,e8aed568-d03c-49bf-beaf-68c731f05d26,Andre von Houck,0,Death Knight,RedTeam,13159,1350,102.59138232388479,36,3,0,8,68.39425488258986,34.19712744129493,0.0,7,3,42,0
ereq_3ef41a4b-04c7-45d8-9380-2115a54be8b3,2026-09-17T23:20:07.935298Z,black-kite:v16,d10d7d74-40a7-4f6c-8838-e09729160349,Andrew Brower B,1,Crossbowman,RedTeam,13159,1150,87.3926590166426,34,2,0,10,64.59457405577932,22.79808496086329,0.0,14,2,42,0
ereq_3ef41a4b-04c7-45d8-9380-2115a54be8b3,2026-09-17T23:20:07.935298Z,gota-codex-side-aware-team-secondary-20260917:v1,a7551ee6-ef55-48f0-81bc-d1ba68ca54c2,daveey-2,2,Lich,RedTeam,13159,1425,108.29090356410062,21,6,0,8,39.896648681510754,68.39425488258986,0.0,13,6,42,0
ereq_3ef41a4b-04c7-45d8-9380-2115a54be8b3,2026-09-17T23:20:07.935298Z,aaron-gota-ir-coordinated-support-anchor-0916:v1,9cedf3ff-c7ce-4cff-897f-d48b44e049ad,Aaron's Co-play Coach,3,Warlock,RedTeam,13159,3925,298.274944904628,41,14,8,3,77.89345694961624,159.58659472604302,60.79489322896877,19,14,42,0
ereq_3ef41a4b-04c7-45d8-9380-2115a54be8b3,2026-09-17T23:20:07.935298Z,gota-g002:v1,a30542cb-54de-4109-92e6-bcabca7db4d8,Alex Smith,4,Berserker,RedTeam,13159,6025,457.861539630671,123,17,4,5,233.6803708488487,193.78372216733794,30.397446614484384,23,17,42,0
ereq_3ef41a4b-04c7-45d8-9380-2115a54be8b3,2026-09-17T23:20:07.935298Z,richard-gods-of-the-arena:v78,881a807d-68ab-4a62-9b6c-e98694cf0bc3,richard,5,Vanguard Knight,BlueTeam,13159,1100,83.59297818983205,38,1,0,15,72.1939357094004,11.399042480431644,0.0,4,1,34,1
ereq_3ef41a4b-04c7-45d8-9380-2115a54be8b3,2026-09-17T23:20:07.935298Z,Jordan-ply_bcb80069-fb0c-4ba5-a45c-06b647870aeb:v218,f1cf890b-42d5-4cca-98cc-782774a7e9a7,Jordan,6,Ranger,BlueTeam,13159,6100,463.5610608708868,114,17,7,5,216.58180712820123,193.78372216733794,53.19553157534767,23,17,34,1
ereq_3ef41a4b-04c7-45d8-9380-2115a54be8b3,2026-09-17T23:20:07.935298Z,red-kite:v34,a4590ed4-0b0c-4d86-8968-0844796f30e0,Andrew Brower,7,Arcanist,BlueTeam,13159,3625,275.47685994376474,79,11,0,10,150.08739265901664,125.38946728474808,0.0,13,11,34,1
ereq_3ef41a4b-04c7-45d8-9380-2115a54be8b3,2026-09-17T23:20:07.935298Z,james-botts-gota:v13,40d72eea-ac61-44b0-aaf4-7828fbf30170,James Botts,8,Druid Warden,BlueTeam,13159,2825,214.68196671479595,113,0,0,1,214.68196671479595,0.0,0.0,4,0,34,1
ereq_3ef41a4b-04c7-45d8-9380-2115a54be8b3,2026-09-17T23:20:07.935298Z,relh-gods-of-the-arena:v145,6daf9052-7877-4dc4-b1b3-e03f479b8b55,relh,9,Demon Hunter,BlueTeam,13159,2350,178.58499886009577,72,3,1,11,136.78850976517973,34.19712744129493,7.599361653621096,8,3,34,1
ereq_620ad8c4-03b3-4c82-8d39-343a77998e53,2026-09-17T23:20:07.939560Z,Jordan-ply_bcb80069-fb0c-4ba5-a45c-06b647870aeb:v218,f1cf890b-42d5-4cca-98cc-782774a7e9a7,Jordan,0,Death Knight,RedTeam,15110,1525,100.92653871608206,39,3,1,9,64.52680344142952,29.781601588352085,6.618133686300463,11,3,45,0
ereq_620ad8c4-03b3-4c82-8d39-343a77998e53,2026-09-17T23:20:07.939560Z,gota-g003:v2,8cea4626-a0f1-4dd0-b066-58e6bd194ad3,Scott Smith,1,Crossbowman,RedTeam,15110,4450,294.5069490403706,112,11,0,6,185.30774321641297,109.19920582395764,0.0,15,11,45,0
ereq_620ad8c4-03b3-4c82-8d39-343a77998e53,2026-09-17T23:20:07.939560Z,aaron-gota-ir-perimeter-blue_repair-0916-aaron:v1,b64f1ccb-02e1-4ad5-b75b-f374222e9e9a,Aaron,2,Lich,RedTeam,15110,7225,478.16015883520845,109,26,6,4,180.34414295168762,258.1072137657181,39.70880211780278,28,26,45,0
ereq_620ad8c4-03b3-4c82-8d39-343a77998e53,2026-09-17T23:20:07.939560Z,gota-vanguard-rally-hold:v1,3ccd4955-3d9c-4c79-a243-e5dc12d650ad,daveey,3,Warlock,RedTeam,15110,775,51.290536068828594,19,2,0,13,31.4361350099272,19.85440105890139,0.0,8,2,45,0
ereq_620ad8c4-03b3-4c82-8d39-343a77998e53,2026-09-17T23:20:07.939560Z,james-botts-gota:v13,40d72eea-ac61-44b0-aaf4-7828fbf30170,James Botts,4,Berserker,RedTeam,15110,3725,246.52547981469226,149,0,0,2,246.52547981469226,0.0,0.0,2,0,45,0
ereq_620ad8c4-03b3-4c82-8d39-343a77998e53,2026-09-17T23:20:07.939560Z,gota-codex-side-aware-team-secondary-20260917:v1,a7551ee6-ef55-48f0-81bc-d1ba68ca54c2,daveey-2,5,Vanguard Knight,BlueTeam,15110,1100,72.7994705493051,38,1,0,13,62.8722700198544,9.927200529450696,0.0,3,1,34,1
ereq_620ad8c4-03b3-4c82-8d39-343a77998e53,2026-09-17T23:20:07.939560Z,richard-gods-of-the-arena:v78,881a807d-68ab-4a62-9b6c-e98694cf0bc3,richard,6,Ranger,BlueTeam,15110,5400,357.379219060225,114,15,3,10,188.6168100595632,148.90800794176042,19.85440105890139,18,15,34,1
ereq_620ad8c4-03b3-4c82-8d39-343a77998e53,2026-09-17T23:20:07.939560Z,red-kite:v34,a4590ed4-0b0c-4d86-8968-0844796f30e0,Andrew Brower,7,Arcanist,BlueTeam,15110,4375,289.54334877564526,147,4,1,1,243.216412971542,39.70880211780278,6.618133686300463,7,4,34,1
ereq_620ad8c4-03b3-4c82-8d39-343a77998e53,2026-09-17T23:20:07.939560Z,aaron-gota-ir-coordinated-support-anchor-0916:v1,9cedf3ff-c7ce-4cff-897f-d48b44e049ad,Aaron's Co-play Coach,8,Druid Warden,BlueTeam,15110,2800,185.30774321641297,58,5,6,6,95.96293845135672,49.63600264725348,39.70880211780278,12,5,34,1
ereq_620ad8c4-03b3-4c82-8d39-343a77998e53,2026-09-17T23:20:07.939560Z,khors:v1,fa00903c-0ba4-4eec-b20f-4c082550d80f,Andre von Auto,9,Demon Hunter,BlueTeam,15110,3350,221.70747849106553,92,7,0,15,152.21707478491066,69.49040370615486,0.0,10,7,34,1
ereq_d7d263bc-5b4d-4236-9a2a-c040175fa088,2026-09-17T23:20:07.915401Z,Jordan-ply_bcb80069-fb0c-4ba5-a45c-06b647870aeb:v218,f1cf890b-42d5-4cca-98cc-782774a7e9a7,Jordan,0,Death Knight,RedTeam,28800,4425,153.64583333333334,111,11,0,32,96.35416666666667,57.291666666666664,0.0,29,11,86,0
ereq_d7d263bc-5b4d-4236-9a2a-c040175fa088,2026-09-17T23:20:07.915401Z,games-bond-gota:v6,58af3f96-f479-4fc3-b777-276e53f48b06,Games Bond,1,Crossbowman,RedTeam,28800,6575,228.29861111111111,77,31,0,17,66.84027777777777,161.45833333333334,0.0,62,31,86,0
ereq_d7d263bc-5b4d-4236-9a2a-c040175fa088,2026-09-17T23:20:07.915401Z,aaron-gota-ir-perimeter-blue_repair-0916-aaron:v1,b64f1ccb-02e1-4ad5-b75b-f374222e9e9a,Aaron,2,Lich,RedTeam,28800,4550,157.98611111111111,120,9,2,6,104.16666666666667,46.875,6.944444444444445,19,9,86,0
ereq_d7d263bc-5b4d-4236-9a2a-c040175fa088,2026-09-17T23:20:07.915401Z,james-botts-gota:v13,40d72eea-ac61-44b0-aaf4-7828fbf30170,James Botts,3,Warlock,RedTeam,28800,5200,180.55555555555554,202,1,0,5,175.34722222222223,5.208333333333333,0.0,20,1,86,0
ereq_d7d263bc-5b4d-4236-9a2a-c040175fa088,2026-09-17T23:20:07.915401Z,gota-vanguard-rally-hold:v1,3ccd4955-3d9c-4c79-a243-e5dc12d650ad,daveey,4,Berserker,RedTeam,28800,9150,317.7083333333333,176,31,1,14,152.77777777777777,161.45833333333334,3.4722222222222223,50,30,86,0
ereq_d7d263bc-5b4d-4236-9a2a-c040175fa088,2026-09-17T23:20:07.915401Z,richard-gods-of-the-arena:v78,881a807d-68ab-4a62-9b6c-e98694cf0bc3,richard,5,Vanguard Knight,BlueTeam,28800,925,32.11805555555556,27,1,1,20,23.4375,5.208333333333333,3.4722222222222223,12,1,74,0
ereq_d7d263bc-5b4d-4236-9a2a-c040175fa088,2026-09-17T23:20:07.915401Z,red-kite:v34,a4590ed4-0b0c-4d86-8968-0844796f30e0,Andrew Brower,6,Ranger,BlueTeam,28800,9625,334.2013888888889,159,37,1,16,138.02083333333334,192.70833333333334,3.4722222222222223,46,37,74,0
ereq_d7d263bc-5b4d-4236-9a2a-c040175fa088,2026-09-17T23:20:07.915401Z,Polyworld GOTA base.bas:v1,e8aed568-d03c-49bf-beaf-68c731f05d26,Andre von Houck,7,Arcanist,BlueTeam,28800,5100,177.08333333333334,110,15,1,14,95.48611111111111,78.125,3.4722222222222223,25,15,74,0
ereq_d7d263bc-5b4d-4236-9a2a-c040175fa088,2026-09-17T23:20:07.915401Z,gota-codex-side-aware-team-secondary-20260917:v1,a7551ee6-ef55-48f0-81bc-d1ba68ca54c2,daveey-2,8,Druid Warden,BlueTeam,28800,3550,123.26388888888889,132,1,1,15,114.58333333333333,5.208333333333333,3.4722222222222223,6,1,74,0
ereq_d7d263bc-5b4d-4236-9a2a-c040175fa088,2026-09-17T23:20:07.915401Z,black-kite:v16,d10d7d74-40a7-4f6c-8838-e09729160349,Andrew Brower B,9,Demon Hunter,BlueTeam,28800,4850,168.40277777777777,84,17,2,21,72.91666666666667,88.54166666666667,6.944444444444445,31,17,74,0
ereq_7f027679-8a9c-49c6-8dda-ff20f9a697b8,2026-09-17T23:20:07.926816Z,khors:v1,fa00903c-0ba4-4eec-b20f-4c082550d80f,Andre von Auto,0,Death Knight,RedTeam,5821,1225,210.44494073183301,19,5,0,2,81.60109946744545,128.84384126438755,0.0,10,5,31,1
ereq_7f027679-8a9c-49c6-8dda-ff20f9a697b8,2026-09-17T23:20:07.926816Z,aaron-gota-ir-perimeter-blue_repair-0916-aaron:v1,b64f1ccb-02e1-4ad5-b75b-f374222e9e9a,Aaron,1,Crossbowman,RedTeam,5821,3975,682.872358701254,59,12,7,0,253.3928878199622,309.22521903453014,120.25425184676172,14,12,31,1
ereq_7f027679-8a9c-49c6-8dda-ff20f9a697b8,2026-09-17T23:20:07.926816Z,gota-vanguard-rally-hold:v1,3ccd4955-3d9c-4c79-a243-e5dc12d650ad,daveey,2,Lich,RedTeam,5821,1625,279.1616560728397,27,5,2,1,115.9594571379488,128.84384126438755,34.35835767050335,14,5,31,1
ereq_7f027679-8a9c-49c6-8dda-ff20f9a697b8,2026-09-17T23:20:07.926816Z,gota-g003:v2,8cea4626-a0f1-4dd0-b066-58e6bd194ad3,Scott Smith,3,Warlock,RedTeam,5821,725,124.54904655557465,13,2,1,3,55.832331214567944,51.53753650575503,17.179178835251676,12,2,31,1
ereq_7f027679-8a9c-49c6-8dda-ff20f9a697b8,2026-09-17T23:20:07.926816Z,relh-gods-of-the-arena:v145,6daf9052-7877-4dc4-b1b3-e03f479b8b55,relh,4,Berserker,RedTeam,5821,1850,317.814808452156,36,5,2,2,154.61260951726507,128.84384126438755,34.35835767050335,7,5,31,1
ereq_7f027679-8a9c-49c6-8dda-ff20f9a697b8,2026-09-17T23:20:07.926816Z,gota-g002:v1,a30542cb-54de-4109-92e6-bcabca7db4d8,Alex Smith,5,Vanguard Knight,BlueTeam,5821,250,42.94794708812919,4,1,0,10,17.179178835251676,25.768768252877514,0.0,2,1,8,0
ereq_7f027679-8a9c-49c6-8dda-ff20f9a697b8,2026-09-17T23:20:07.926816Z,james-botts-gota:v13,40d72eea-ac61-44b0-aaf4-7828fbf30170,James Botts,6,Ranger,BlueTeam,5821,1100,188.97096718776842,44,0,0,4,188.97096718776842,0.0,0.0,2,0,8,0
ereq_7f027679-8a9c-49c6-8dda-ff20f9a697b8,2026-09-17T23:20:07.926816Z,black-kite:v16,d10d7d74-40a7-4f6c-8838-e09729160349,Andrew Brower B,7,Arcanist,BlueTeam,5821,2075,356.4679608314723,57,3,2,2,244.80329840233637,77.30630475863254,34.35835767050335,4,3,8,0
ereq_7f027679-8a9c-49c6-8dda-ff20f9a697b8,2026-09-17T23:20:07.926816Z,Jordan-ply_bcb80069-fb0c-4ba5-a45c-06b647870aeb:v218,f1cf890b-42d5-4cca-98cc-782774a7e9a7,Jordan,8,Druid Warden,BlueTeam,5821,100,17.179178835251676,4,0,0,8,17.179178835251676,0.0,0.0,0,0,8,0
ereq_7f027679-8a9c-49c6-8dda-ff20f9a697b8,2026-09-17T23:20:07.926816Z,richard-gods-of-the-arena:v78,881a807d-68ab-4a62-9b6c-e98694cf0bc3,richard,9,Demon Hunter,BlueTeam,5821,1400,240.50850369352344,50,1,0,7,214.73973544064594,25.768768252877514,0.0,3,1,8,0
ereq_4cd42c6d-9514-4616-8abe-4fc40d6e1ca3,2026-09-17T23:20:07.941012Z,gota-g002:v1,a30542cb-54de-4109-92e6-bcabca7db4d8,Alex Smith,0,Death Knight,RedTeam,14796,3675,248.3779399837794,107,6,1,8,180.7921059745877,60.82725060827251,6.758583400919167,18,6,38,0
ereq_4cd42c6d-9514-4616-8abe-4fc40d6e1ca3,2026-09-17T23:20:07.941012Z,games-bond-gota:v6,58af3f96-f479-4fc3-b777-276e53f48b06,Games Bond,1,Crossbowman,RedTeam,14796,3200,216.27466882941334,26,17,0,4,43.93079210597459,172.34387672343877,0.0,24,17,38,0
ereq_4cd42c6d-9514-4616-8abe-4fc40d6e1ca3,2026-09-17T23:20:07.941012Z,aaron-gota-ir-perimeter-blue_repair-0916-aaron:v1,b64f1ccb-02e1-4ad5-b75b-f374222e9e9a,Aaron,2,Lich,RedTeam,14796,4700,317.6534198432009,132,8,2,6,223.03325223033252,81.10300081103001,13.517166801838334,10,8,38,0
ereq_4cd42c6d-9514-4616-8abe-4fc40d6e1ca3,2026-09-17T23:20:07.941012Z,gota-codex-side-aware-team-secondary-20260917:v1,a7551ee6-ef55-48f0-81bc-d1ba68ca54c2,daveey-2,3,Warlock,RedTeam,14796,1950,131.79237631792375,42,6,0,10,70.96512570965126,60.82725060827251,0.0,18,6,38,0
ereq_4cd42c6d-9514-4616-8abe-4fc40d6e1ca3,2026-09-17T23:20:07.941012Z,richard-gods-of-the-arena:v78,881a807d-68ab-4a62-9b6c-e98694cf0bc3,richard,4,Berserker,RedTeam,14796,2150,145.3095431197621,82,0,1,9,138.55095971884293,0.0,6.758583400919167,7,0,38,0
ereq_4cd42c6d-9514-4616-8abe-4fc40d6e1ca3,2026-09-17T23:20:07.941012Z,red-kite:v34,a4590ed4-0b0c-4d86-8968-0844796f30e0,Andrew Brower,5,Vanguard Knight,BlueTeam,14796,475,32.10327115436605,15,0,1,6,25.344687753446877,0.0,6.758583400919167,1,0,37,1
ereq_4cd42c6d-9514-4616-8abe-4fc40d6e1ca3,2026-09-17T23:20:07.941012Z,james-botts-gota:v13,40d72eea-ac61-44b0-aaf4-7828fbf30170,James Botts,6,Ranger,BlueTeam,14796,2700,182.4817518248175,102,1,0,4,172.34387672343877,10.137875101378752,0.0,3,1,37,1
ereq_4cd42c6d-9514-4616-8abe-4fc40d6e1ca3,2026-09-17T23:20:07.941012Z,khors:v1,fa00903c-0ba4-4eec-b20f-4c082550d80f,Andre von Auto,7,Arcanist,BlueTeam,14796,4050,273.7226277372263,74,14,1,10,125.03379291700459,141.93025141930252,6.758583400919167,24,14,37,1
ereq_4cd42c6d-9514-4616-8abe-4fc40d6e1ca3,2026-09-17T23:20:07.941012Z,gota-g003:v2,8cea4626-a0f1-4dd0-b066-58e6bd194ad3,Scott Smith,8,Druid Warden,BlueTeam,14796,1425,96.30981346309814,39,3,0,12,65.89618815896188,30.413625304136254,0.0,17,3,37,1
ereq_4cd42c6d-9514-4616-8abe-4fc40d6e1ca3,2026-09-17T23:20:07.941012Z,aaron-gota-ir-coordinated-support-anchor-0916:v1,9cedf3ff-c7ce-4cff-897f-d48b44e049ad,Aaron's Co-play Coach,9,Demon Hunter,BlueTeam,14796,5325,359.8945660989457,103,13,8,6,174.03352257366856,131.79237631792375,54.068667207353336,14,13,37,1
ereq_3112f789-1194-4660-863c-b6dec0e960f3,2026-09-17T23:20:07.938880Z,relh-gods-of-the-arena:v145,6daf9052-7877-4dc4-b1b3-e03f479b8b55,relh,0,Death Knight,RedTeam,5316,100,18.811136192626034,0,0,1,3,0.0,0.0,18.811136192626034,1,0,11,0
ereq_3112f789-1194-4660-863c-b6dec0e960f3,2026-09-17T23:20:07.938880Z,aaron-gota-ir-perimeter-blue_repair-0916-aaron:v1,b64f1ccb-02e1-4ad5-b75b-f374222e9e9a,Aaron,1,Crossbowman,RedTeam,5316,2225,418.54778028592926,61,4,1,1,286.86982693754703,112.86681715575621,18.811136192626034,4,4,11,0
ereq_3112f789-1194-4660-863c-b6dec0e960f3,2026-09-17T23:20:07.938880Z,black-kite:v16,d10d7d74-40a7-4f6c-8838-e09729160349,Andrew Brower B,2,Lich,RedTeam,5316,1600,300.97817908201654,42,3,1,0,197.51693002257338,84.65011286681715,18.811136192626034,4,3,11,0
ereq_3112f789-1194-4660-863c-b6dec0e960f3,2026-09-17T23:20:07.938880Z,james-botts-gota:v13,40d72eea-ac61-44b0-aaf4-7828fbf30170,James Botts,3,Warlock,RedTeam,5316,700,131.67795334838223,28,0,0,1,131.67795334838223,0.0,0.0,1,0,11,0
ereq_3112f789-1194-4660-863c-b6dec0e960f3,2026-09-17T23:20:07.938880Z,Jordan-ply_bcb80069-fb0c-4ba5-a45c-06b647870aeb:v218,f1cf890b-42d5-4cca-98cc-782774a7e9a7,Jordan,4,Berserker,RedTeam,5316,500,94.05568096313017,14,1,0,5,65.83897667419112,28.216704288939052,0.0,2,1,11,0
ereq_3112f789-1194-4660-863c-b6dec0e960f3,2026-09-17T23:20:07.938880Z,richard-gods-of-the-arena:v78,881a807d-68ab-4a62-9b6c-e98694cf0bc3,richard,5,Vanguard Knight,BlueTeam,5316,250,47.027840481565086,10,0,0,3,47.027840481565086,0.0,0.0,3,0,10,1
ereq_3112f789-1194-4660-863c-b6dec0e960f3,2026-09-17T23:20:07.938880Z,gota-codex-side-aware-team-secondary-20260917:v1,a7551ee6-ef55-48f0-81bc-d1ba68ca54c2,daveey-2,6,Ranger,BlueTeam,5316,1075,202.21971407072988,37,1,0,3,174.0030097817908,28.216704288939052,0.0,1,1,10,1
ereq_3112f789-1194-4660-863c-b6dec0e960f3,2026-09-17T23:20:07.938880Z,Polyworld GOTA base.bas:v1,e8aed568-d03c-49bf-beaf-68c731f05d26,Andre von Houck,7,Arcanist,BlueTeam,5316,1525,286.86982693754703,41,2,2,1,192.81414597441685,56.433408577878104,37.62227238525207,6,2,10,1
ereq_3112f789-1194-4660-863c-b6dec0e960f3,2026-09-17T23:20:07.938880Z,macromackie-gota:v3,e3a136c1-ad8d-44c7-b9d7-e4c65a3185cf,macromackie,8,Druid Warden,BlueTeam,5316,750,141.08352144469526,8,3,1,2,37.62227238525207,84.65011286681715,18.811136192626034,4,3,10,1
ereq_3112f789-1194-4660-863c-b6dec0e960f3,2026-09-17T23:20:07.938880Z,aaron-gota-ir-coordinated-support-anchor-0916:v1,9cedf3ff-c7ce-4cff-897f-d48b44e049ad,Aaron's Co-play Coach,9,Demon Hunter,BlueTeam,5316,975,183.40857787810384,19,2,2,2,89.35289691497367,56.433408577878104,37.62227238525207,2,2,10,1
ereq_530f3a51-0cc7-4315-acd0-6c4799e60a19,2026-09-17T23:20:07.913295Z,james-botts-gota:v13,40d72eea-ac61-44b0-aaf4-7828fbf30170,James Botts,0,Death Knight,RedTeam,9638,1475,153.04004980286368,53,1,0,4,137.47665490765718,15.563394895206475,0.0,7,1,20,0
ereq_530f3a51-0cc7-4315-acd0-6c4799e60a19,2026-09-17T23:20:07.913295Z,gota-codex-side-aware-team-secondary-20260917:v1,a7551ee6-ef55-48f0-81bc-d1ba68ca54c2,daveey-2,1,Crossbowman,RedTeam,9638,1900,197.136335339282,54,3,1,6,140.07055405685827,46.69018468561942,10.375596596804316,10,3,20,0
ereq_530f3a51-0cc7-4315-acd0-6c4799e60a19,2026-09-17T23:20:07.913295Z,khors:v1,fa00903c-0ba4-4eec-b20f-4c082550d80f,Andre von Auto,2,Lich,RedTeam,9638,1450,150.44615065366258,22,6,0,13,57.06578128242374,93.38036937123884,0.0,10,6,20,0
ereq_530f3a51-0cc7-4315-acd0-6c4799e60a19,2026-09-17T23:20:07.913295Z,Jordan-ply_bcb80069-fb0c-4ba5-a45c-06b647870aeb:v218,f1cf890b-42d5-4cca-98cc-782774a7e9a7,Jordan,3,Warlock,RedTeam,9638,1325,137.47665490765718,53,0,0,12,137.47665490765718,0.0,0.0,0,0,20,0
ereq_530f3a51-0cc7-4315-acd0-6c4799e60a19,2026-09-17T23:20:07.913295Z,relh-gods-of-the-arena:v145,6daf9052-7877-4dc4-b1b3-e03f479b8b55,relh,4,Berserker,RedTeam,9638,4300,446.1506536625856,96,10,4,6,249.0143183233036,155.63394895206474,41.502386387217264,14,10,20,0
ereq_530f3a51-0cc7-4315-acd0-6c4799e60a19,2026-09-17T23:20:07.913295Z,black-kite:v16,d10d7d74-40a7-4f6c-8838-e09729160349,Andrew Brower B,5,Vanguard Knight,BlueTeam,9638,625,64.84747873002698,25,0,0,5,64.84747873002698,0.0,0.0,6,0,41,1
ereq_530f3a51-0cc7-4315-acd0-6c4799e60a19,2026-09-17T23:20:07.913295Z,gota-g002:v1,a30542cb-54de-4109-92e6-bcabca7db4d8,Alex Smith,6,Ranger,BlueTeam,9638,3825,396.8665698277651,35,19,1,3,90.78647022203776,295.70450300892304,10.375596596804316,29,19,41,1
ereq_530f3a51-0cc7-4315-acd0-6c4799e60a19,2026-09-17T23:20:07.913295Z,gota-g003:v2,8cea4626-a0f1-4dd0-b066-58e6bd194ad3,Scott Smith,7,Arcanist,BlueTeam,9638,2800,290.51670471052086,32,10,5,2,83.00477277443453,155.63394895206474,51.87798298402158,20,10,41,1
ereq_530f3a51-0cc7-4315-acd0-6c4799e60a19,2026-09-17T23:20:07.913295Z,aaron-gota-ir-perimeter-blue_repair-0916-aaron:v1,b64f1ccb-02e1-4ad5-b75b-f374222e9e9a,Aaron,8,Druid Warden,BlueTeam,9638,3150,326.831292799336,66,6,6,3,171.1973438472712,93.38036937123884,62.2535795808259,15,6,41,1
ereq_530f3a51-0cc7-4315-acd0-6c4799e60a19,2026-09-17T23:20:07.913295Z,red-kite:v34,a4590ed4-0b0c-4d86-8968-0844796f30e0,Andrew Brower,9,Demon Hunter,BlueTeam,9638,1025,106.34986511724424,23,3,0,7,59.65968043162482,46.69018468561942,0.0,5,3,41,1
ereq_b4da11d5-9e6f-49bc-b4d3-3902a3f12b4c,2026-09-17T23:20:07.941681Z,relh-gods-of-the-arena:v145,6daf9052-7877-4dc4-b1b3-e03f479b8b55,relh,0,Death Knight,RedTeam,5218,125,23.95553852050594,5,0,0,7,23.95553852050594,0.0,0.0,1,0,15,0
ereq_b4da11d5-9e6f-49bc-b4d3-3902a3f12b4c,2026-09-17T23:20:07.941681Z,gota-g003:v2,8cea4626-a0f1-4dd0-b066-58e6bd194ad3,Scott Smith,1,Crossbowman,RedTeam,5218,1000,191.64430816404752,34,1,0,5,162.8976619394404,28.74664622460713,0.0,6,1,15,0
ereq_b4da11d5-9e6f-49bc-b4d3-3902a3f12b4c,2026-09-17T23:20:07.941681Z,black-kite:v16,d10d7d74-40a7-4f6c-8838-e09729160349,Andrew Brower B,2,Lich,RedTeam,5218,1425,273.09313913376775,39,3,0,0,186.85320045994635,86.23993867382138,0.0,6,3,15,0
ereq_b4da11d5-9e6f-49bc-b4d3-3902a3f12b4c,2026-09-17T23:20:07.941681Z,Polyworld GOTA base.bas:v1,e8aed568-d03c-49bf-beaf-68c731f05d26,Andre von Houck,3,Warlock,RedTeam,5218,1100,210.8087389804523,20,4,0,6,95.82215408202376,114.98658489842852,0.0,5,4,15,0
ereq_b4da11d5-9e6f-49bc-b4d3-3902a3f12b4c,2026-09-17T23:20:07.941681Z,macromackie-gota:v3,e3a136c1-ad8d-44c7-b9d7-e4c65a3185cf,macromackie,4,Berserker,RedTeam,5218,1375,263.51092372556536,21,3,4,2,100.61326178612495,86.23993867382138,76.65772326561901,8,3,15,0
ereq_b4da11d5-9e6f-49bc-b4d3-3902a3f12b4c,2026-09-17T23:20:07.941681Z,red-kite:v34,a4590ed4-0b0c-4d86-8968-0844796f30e0,Andrew Brower,5,Vanguard Knight,BlueTeam,5218,225,43.11996933691069,9,0,0,4,43.11996933691069,0.0,0.0,1,0,20,1
ereq_b4da11d5-9e6f-49bc-b4d3-3902a3f12b4c,2026-09-17T23:20:07.941681Z,aaron-gota-ir-coordinated-support-anchor-0916:v1,9cedf3ff-c7ce-4cff-897f-d48b44e049ad,Aaron's Co-play Coach,6,Ranger,BlueTeam,5218,3850,737.830586431583,40,13,9,0,191.64430816404752,373.7064009198927,172.47987734764277,16,13,20,1
ereq_b4da11d5-9e6f-49bc-b4d3-3902a3f12b4c,2026-09-17T23:20:07.941681Z,james-botts-gota:v13,40d72eea-ac61-44b0-aaf4-7828fbf30170,James Botts,7,Arcanist,BlueTeam,5218,1500,287.4664622460713,36,4,0,1,172.47987734764277,114.98658489842852,0.0,9,4,20,1
ereq_b4da11d5-9e6f-49bc-b4d3-3902a3f12b4c,2026-09-17T23:20:07.941681Z,Jordan-ply_bcb80069-fb0c-4ba5-a45c-06b647870aeb:v218,f1cf890b-42d5-4cca-98cc-782774a7e9a7,Jordan,8,Druid Warden,BlueTeam,5218,375,71.86661556151782,9,1,0,4,43.11996933691069,28.74664622460713,0.0,4,1,20,1
ereq_b4da11d5-9e6f-49bc-b4d3-3902a3f12b4c,2026-09-17T23:20:07.941681Z,richard-gods-of-the-arena:v78,881a807d-68ab-4a62-9b6c-e98694cf0bc3,richard,9,Demon Hunter,BlueTeam,5218,375,71.86661556151782,15,0,0,6,71.86661556151782,0.0,0.0,2,0,20,1
ereq_b37e9ad1-91a6-4028-a4cd-f0a2fbdcfbd7,2026-09-17T23:20:07.920706Z,james-botts-gota:v13,40d72eea-ac61-44b0-aaf4-7828fbf30170,James Botts,0,Death Knight,RedTeam,15106,2800,185.35681186283597,106,1,0,3,175.4269826558983,9.92982920693764,0.0,4,1,45,0
ereq_b37e9ad1-91a6-4028-a4cd-f0a2fbdcfbd7,2026-09-17T23:20:07.920706Z,relh-gods-of-the-arena:v145,6daf9052-7877-4dc4-b1b3-e03f479b8b55,relh,1,Crossbowman,RedTeam,15106,3500,231.69601482854495,112,4,1,6,185.35681186283597,39.71931682775056,6.619886137958427,7,4,45,0
ereq_b37e9ad1-91a6-4028-a4cd-f0a2fbdcfbd7,2026-09-17T23:20:07.920706Z,gota-vanguard-rally-hold:v1,3ccd4955-3d9c-4c79-a243-e5dc12d650ad,daveey,2,Lich,RedTeam,15106,2825,187.01178339732556,57,8,2,4,94.33337746590759,79.43863365550112,13.239772275916854,24,8,45,0
ereq_b37e9ad1-91a6-4028-a4cd-f0a2fbdcfbd7,2026-09-17T23:20:07.920706Z,Polyworld GOTA base.bas:v1,e8aed568-d03c-49bf-beaf-68c731f05d26,Andre von Houck,3,Warlock,RedTeam,15106,3350,221.76618562160732,56,13,0,4,92.67840593141798,129.08777969018934,0.0,25,13,45,0
ereq_b37e9ad1-91a6-4028-a4cd-f0a2fbdcfbd7,2026-09-17T23:20:07.920706Z,gota-codex-side-aware-team-secondary-20260917:v1,a7551ee6-ef55-48f0-81bc-d1ba68ca54c2,daveey-2,4,Berserker,RedTeam,15106,5300,350.8539653117966,106,17,1,10,175.4269826558983,168.8070965179399,6.619886137958427,23,16,45,0
ereq_b37e9ad1-91a6-4028-a4cd-f0a2fbdcfbd7,2026-09-17T23:20:07.920706Z,daf-gota-v1:v1,e7d1ba41-3be1-4785-815d-b3c9ad8f46b9,docxology,5,Vanguard Knight,BlueTeam,15106,1700,112.53806434529326,56,2,0,8,92.67840593141798,19.85965841387528,0.0,8,2,27,1
ereq_b37e9ad1-91a6-4028-a4cd-f0a2fbdcfbd7,2026-09-17T23:20:07.920706Z,richard-gods-of-the-arena:v78,881a807d-68ab-4a62-9b6c-e98694cf0bc3,richard,6,Ranger,BlueTeam,15106,6450,426.98265589831857,148,13,8,7,244.9357871044618,129.08777969018934,52.95908910366742,17,13,27,1
ereq_b37e9ad1-91a6-4028-a4cd-f0a2fbdcfbd7,2026-09-17T23:20:07.920706Z,Jordan-ply_bcb80069-fb0c-4ba5-a45c-06b647870aeb:v218,f1cf890b-42d5-4cca-98cc-782774a7e9a7,Jordan,7,Arcanist,BlueTeam,15106,1675,110.88309281080366,37,5,0,14,61.23394677611545,49.6491460346882,0.0,11,5,27,1
ereq_b37e9ad1-91a6-4028-a4cd-f0a2fbdcfbd7,2026-09-17T23:20:07.920706Z,gota-g003:v2,8cea4626-a0f1-4dd0-b066-58e6bd194ad3,Scott Smith,8,Druid Warden,BlueTeam,15106,1150,76.12869058652191,40,1,0,8,66.19886137958427,9.92982920693764,0.0,11,1,27,1
ereq_b37e9ad1-91a6-4028-a4cd-f0a2fbdcfbd7,2026-09-17T23:20:07.920706Z,red-kite:v34,a4590ed4-0b0c-4d86-8968-0844796f30e0,Andrew Brower,9,Demon Hunter,BlueTeam,15106,2900,191.97669800079439,88,4,1,8,145.6374950350854,39.71931682775056,6.619886137958427,4,4,27,1
ereq_336c2ad5-4e2e-4ce4-9d9d-5f68d05adc80,2026-09-17T23:20:07.917841Z,red-kite:v34,a4590ed4-0b0c-4d86-8968-0844796f30e0,Andrew Brower,0,Death Knight,RedTeam,9607,1000,104.09076714895389,28,2,0,4,72.86353700426773,31.227230144686168,0.0,11,2,39,1
ereq_336c2ad5-4e2e-4ce4-9d9d-5f68d05adc80,2026-09-17T23:20:07.917841Z,aaron-gota-ir-perimeter-blue_repair-0916-aaron:v1,b64f1ccb-02e1-4ad5-b75b-f374222e9e9a,Aaron,1,Crossbowman,RedTeam,9607,5900,614.135526178828,70,23,7,1,182.1588425106693,359.1131466638909,72.86353700426773,25,23,39,1
ereq_336c2ad5-4e2e-4ce4-9d9d-5f68d05adc80,2026-09-17T23:20:07.917841Z,relh-gods-of-the-arena:v145,6daf9052-7877-4dc4-b1b3-e03f479b8b55,relh,2,Lich,RedTeam,9607,2125,221.19288019152702,75,1,1,6,195.17018840428855,15.613615072343084,10.409076714895388,1,1,39,1
ereq_336c2ad5-4e2e-4ce4-9d9d-5f68d05adc80,2026-09-17T23:20:07.917841Z,macromackie-gota:v3,e3a136c1-ad8d-44c7-b9d7-e4c65a3185cf,macromackie,3,Warlock,RedTeam,9607,1700,176.9543041532216,28,6,1,4,72.86353700426773,93.6816904340585,10.409076714895388,12,6,39,1
ereq_336c2ad5-4e2e-4ce4-9d9d-5f68d05adc80,2026-09-17T23:20:07.917841Z,richard-gods-of-the-arena:v78,881a807d-68ab-4a62-9b6c-e98694cf0bc3,richard,4,Berserker,RedTeam,9607,1625,169.14749661705008,27,5,2,5,70.26126782554387,78.06807536171542,20.818153429790776,9,5,39,1
ereq_336c2ad5-4e2e-4ce4-9d9d-5f68d05adc80,2026-09-17T23:20:07.917841Z,aaron-gota-ir-coordinated-support-anchor-0916:v1,9cedf3ff-c7ce-4cff-897f-d48b44e049ad,Aaron's Co-play Coach,5,Vanguard Knight,BlueTeam,9607,3725,387.73810762985323,87,9,2,3,226.3974185489747,140.52253565108774,20.818153429790776,12,9,20,0
ereq_336c2ad5-4e2e-4ce4-9d9d-5f68d05adc80,2026-09-17T23:20:07.917841Z,james-botts-gota:v13,40d72eea-ac61-44b0-aaf4-7828fbf30170,James Botts,6,Ranger,BlueTeam,9607,1550,161.34068908087852,62,0,0,7,161.34068908087852,0.0,0.0,2,0,20,0
ereq_336c2ad5-4e2e-4ce4-9d9d-5f68d05adc80,2026-09-17T23:20:07.917841Z,khors:v1,fa00903c-0ba4-4eec-b20f-4c082550d80f,Andre von Auto,7,Arcanist,BlueTeam,9607,1200,124.90892057874467,24,4,0,6,62.454460289372335,62.454460289372335,0.0,14,4,20,0
ereq_336c2ad5-4e2e-4ce4-9d9d-5f68d05adc80,2026-09-17T23:20:07.917841Z,daf-gota-v1:v1,e7d1ba41-3be1-4785-815d-b3c9ad8f46b9,docxology,8,Druid Warden,BlueTeam,9607,1625,169.14749661705008,41,4,0,7,106.69303632767773,62.454460289372335,0.0,12,4,20,0
ereq_336c2ad5-4e2e-4ce4-9d9d-5f68d05adc80,2026-09-17T23:20:07.917841Z,gota-g002:v1,a30542cb-54de-4109-92e6-bcabca7db4d8,Alex Smith,9,Demon Hunter,BlueTeam,9607,625,65.05672946809618,19,1,0,16,49.4431143957531,15.613615072343084,0.0,2,1,20,0
ereq_f00ce953-58fc-4c26-9c12-2c2e912ce752,2026-09-17T23:20:07.935992Z,red-kite:v34,a4590ed4-0b0c-4d86-8968-0844796f30e0,Andrew Brower,0,Death Knight,RedTeam,6459,1400,216.75181916705372,50,1,0,2,193.52840997058368,23.22340919647004,0.0,1,1,11,1
ereq_f00ce953-58fc-4c26-9c12-2c2e912ce752,2026-09-17T23:20:07.935992Z,gota-g002:v1,a30542cb-54de-4109-92e6-bcabca7db4d8,Alex Smith,1,Crossbowman,RedTeam,6459,1825,282.5514785570522,33,4,4,1,127.72875058058523,92.89363678588016,61.92909119058678,7,4,11,1
ereq_f00ce953-58fc-4c26-9c12-2c2e912ce752,2026-09-17T23:20:07.935992Z,Jordan-ply_bcb80069-fb0c-4ba5-a45c-06b647870aeb:v218,f1cf890b-42d5-4cca-98cc-782774a7e9a7,Jordan,2,Lich,RedTeam,6459,2000,309.6454559529339,50,3,3,1,193.52840997058368,69.67022758941013,46.44681839294008,5,3,11,1
ereq_f00ce953-58fc-4c26-9c12-2c2e912ce752,2026-09-17T23:20:07.935992Z,black-kite:v16,d10d7d74-40a7-4f6c-8838-e09729160349,Andrew Brower B,3,Warlock,RedTeam,6459,775,119.98761418176188,25,1,0,7,96.76420498529184,23.22340919647004,0.0,2,1,11,1
ereq_f00ce953-58fc-4c26-9c12-2c2e912ce752,2026-09-17T23:20:07.935992Z,nancy-goa:v2,2777766f-4931-4fd9-83f2-44a3f509ede1,NanosaurusX,4,Berserker,RedTeam,6459,625,96.76420498529184,9,2,1,3,34.835113794705066,46.44681839294008,15.482272797646695,2,2,11,1
ereq_f00ce953-58fc-4c26-9c12-2c2e912ce752,2026-09-17T23:20:07.935992Z,aaron-gota-ir-coordinated-support-anchor-0916:v1,9cedf3ff-c7ce-4cff-897f-d48b44e049ad,Aaron's Co-play Coach,5,Vanguard Knight,BlueTeam,6459,1975,305.7748877535222,27,4,7,1,104.50534138411518,92.89363678588016,108.37590958352686,7,4,14,0
ereq_f00ce953-58fc-4c26-9c12-2c2e912ce752,2026-09-17T23:20:07.935992Z,aaron-gota-ir-perimeter-blue_repair-0916-aaron:v1,b64f1ccb-02e1-4ad5-b75b-f374222e9e9a,Aaron,6,Ranger,BlueTeam,6459,2875,445.11534293234246,63,8,1,2,243.84579656293545,185.78727357176032,15.482272797646695,10,8,14,0
ereq_f00ce953-58fc-4c26-9c12-2c2e912ce752,2026-09-17T23:20:07.935992Z,relh-gods-of-the-arena:v145,6daf9052-7877-4dc4-b1b3-e03f479b8b55,relh,7,Arcanist,BlueTeam,6459,725,112.24647778293854,23,1,0,3,89.0230685864685,23.22340919647004,0.0,4,1,14,0
ereq_f00ce953-58fc-4c26-9c12-2c2e912ce752,2026-09-17T23:20:07.935992Z,macromackie-gota:v3,e3a136c1-ad8d-44c7-b9d7-e4c65a3185cf,macromackie,8,Druid Warden,BlueTeam,6459,400,61.92909119058678,16,0,0,5,61.92909119058678,0.0,0.0,0,0,14,0
ereq_f00ce953-58fc-4c26-9c12-2c2e912ce752,2026-09-17T23:20:07.935992Z,james-botts-gota:v13,40d72eea-ac61-44b0-aaf4-7828fbf30170,James Botts,9,Demon Hunter,BlueTeam,6459,1625,251.58693296175878,59,1,0,0,228.36352376528873,23.22340919647004,0.0,2,1,14,0
ereq_324e2006-85f8-4d81-b1ec-e4090b25089d,2026-09-17T23:20:07.911815Z,aaron-gota-ir-coordinated-support-anchor-0916:v1,9cedf3ff-c7ce-4cff-897f-d48b44e049ad,Aaron's Co-play Coach,0,Death Knight,RedTeam,19099,1350,70.68432902246191,18,6,0,6,23.561443007487302,47.122886014974604,0.0,17,6,45,0
ereq_324e2006-85f8-4d81-b1ec-e4090b25089d,2026-09-17T23:20:07.911815Z,relh-gods-of-the-arena:v145,6daf9052-7877-4dc4-b1b3-e03f479b8b55,relh,1,Crossbowman,RedTeam,19099,5750,301.06288287344887,198,4,2,5,259.17587308236034,31.415257343316405,10.471752447772134,8,4,45,0
ereq_324e2006-85f8-4d81-b1ec-e4090b25089d,2026-09-17T23:20:07.911815Z,red-kite:v34,a4590ed4-0b0c-4d86-8968-0844796f30e0,Andrew Brower,2,Lich,RedTeam,19099,3300,172.78391538824022,94,5,2,7,123.04309126132259,39.269071679145505,10.471752447772134,6,5,45,0
ereq_324e2006-85f8-4d81-b1ec-e4090b25089d,2026-09-17T23:20:07.911815Z,macromackie-gota:v3,e3a136c1-ad8d-44c7-b9d7-e4c65a3185cf,macromackie,3,Warlock,RedTeam,19099,1450,75.92020524634798,46,2,0,15,60.21257657468978,15.707628671658203,0.0,9,2,45,0
ereq_324e2006-85f8-4d81-b1ec-e4090b25089d,2026-09-17T23:20:07.911815Z,khors:v1,fa00903c-0ba4-4eec-b20f-4c082550d80f,Andre von Auto,4,Berserker,RedTeam,19099,6525,341.6409236085659,117,24,0,15,153.14937954866747,188.49154405989842,0.0,32,24,45,0
ereq_324e2006-85f8-4d81-b1ec-e4090b25089d,2026-09-17T23:20:07.911815Z,gota-g002:v1,a30542cb-54de-4109-92e6-bcabca7db4d8,Alex Smith,5,Vanguard Knight,BlueTeam,19099,1600,83.77401958217708,28,6,0,14,36.65113356720247,47.122886014974604,0.0,15,6,48,1
ereq_324e2006-85f8-4d81-b1ec-e4090b25089d,2026-09-17T23:20:07.911815Z,gota-g003:v2,8cea4626-a0f1-4dd0-b066-58e6bd194ad3,Scott Smith,6,Ranger,BlueTeam,19099,6550,342.9498926645374,100,25,3,6,130.8969055971517,196.34535839572752,15.707628671658203,31,25,48,1
ereq_324e2006-85f8-4d81-b1ec-e4090b25089d,2026-09-17T23:20:07.911815Z,gota-codex-side-aware-team-secondary-20260917:v1,a7551ee6-ef55-48f0-81bc-d1ba68ca54c2,daveey-2,7,Arcanist,BlueTeam,19099,2450,128.27896748520865,50,6,3,11,65.44845279857584,47.122886014974604,15.707628671658203,14,6,48,1
ereq_324e2006-85f8-4d81-b1ec-e4090b25089d,2026-09-17T23:20:07.911815Z,james-botts-gota:v13,40d72eea-ac61-44b0-aaf4-7828fbf30170,James Botts,8,Druid Warden,BlueTeam,19099,4950,259.17587308236034,192,1,0,1,251.32205874653124,7.853814335829101,0.0,5,1,48,1
ereq_324e2006-85f8-4d81-b1ec-e4090b25089d,2026-09-17T23:20:07.911815Z,Jordan-ply_bcb80069-fb0c-4ba5-a45c-06b647870aeb:v218,f1cf890b-42d5-4cca-98cc-782774a7e9a7,Jordan,9,Demon Hunter,BlueTeam,19099,3425,179.3287606680978,85,8,1,13,111.26236975757894,62.83051468663281,5.235876223886067,17,8,48,1
ereq_578f7950-e344-48f7-b699-711aa02cafd2,2026-09-17T23:20:07.940336Z,gota-vanguard-rally-hold:v1,3ccd4955-3d9c-4c79-a243-e5dc12d650ad,daveey,0,Death Knight,RedTeam,6170,875,141.81523500810374,23,2,0,5,93.19286871961103,48.62236628849271,0.0,2,2,20,1
ereq_578f7950-e344-48f7-b699-711aa02cafd2,2026-09-17T23:20:07.940336Z,aaron-gota-ir-coordinated-support-anchor-0916:v1,9cedf3ff-c7ce-4cff-897f-d48b44e049ad,Aaron's Co-play Coach,1,Crossbowman,RedTeam,6170,4475,725.2836304700162,61,15,7,0,247.1636952998379,364.6677471636953,113.45218800648298,15,15,20,1
ereq_578f7950-e344-48f7-b699-711aa02cafd2,2026-09-17T23:20:07.940336Z,gota-codex-side-aware-team-secondary-20260917:v1,a7551ee6-ef55-48f0-81bc-d1ba68ca54c2,daveey-2,2,Lich,RedTeam,6170,700,113.45218800648298,16,2,0,4,64.82982171799027,48.62236628849271,0.0,2,2,20,1
ereq_578f7950-e344-48f7-b699-711aa02cafd2,2026-09-17T23:20:07.940336Z,richard-gods-of-the-arena:v78,881a807d-68ab-4a62-9b6c-e98694cf0bc3,richard,3,Warlock,RedTeam,6170,850,137.76337115072934,28,1,0,6,113.45218800648298,24.311183144246353,0.0,1,1,20,1
ereq_578f7950-e344-48f7-b699-711aa02cafd2,2026-09-17T23:20:07.940336Z,black-kite:v16,d10d7d74-40a7-4f6c-8838-e09729160349,Andrew Brower B,4,Berserker,RedTeam,6170,725,117.50405186385737,29,0,0,5,117.50405186385737,0.0,0.0,2,0,20,1
ereq_578f7950-e344-48f7-b699-711aa02cafd2,2026-09-17T23:20:07.940336Z,james-botts-gota:v13,40d72eea-ac61-44b0-aaf4-7828fbf30170,James Botts,5,Vanguard Knight,BlueTeam,6170,475,76.98541329011346,19,0,0,6,76.98541329011346,0.0,0.0,0,0,20,0
ereq_578f7950-e344-48f7-b699-711aa02cafd2,2026-09-17T23:20:07.940336Z,khors:v1,fa00903c-0ba4-4eec-b20f-4c082550d80f,Andre von Auto,6,Ranger,BlueTeam,6170,3200,518.6385737439222,50,11,3,1,202.5931928687196,267.4230145867099,48.62236628849271,13,11,20,0
ereq_578f7950-e344-48f7-b699-711aa02cafd2,2026-09-17T23:20:07.940336Z,red-kite:v34,a4590ed4-0b0c-4d86-8968-0844796f30e0,Andrew Brower,7,Arcanist,BlueTeam,6170,2800,453.80875202593194,62,7,2,1,251.2155591572123,170.17828200972448,32.414910858995135,7,7,20,0
ereq_578f7950-e344-48f7-b699-711aa02cafd2,2026-09-17T23:20:07.940336Z,gota-g002:v1,a30542cb-54de-4109-92e6-bcabca7db4d8,Alex Smith,8,Druid Warden,BlueTeam,6170,725,117.50405186385737,23,1,0,4,93.19286871961103,24.311183144246353,0.0,8,1,20,0
ereq_578f7950-e344-48f7-b699-711aa02cafd2,2026-09-17T23:20:07.940336Z,Jordan-ply_bcb80069-fb0c-4ba5-a45c-06b647870aeb:v218,f1cf890b-42d5-4cca-98cc-782774a7e9a7,Jordan,9,Demon Hunter,BlueTeam,6170,375,60.777957860615885,15,0,0,8,60.777957860615885,0.0,0.0,0,0,20,0
ereq_200d7932-b974-4212-8971-0a1ef273c49c,2026-09-17T23:20:07.916172Z,relh-gods-of-the-arena:v145,6daf9052-7877-4dc4-b1b3-e03f479b8b55,relh,0,Death Knight,RedTeam,5687,150,26.375945138034112,6,0,0,6,26.375945138034112,0.0,0.0,2,0,6,0
ereq_200d7932-b974-4212-8971-0a1ef273c49c,2026-09-17T23:20:07.916172Z,gota-g003:v2,8cea4626-a0f1-4dd0-b066-58e6bd194ad3,Scott Smith,1,Crossbowman,RedTeam,5687,325,57.14788113240724,13,0,0,6,57.14788113240724,0.0,0.0,6,0,6,0
ereq_200d7932-b974-4212-8971-0a1ef273c49c,2026-09-17T23:20:07.916172Z,gota-codex-side-aware-team-secondary-20260917:v1,a7551ee6-ef55-48f0-81bc-d1ba68ca54c2,daveey-2,2,Lich,RedTeam,5687,1950,342.88728679444347,48,5,0,4,211.0075611042729,131.87972569017057,0.0,6,5,6,0
ereq_200d7932-b974-4212-8971-0a1ef273c49c,2026-09-17T23:20:07.916172Z,Jordan-ply_bcb80069-fb0c-4ba5-a45c-06b647870aeb:v218,f1cf890b-42d5-4cca-98cc-782774a7e9a7,Jordan,3,Warlock,RedTeam,5687,450,79.12783541410234,18,0,0,6,79.12783541410234,0.0,0.0,0,0,6,0
ereq_200d7932-b974-4212-8971-0a1ef273c49c,2026-09-17T23:20:07.916172Z,james-botts-gota:v13,40d72eea-ac61-44b0-aaf4-7828fbf30170,James Botts,4,Berserker,RedTeam,5687,1000,175.83963425356075,40,0,0,2,175.83963425356075,0.0,0.0,2,0,6,0
ereq_200d7932-b974-4212-8971-0a1ef273c49c,2026-09-17T23:20:07.916172Z,black-kite:v16,d10d7d74-40a7-4f6c-8838-e09729160349,Andrew Brower B,5,Vanguard Knight,BlueTeam,5687,825,145.0676982591876,29,0,1,1,127.48373483383155,0.0,17.583963425356075,1,0,24,1
ereq_200d7932-b974-4212-8971-0a1ef273c49c,2026-09-17T23:20:07.916172Z,gota-g002:v1,a30542cb-54de-4109-92e6-bcabca7db4d8,Alex Smith,6,Ranger,BlueTeam,5687,2725,479.163003340953,37,12,0,1,162.65166168454368,316.51134165640934,0.0,16,12,24,1
ereq_200d7932-b974-4212-8971-0a1ef273c49c,2026-09-17T23:20:07.916172Z,khors:v1,fa00903c-0ba4-4eec-b20f-4c082550d80f,Andre von Auto,7,Arcanist,BlueTeam,5687,1300,228.59152452962897,16,4,3,1,70.3358537014243,105.50378055213645,52.751890276068224,7,4,24,1
ereq_200d7932-b974-4212-8971-0a1ef273c49c,2026-09-17T23:20:07.916172Z,gota-vanguard-rally-hold:v1,3ccd4955-3d9c-4c79-a243-e5dc12d650ad,daveey,8,Druid Warden,BlueTeam,5687,300,52.751890276068224,2,1,1,2,8.791981712678037,26.375945138034112,17.583963425356075,5,1,24,1
ereq_200d7932-b974-4212-8971-0a1ef273c49c,2026-09-17T23:20:07.916172Z,aaron-gota-ir-perimeter-blue_repair-0916-aaron:v1,b64f1ccb-02e1-4ad5-b75b-f374222e9e9a,Aaron,9,Demon Hunter,BlueTeam,5687,2425,426.41111306488483,33,6,7,1,145.0676982591876,158.25567082820467,123.08774397749252,9,6,24,1
ereq_5e9b8ae9-ba3e-4303-bfc9-1c51e916a5cd,2026-09-17T23:20:07.933890Z,black-kite:v16,d10d7d74-40a7-4f6c-8838-e09729160349,Andrew Brower B,0,Death Knight,RedTeam,5235,1150,219.67526265520536,36,1,1,2,171.91977077363896,28.653295128939828,19.10219675262655,2,1,15,1
ereq_5e9b8ae9-ba3e-4303-bfc9-1c51e916a5cd,2026-09-17T23:20:07.933890Z,aaron-gota-ir-perimeter-blue_repair-0916-aaron:v1,b64f1ccb-02e1-4ad5-b75b-f374222e9e9a,Aaron,1,Crossbowman,RedTeam,5235,2200,420.24832855778413,26,9,2,0,124.16427889207259,257.87965616045847,38.2043935052531,10,9,15,1
ereq_5e9b8ae9-ba3e-4303-bfc9-1c51e916a5cd,2026-09-17T23:20:07.933890Z,relh-gods-of-the-arena:v145,6daf9052-7877-4dc4-b1b3-e03f479b8b55,relh,2,Lich,RedTeam,5235,1275,243.55300859598853,31,2,2,1,148.0420248328558,57.306590257879655,38.2043935052531,6,2,15,1
ereq_5e9b8ae9-ba3e-4303-bfc9-1c51e916a5cd,2026-09-17T23:20:07.933890Z,macromackie-gota:v3,e3a136c1-ad8d-44c7-b9d7-e4c65a3185cf,macromackie,3,Warlock,RedTeam,5235,525,100.2865329512894,21,0,0,2,100.2865329512894,0.0,0.0,1,0,15,1
ereq_5e9b8ae9-ba3e-4303-bfc9-1c51e916a5cd,2026-09-17T23:20:07.933890Z,aaron-gota-ir-coordinated-support-anchor-0916:v1,9cedf3ff-c7ce-4cff-897f-d48b44e049ad,Aaron's Co-play Coach,4,Berserker,RedTeam,5235,1250,238.7774594078319,18,2,5,1,85.95988538681948,57.306590257879655,95.51098376313276,4,1,15,1
ereq_5e9b8ae9-ba3e-4303-bfc9-1c51e916a5cd,2026-09-17T23:20:07.933890Z,red-kite:v34,a4590ed4-0b0c-4d86-8968-0844796f30e0,Andrew Brower,5,Vanguard Knight,BlueTeam,5235,350,66.85768863419293,14,0,0,1,66.85768863419293,0.0,0.0,1,0,6,0
ereq_5e9b8ae9-ba3e-4303-bfc9-1c51e916a5cd,2026-09-17T23:20:07.933890Z,james-botts-gota:v13,40d72eea-ac61-44b0-aaf4-7828fbf30170,James Botts,6,Ranger,BlueTeam,5235,475,90.73543457497613,19,0,0,5,90.73543457497613,0.0,0.0,1,0,6,0
ereq_5e9b8ae9-ba3e-4303-bfc9-1c51e916a5cd,2026-09-17T23:20:07.933890Z,gota-vanguard-rally-hold:v1,3ccd4955-3d9c-4c79-a243-e5dc12d650ad,daveey,7,Arcanist,BlueTeam,5235,900,171.91977077363896,30,1,0,7,143.26647564469914,28.653295128939828,0.0,4,1,6,0
ereq_5e9b8ae9-ba3e-4303-bfc9-1c51e916a5cd,2026-09-17T23:20:07.933890Z,gota-codex-side-aware-team-secondary-20260917:v1,a7551ee6-ef55-48f0-81bc-d1ba68ca54c2,daveey-2,8,Druid Warden,BlueTeam,5235,1025,195.79751671442216,29,2,0,1,138.4909264565425,57.306590257879655,0.0,2,2,6,0
ereq_5e9b8ae9-ba3e-4303-bfc9-1c51e916a5cd,2026-09-17T23:20:07.933890Z,gota-g002:v1,a30542cb-54de-4109-92e6-bcabca7db4d8,Alex Smith,9,Demon Hunter,BlueTeam,5235,2150,410.69723018147084,52,3,4,1,248.32855778414518,85.95988538681948,76.4087870105062,3,3,6,0
ereq_0ccbaa27-0bda-43a8-9cca-eacf17607fe2,2026-09-17T23:20:07.925982Z,red-kite:v34,a4590ed4-0b0c-4d86-8968-0844796f30e0,Andrew Brower,0,Death Knight,RedTeam,4754,1075,226.12536811106438,43,0,0,1,226.12536811106438,0.0,0.0,0,0,11,1
ereq_0ccbaa27-0bda-43a8-9cca-eacf17607fe2,2026-09-17T23:20:07.925982Z,Jordan-ply_bcb80069-fb0c-4ba5-a45c-06b647870aeb:v218,f1cf890b-42d5-4cca-98cc-782774a7e9a7,Jordan,1,Crossbowman,RedTeam,4754,1050,220.86663862010937,20,3,1,1,105.17458981909971,94.65713083718974,21.03491796381994,6,3,11,1
ereq_0ccbaa27-0bda-43a8-9cca-eacf17607fe2,2026-09-17T23:20:07.925982Z,black-kite:v16,d10d7d74-40a7-4f6c-8838-e09729160349,Andrew Brower B,2,Lich,RedTeam,4754,825,173.53807320151452,27,1,0,3,141.9856962557846,31.55237694572991,0.0,3,1,11,1
ereq_0ccbaa27-0bda-43a8-9cca-eacf17607fe2,2026-09-17T23:20:07.925982Z,richard-gods-of-the-arena:v78,881a807d-68ab-4a62-9b6c-e98694cf0bc3,richard,3,Warlock,RedTeam,4754,625,131.46823727387462,15,1,1,2,78.88094236432478,31.55237694572991,21.03491796381994,7,1,11,1
ereq_0ccbaa27-0bda-43a8-9cca-eacf17607fe2,2026-09-17T23:20:07.925982Z,macromackie-gota:v3,e3a136c1-ad8d-44c7-b9d7-e4c65a3185cf,macromackie,4,Berserker,RedTeam,4754,1500,315.5237694572991,18,5,3,1,94.65713083718974,157.76188472864956,63.10475389145982,8,5,11,1
ereq_0ccbaa27-0bda-43a8-9cca-eacf17607fe2,2026-09-17T23:20:07.925982Z,james-botts-gota:v13,40d72eea-ac61-44b0-aaf4-7828fbf30170,James Botts,5,Vanguard Knight,BlueTeam,4754,100,21.03491796381994,4,0,0,1,21.03491796381994,0.0,0.0,5,0,8,0
ereq_0ccbaa27-0bda-43a8-9cca-eacf17607fe2,2026-09-17T23:20:07.925982Z,relh-gods-of-the-arena:v145,6daf9052-7877-4dc4-b1b3-e03f479b8b55,relh,6,Ranger,BlueTeam,4754,1475,310.26503996634415,35,4,0,1,184.05553218342448,126.20950778291964,0.0,5,4,8,0
ereq_0ccbaa27-0bda-43a8-9cca-eacf17607fe2,2026-09-17T23:20:07.925982Z,aaron-gota-ir-perimeter-blue_repair-0916-aaron:v1,b64f1ccb-02e1-4ad5-b75b-f374222e9e9a,Aaron,7,Arcanist,BlueTeam,4754,450,94.65713083718974,14,0,1,0,73.62221287336979,0.0,21.03491796381994,4,0,8,0
ereq_0ccbaa27-0bda-43a8-9cca-eacf17607fe2,2026-09-17T23:20:07.925982Z,aaron-gota-ir-coordinated-support-anchor-0916:v1,9cedf3ff-c7ce-4cff-897f-d48b44e049ad,Aaron's Co-play Coach,8,Druid Warden,BlueTeam,4754,875,184.05553218342448,17,1,3,1,89.39840134623475,31.55237694572991,63.10475389145982,6,1,8,0
ereq_0ccbaa27-0bda-43a8-9cca-eacf17607fe2,2026-09-17T23:20:07.925982Z,gota-g003:v2,8cea4626-a0f1-4dd0-b066-58e6bd194ad3,Scott Smith,9,Demon Hunter,BlueTeam,4754,775,163.02061421960454,13,3,0,8,68.36348338241481,94.65713083718974,0.0,4,3,8,0
ereq_482b54c6-02ce-4b2a-b95b-81b48b369667,2026-09-17T23:20:07.928323Z,games-bond-gota:v6,58af3f96-f479-4fc3-b777-276e53f48b06,Games Bond,0,Death Knight,RedTeam,11219,350,31.1970763882699,14,0,0,5,31.1970763882699,0.0,0.0,9,0,31,0
ereq_482b54c6-02ce-4b2a-b95b-81b48b369667,2026-09-17T23:20:07.928323Z,gota-g002:v1,a30542cb-54de-4109-92e6-bcabca7db4d8,Alex Smith,1,Crossbowman,RedTeam,11219,4325,385.50672965504947,79,13,4,3,176.04064533380873,173.81228273464657,35.65380158659417,14,13,31,0
ereq_482b54c6-02ce-4b2a-b95b-81b48b369667,2026-09-17T23:20:07.928323Z,red-kite:v34,a4590ed4-0b0c-4d86-8968-0844796f30e0,Andrew Brower,2,Lich,RedTeam,11219,2775,247.34824850699707,87,4,0,7,193.8675461271058,53.480702379891255,0.0,7,4,31,0
ereq_482b54c6-02ce-4b2a-b95b-81b48b369667,2026-09-17T23:20:07.928323Z,black-kite:v16,d10d7d74-40a7-4f6c-8838-e09729160349,Andrew Brower B,3,Warlock,RedTeam,11219,2200,196.09590872626794,52,6,0,5,115.87485515643105,80.22105356983688,0.0,8,6,31,0
ereq_482b54c6-02ce-4b2a-b95b-81b48b369667,2026-09-17T23:20:07.928323Z,Polyworld GOTA base.bas:v1,e8aed568-d03c-49bf-beaf-68c731f05d26,Andre von Houck,4,Berserker,RedTeam,11219,2600,231.7497103128621,68,6,0,5,151.52865674302524,80.22105356983688,0.0,10,6,31,0
ereq_482b54c6-02ce-4b2a-b95b-81b48b369667,2026-09-17T23:20:07.928323Z,aaron-gota-ir-perimeter-blue_repair-0916-aaron:v1,b64f1ccb-02e1-4ad5-b75b-f374222e9e9a,Aaron,5,Vanguard Knight,BlueTeam,11219,775,69.0792405740262,15,2,1,6,33.42543898743204,26.740351189945628,8.913450396648543,4,2,25,1
ereq_482b54c6-02ce-4b2a-b95b-81b48b369667,2026-09-17T23:20:07.928323Z,relh-gods-of-the-arena:v145,6daf9052-7877-4dc4-b1b3-e03f479b8b55,relh,6,Ranger,BlueTeam,11219,3075,274.0885996969427,89,5,1,11,198.32427132543006,66.85087797486408,8.913450396648543,5,5,25,1
ereq_482b54c6-02ce-4b2a-b95b-81b48b369667,2026-09-17T23:20:07.928323Z,khors:v1,fa00903c-0ba4-4eec-b20f-4c082550d80f,Andre von Auto,7,Arcanist,BlueTeam,11219,2325,207.23772172207862,57,6,0,8,127.01666815224173,80.22105356983688,0.0,8,5,25,1
ereq_482b54c6-02ce-4b2a-b95b-81b48b369667,2026-09-17T23:20:07.928323Z,james-botts-gota:v13,40d72eea-ac61-44b0-aaf4-7828fbf30170,James Botts,8,Druid Warden,BlueTeam,11219,1000,89.13450396648543,40,0,0,2,89.13450396648543,0.0,0.0,7,0,25,1
ereq_482b54c6-02ce-4b2a-b95b-81b48b369667,2026-09-17T23:20:07.928323Z,aaron-gota-ir-coordinated-support-anchor-0916:v1,9cedf3ff-c7ce-4cff-897f-d48b44e049ad,Aaron's Co-play Coach,9,Demon Hunter,BlueTeam,11219,3700,329.7976646759961,62,9,8,4,138.1584811480524,120.33158035475533,71.30760317318834,10,9,25,1
ereq_5bdf62c7-7e64-4137-9dc2-64f24f9e7673,2026-09-17T23:20:07.930383Z,gota-codex-side-aware-team-secondary-20260917:v1,a7551ee6-ef55-48f0-81bc-d1ba68ca54c2,daveey-2,0,Death Knight,RedTeam,11362,625,55.00792114064425,21,0,1,5,46.20665375814117,0.0,8.801267382503081,3,0,18,0
ereq_5bdf62c7-7e64-4137-9dc2-64f24f9e7673,2026-09-17T23:20:07.930383Z,james-botts-gota:v13,40d72eea-ac61-44b0-aaf4-7828fbf30170,James Botts,1,Crossbowman,RedTeam,11362,2500,220.031684562577,76,4,0,2,167.22408026755852,52.807604295018486,0.0,4,4,18,0
ereq_5bdf62c7-7e64-4137-9dc2-64f24f9e7673,2026-09-17T23:20:07.930383Z,relh-gods-of-the-arena:v145,6daf9052-7877-4dc4-b1b3-e03f479b8b55,relh,2,Lich,RedTeam,11362,3525,310.2446752332336,107,5,1,11,235.4339024819574,66.0095053687731,8.801267382503081,5,4,18,0
ereq_5bdf62c7-7e64-4137-9dc2-64f24f9e7673,2026-09-17T23:20:07.930383Z,macromackie-gota:v3,e3a136c1-ad8d-44c7-b9d7-e4c65a3185cf,macromackie,3,Warlock,RedTeam,11362,1425,125.41806020066889,39,3,0,10,85.81235697940504,39.60570322126386,0.0,7,3,18,0
ereq_5bdf62c7-7e64-4137-9dc2-64f24f9e7673,2026-09-17T23:20:07.930383Z,nancy-goa:v2,2777766f-4931-4fd9-83f2-44a3f509ede1,NanosaurusX,4,Berserker,RedTeam,11362,2200,193.62788241506777,54,5,1,12,118.81710966379158,66.0095053687731,8.801267382503081,8,5,18,0
ereq_5bdf62c7-7e64-4137-9dc2-64f24f9e7673,2026-09-17T23:20:07.930383Z,aaron-gota-ir-perimeter-blue_repair-0916-aaron:v1,b64f1ccb-02e1-4ad5-b75b-f374222e9e9a,Aaron,5,Vanguard Knight,BlueTeam,11362,1225,107.81552543566274,31,3,0,6,68.20982221439887,39.60570322126386,0.0,9,3,40,1
ereq_5bdf62c7-7e64-4137-9dc2-64f24f9e7673,2026-09-17T23:20:07.930383Z,gota-vanguard-rally-hold:v1,3ccd4955-3d9c-4c79-a243-e5dc12d650ad,daveey,6,Ranger,BlueTeam,11362,3225,283.84087308572435,63,11,0,3,138.61996127442353,145.22091181130082,0.0,11,11,40,1
ereq_5bdf62c7-7e64-4137-9dc2-64f24f9e7673,2026-09-17T23:20:07.930383Z,black-kite:v16,d10d7d74-40a7-4f6c-8838-e09729160349,Andrew Brower B,7,Arcanist,BlueTeam,11362,3300,290.44182362260165,58,11,2,2,127.61837704629467,145.22091181130082,17.602534765006162,15,11,40,1
ereq_5bdf62c7-7e64-4137-9dc2-64f24f9e7673,2026-09-17T23:20:07.930383Z,red-kite:v34,a4590ed4-0b0c-4d86-8968-0844796f30e0,Andrew Brower,8,Druid Warden,BlueTeam,11362,1500,132.0190107375462,46,1,2,2,101.21457489878543,13.201901073754621,17.602534765006162,14,1,40,1
ereq_5bdf62c7-7e64-4137-9dc2-64f24f9e7673,2026-09-17T23:20:07.930383Z,aaron-gota-ir-coordinated-support-anchor-0916:v1,9cedf3ff-c7ce-4cff-897f-d48b44e049ad,Aaron's Co-play Coach,9,Demon Hunter,BlueTeam,11362,4775,420.26051751452206,81,13,8,5,178.22566449568737,171.62471395881008,70.41013906002465,16,13,40,1
ereq_fd1a355e-99ee-40ee-8a58-09dda8f540c3,2026-09-17T23:20:07.911056Z,macromackie-gota:v3,e3a136c1-ad8d-44c7-b9d7-e4c65a3185cf,macromackie,0,Death Knight,RedTeam,10857,2100,193.42359767891682,38,5,4,4,87.50115133093857,69.07985631389887,36.84259003407939,16,5,46,1
ereq_fd1a355e-99ee-40ee-8a58-09dda8f540c3,2026-09-17T23:20:07.911056Z,gota-g002:v1,a30542cb-54de-4109-92e6-bcabca7db4d8,Alex Smith,1,Crossbowman,RedTeam,10857,1300,119.73841761075803,26,3,2,6,59.86920880537902,41.44791378833932,18.421295017039697,11,3,46,1
ereq_fd1a355e-99ee-40ee-8a58-09dda8f540c3,2026-09-17T23:20:07.911056Z,red-kite:v34,a4590ed4-0b0c-4d86-8968-0844796f30e0,Andrew Brower,2,Lich,RedTeam,10857,4350,400.6631666206134,60,19,0,2,138.15971262779775,262.5034539928157,0.0,26,19,46,1
ereq_fd1a355e-99ee-40ee-8a58-09dda8f540c3,2026-09-17T23:20:07.911056Z,richard-gods-of-the-arena:v78,881a807d-68ab-4a62-9b6c-e98694cf0bc3,richard,3,Warlock,RedTeam,10857,2400,221.0555402044764,52,6,2,7,119.73841761075803,82.89582757667864,18.421295017039697,12,6,46,1
ereq_fd1a355e-99ee-40ee-8a58-09dda8f540c3,2026-09-17T23:20:07.911056Z,aaron-gota-ir-coordinated-support-anchor-0916:v1,9cedf3ff-c7ce-4cff-897f-d48b44e049ad,Aaron's Co-play Coach,4,Berserker,RedTeam,10857,4275,393.75518098922356,95,12,1,5,218.75287832734642,165.79165515335728,9.210647508519848,15,12,46,1
ereq_fd1a355e-99ee-40ee-8a58-09dda8f540c3,2026-09-17T23:20:07.911056Z,Polyworld GOTA base.bas:v1,e8aed568-d03c-49bf-beaf-68c731f05d26,Andre von Houck,5,Vanguard Knight,BlueTeam,10857,1350,124.34374136501796,24,5,0,12,55.2638850511191,69.07985631389887,0.0,11,5,24,0
ereq_fd1a355e-99ee-40ee-8a58-09dda8f540c3,2026-09-17T23:20:07.911056Z,gota-codex-side-aware-team-secondary-20260917:v1,a7551ee6-ef55-48f0-81bc-d1ba68ca54c2,daveey-2,6,Ranger,BlueTeam,10857,2700,248.68748273003592,84,4,0,5,193.42359767891682,55.2638850511191,0.0,7,4,24,0
ereq_fd1a355e-99ee-40ee-8a58-09dda8f540c3,2026-09-17T23:20:07.911056Z,james-botts-gota:v13,40d72eea-ac61-44b0-aaf4-7828fbf30170,James Botts,7,Arcanist,BlueTeam,10857,2675,246.38482085290596,83,4,0,5,191.12093580178686,55.2638850511191,0.0,13,4,24,0
ereq_fd1a355e-99ee-40ee-8a58-09dda8f540c3,2026-09-17T23:20:07.911056Z,black-kite:v16,d10d7d74-40a7-4f6c-8838-e09729160349,Andrew Brower B,8,Druid Warden,BlueTeam,10857,1350,124.34374136501796,54,0,0,12,124.34374136501796,0.0,0.0,5,0,24,0
ereq_fd1a355e-99ee-40ee-8a58-09dda8f540c3,2026-09-17T23:20:07.911056Z,Jordan-ply_bcb80069-fb0c-4ba5-a45c-06b647870aeb:v218,f1cf890b-42d5-4cca-98cc-782774a7e9a7,Jordan,9,Demon Hunter,BlueTeam,10857,2100,193.42359767891682,36,6,3,12,82.89582757667864,82.89582757667864,27.63194252555955,8,6,24,0
ereq_ad87f5d8-d8df-4647-b950-6bc350b72baa,2026-09-17T23:26:41.382793Z,aaron-gota-ir-coordinated-support-anchor-0916:v1,9cedf3ff-c7ce-4cff-897f-d48b44e049ad,Aaron's Co-play Coach,0,Death Knight,RedTeam,4973,950,191.0315704805952,24,1,2,2,120.65151819827067,30.162879549567666,40.217172732756886,3,1,9,0
ereq_ad87f5d8-d8df-4647-b950-6bc350b72baa,2026-09-17T23:26:41.382793Z,red-kite:v34,a4590ed4-0b0c-4d86-8968-0844796f30e0,Andrew Brower,1,Crossbowman,RedTeam,4973,825,165.89583752262217,29,0,1,1,145.7872511562437,0.0,20.108586366378443,4,0,9,0
ereq_ad87f5d8-d8df-4647-b950-6bc350b72baa,2026-09-17T23:26:41.382793Z,relh-gods-of-the-arena:v145,6daf9052-7877-4dc4-b1b3-e03f479b8b55,relh,2,Lich,RedTeam,4973,1225,246.33018298813593,31,3,0,1,155.84154433943294,90.488638648703,0.0,4,3,9,0
ereq_ad87f5d8-d8df-4647-b950-6bc350b72baa,2026-09-17T23:26:41.382793Z,black-kite:v16,d10d7d74-40a7-4f6c-8838-e09729160349,Andrew Brower B,3,Warlock,RedTeam,4973,625,125.67866478986527,13,2,0,1,65.35290569072994,60.32575909913533,0.0,4,2,9,0
ereq_ad87f5d8-d8df-4647-b950-6bc350b72baa,2026-09-17T23:26:41.382793Z,Jordan-ply_bcb80069-fb0c-4ba5-a45c-06b647870aeb:v218,f1cf890b-42d5-4cca-98cc-782774a7e9a7,Jordan,4,Berserker,RedTeam,4973,850,170.92298411421677,18,2,1,1,90.488638648703,60.32575909913533,20.108586366378443,3,2,9,0
ereq_ad87f5d8-d8df-4647-b950-6bc350b72baa,2026-09-17T23:26:41.382793Z,gota-codex-side-aware-team-secondary-20260917:v1,a7551ee6-ef55-48f0-81bc-d1ba68ca54c2,daveey-2,5,Vanguard Knight,BlueTeam,4973,250,50.27146591594611,10,0,0,4,50.27146591594611,0.0,0.0,1,0,6,1
ereq_ad87f5d8-d8df-4647-b950-6bc350b72baa,2026-09-17T23:26:41.382793Z,aaron-gota-ir-perimeter-blue_repair-0916-aaron:v1,b64f1ccb-02e1-4ad5-b75b-f374222e9e9a,Aaron,6,Ranger,BlueTeam,4973,2500,502.71465915946106,50,3,8,0,251.35732957973053,90.488638648703,160.86869093102754,3,3,6,1
ereq_ad87f5d8-d8df-4647-b950-6bc350b72baa,2026-09-17T23:26:41.382793Z,gota-g002:v1,a30542cb-54de-4109-92e6-bcabca7db4d8,Alex Smith,7,Arcanist,BlueTeam,4973,1500,301.6287954956766,36,2,3,1,180.977277297406,60.32575909913533,60.32575909913533,2,2,6,1
ereq_ad87f5d8-d8df-4647-b950-6bc350b72baa,2026-09-17T23:26:41.382793Z,khors:v1,fa00903c-0ba4-4eec-b20f-4c082550d80f,Andre von Auto,8,Druid Warden,BlueTeam,4973,350,70.38005228232456,14,0,0,3,70.38005228232456,0.0,0.0,1,0,6,1
ereq_ad87f5d8-d8df-4647-b950-6bc350b72baa,2026-09-17T23:26:41.382793Z,james-botts-gota:v13,40d72eea-ac61-44b0-aaf4-7828fbf30170,James Botts,9,Demon Hunter,BlueTeam,4973,75,15.081439774783833,3,0,0,1,15.081439774783833,0.0,0.0,1,0,6,1
ereq_6159ef11-5db2-4bcb-9d3b-438c76ca8d7c,2026-09-17T23:26:41.397190Z,aaron-gota-ir-coordinated-support-anchor-0916:v1,9cedf3ff-c7ce-4cff-897f-d48b44e049ad,Aaron's Co-play Coach,0,Death Knight,RedTeam,3487,650,186.4066532836249,14,0,3,0,100.37281330656725,0.0,86.03383997705764,3,0,4,1
ereq_6159ef11-5db2-4bcb-9d3b-438c76ca8d7c,2026-09-17T23:26:41.397190Z,richard-gods-of-the-arena:v78,881a807d-68ab-4a62-9b6c-e98694cf0bc3,richard,1,Crossbowman,RedTeam,3487,450,129.05075996558645,18,0,0,4,129.05075996558645,0.0,0.0,1,0,4,1
ereq_6159ef11-5db2-4bcb-9d3b-438c76ca8d7c,2026-09-17T23:26:41.397190Z,aaron-gota-ir-perimeter-blue_repair-0916-aaron:v1,b64f1ccb-02e1-4ad5-b75b-f374222e9e9a,Aaron,2,Lich,RedTeam,3487,1200,344.13535990823055,14,3,4,0,100.37281330656725,129.05075996558645,114.71178663607685,3,3,4,1
ereq_6159ef11-5db2-4bcb-9d3b-438c76ca8d7c,2026-09-17T23:26:41.397190Z,relh-gods-of-the-arena:v145,6daf9052-7877-4dc4-b1b3-e03f479b8b55,relh,3,Warlock,RedTeam,3487,600,172.06767995411528,24,0,0,3,172.06767995411528,0.0,0.0,2,0,4,1
ereq_6159ef11-5db2-4bcb-9d3b-438c76ca8d7c,2026-09-17T23:26:41.397190Z,gota-g002:v1,a30542cb-54de-4109-92e6-bcabca7db4d8,Alex Smith,4,Berserker,RedTeam,3487,25,7.169486664754803,1,0,0,2,7.169486664754803,0.0,0.0,1,0,4,1
ereq_6159ef11-5db2-4bcb-9d3b-438c76ca8d7c,2026-09-17T23:26:41.397190Z,macromackie-gota:v4,1a78a3f9-8112-4c2c-831a-f0ffee8dbacc,macromackie,5,Vanguard Knight,BlueTeam,3487,1225,351.30484657298535,17,4,2,0,121.88127330083167,172.06767995411528,57.355893318038426,8,4,9,0
ereq_6159ef11-5db2-4bcb-9d3b-438c76ca8d7c,2026-09-17T23:26:41.397190Z,black-kite:v16,d10d7d74-40a7-4f6c-8838-e09729160349,Andrew Brower B,6,Ranger,BlueTeam,3487,1275,365.64381990249495,25,3,2,0,179.23716661887008,129.05075996558645,57.355893318038426,4,3,9,0
ereq_6159ef11-5db2-4bcb-9d3b-438c76ca8d7c,2026-09-17T23:26:41.397190Z,nancy-goa:v2,2777766f-4931-4fd9-83f2-44a3f509ede1,NanosaurusX,7,Arcanist,BlueTeam,3487,625,179.23716661887008,15,1,1,0,107.54229997132205,43.01691998852882,28.677946659019213,4,1,9,0
ereq_6159ef11-5db2-4bcb-9d3b-438c76ca8d7c,2026-09-17T23:26:41.397190Z,red-kite:v34,a4590ed4-0b0c-4d86-8968-0844796f30e0,Andrew Brower,8,Druid Warden,BlueTeam,3487,275,78.86435331230284,7,0,1,1,50.186406653283626,0.0,28.677946659019213,4,0,9,0
ereq_6159ef11-5db2-4bcb-9d3b-438c76ca8d7c,2026-09-17T23:26:41.397190Z,james-botts-gota:v13,40d72eea-ac61-44b0-aaf4-7828fbf30170,James Botts,9,Demon Hunter,BlueTeam,3487,225,64.52537998279323,9,0,0,3,64.52537998279323,0.0,0.0,1,0,9,0
ereq_8c77075e-67ec-47c1-b38c-a78b123044a4,2026-09-17T23:26:41.392247Z,aaron-gota-ir-perimeter-blue_repair-0916-aaron:v1,b64f1ccb-02e1-4ad5-b75b-f374222e9e9a,Aaron,0,Death Knight,RedTeam,3324,450,135.37906137184115,6,2,0,1,45.12635379061372,90.25270758122744,0.0,2,2,7,0
ereq_8c77075e-67ec-47c1-b38c-a78b123044a4,2026-09-17T23:26:41.392247Z,black-kite:v16,d10d7d74-40a7-4f6c-8838-e09729160349,Andrew Brower B,1,Crossbowman,RedTeam,3324,1125,338.4476534296029,29,2,1,0,218.11070998796632,90.25270758122744,30.084235860409144,2,2,7,0
ereq_8c77075e-67ec-47c1-b38c-a78b123044a4,2026-09-17T23:26:41.392247Z,james-botts-gota:v13,40d72eea-ac61-44b0-aaf4-7828fbf30170,James Botts,2,Lich,RedTeam,3324,225,67.68953068592057,9,0,0,1,67.68953068592057,0.0,0.0,2,0,7,0
ereq_8c77075e-67ec-47c1-b38c-a78b123044a4,2026-09-17T23:26:41.392247Z,gota-g003:v2,8cea4626-a0f1-4dd0-b066-58e6bd194ad3,Scott Smith,3,Warlock,RedTeam,3324,450,135.37906137184115,6,2,0,3,45.12635379061372,90.25270758122744,0.0,2,2,7,0
ereq_8c77075e-67ec-47c1-b38c-a78b123044a4,2026-09-17T23:26:41.392247Z,macromackie-gota:v4,1a78a3f9-8112-4c2c-831a-f0ffee8dbacc,macromackie,4,Berserker,RedTeam,3324,725,218.11070998796632,19,1,1,1,142.90012033694344,45.12635379061372,30.084235860409144,2,1,7,0
ereq_8c77075e-67ec-47c1-b38c-a78b123044a4,2026-09-17T23:26:41.392247Z,red-kite:v34,a4590ed4-0b0c-4d86-8968-0844796f30e0,Andrew Brower,5,Vanguard Knight,BlueTeam,3324,150,45.12635379061372,6,0,0,2,45.12635379061372,0.0,0.0,0,0,6,1
ereq_8c77075e-67ec-47c1-b38c-a78b123044a4,2026-09-17T23:26:41.392247Z,games-bond-gota:v6,58af3f96-f479-4fc3-b777-276e53f48b06,Games Bond,6,Ranger,BlueTeam,3324,450,135.37906137184115,0,3,0,2,0.0,135.37906137184115,0.0,3,3,6,1
ereq_8c77075e-67ec-47c1-b38c-a78b123044a4,2026-09-17T23:26:41.392247Z,daf-gota-v1:v1,e7d1ba41-3be1-4785-815d-b3c9ad8f46b9,docxology,7,Arcanist,BlueTeam,3324,500,150.42117930204572,20,0,0,3,150.42117930204572,0.0,0.0,1,0,6,1
ereq_8c77075e-67ec-47c1-b38c-a78b123044a4,2026-09-17T23:26:41.392247Z,gota-codex-side-aware-team-secondary-20260917:v1,a7551ee6-ef55-48f0-81bc-d1ba68ca54c2,daveey-2,8,Druid Warden,BlueTeam,3324,500,150.42117930204572,10,1,1,0,75.21058965102286,45.12635379061372,30.084235860409144,3,1,6,1
ereq_8c77075e-67ec-47c1-b38c-a78b123044a4,2026-09-17T23:26:41.392247Z,aaron-gota-ir-coordinated-support-anchor-0916:v1,9cedf3ff-c7ce-4cff-897f-d48b44e049ad,Aaron's Co-play Coach,9,Demon Hunter,BlueTeam,3324,1425,428.7003610108303,25,2,5,0,188.02647412755715,90.25270758122744,150.42117930204572,3,2,6,1
ereq_9a8d09e1-cdc6-4c9e-82e3-13cca8d2e0f1,2026-09-17T23:26:41.374634Z,red-kite:v34,a4590ed4-0b0c-4d86-8968-0844796f30e0,Andrew Brower,0,Death Knight,RedTeam,4351,400,91.93288899103655,16,0,0,1,91.93288899103655,0.0,0.0,0,0,7,0
ereq_9a8d09e1-cdc6-4c9e-82e3-13cca8d2e0f1,2026-09-17T23:26:41.374634Z,Jordan-ply_bcb80069-fb0c-4ba5-a45c-06b647870aeb:v218,f1cf890b-42d5-4cca-98cc-782774a7e9a7,Jordan,1,Crossbowman,RedTeam,4351,675,155.13675017237418,7,2,2,0,40.220638933578485,68.9496667432774,45.966444495518274,4,2,7,0
ereq_9a8d09e1-cdc6-4c9e-82e3-13cca8d2e0f1,2026-09-17T23:26:41.374634Z,richard-gods-of-the-arena:v78,881a807d-68ab-4a62-9b6c-e98694cf0bc3,richard,2,Lich,RedTeam,4351,1650,379.2231670880257,36,5,0,3,206.84900022983223,172.37416685819352,0.0,5,5,7,0
ereq_9a8d09e1-cdc6-4c9e-82e3-13cca8d2e0f1,2026-09-17T23:26:41.374634Z,black-kite:v16,d10d7d74-40a7-4f6c-8838-e09729160349,Andrew Brower B,3,Warlock,RedTeam,4351,450,103.42450011491611,14,0,1,1,80.44127786715697,0.0,22.983222247759137,0,0,7,0
ereq_9a8d09e1-cdc6-4c9e-82e3-13cca8d2e0f1,2026-09-17T23:26:41.374634Z,relh-gods-of-the-arena:v145,6daf9052-7877-4dc4-b1b3-e03f479b8b55,relh,4,Berserker,RedTeam,4351,250,57.45805561939784,10,0,0,4,57.45805561939784,0.0,0.0,3,0,7,0
ereq_9a8d09e1-cdc6-4c9e-82e3-13cca8d2e0f1,2026-09-17T23:26:41.374634Z,gota-vanguard-rally-hold:v1,3ccd4955-3d9c-4c79-a243-e5dc12d650ad,daveey,5,Vanguard Knight,BlueTeam,4351,375,86.18708342909676,9,1,0,3,51.71225005745806,34.4748333716387,0.0,3,1,9,1
ereq_9a8d09e1-cdc6-4c9e-82e3-13cca8d2e0f1,2026-09-17T23:26:41.374634Z,aaron-gota-ir-perimeter-blue_repair-0916-aaron:v1,b64f1ccb-02e1-4ad5-b75b-f374222e9e9a,Aaron,6,Ranger,BlueTeam,4351,1975,453.9186393932429,21,5,7,0,120.66191680073547,172.37416685819352,160.88255573431394,6,5,9,1
ereq_9a8d09e1-cdc6-4c9e-82e3-13cca8d2e0f1,2026-09-17T23:26:41.374634Z,nancy-goa:v2,2777766f-4931-4fd9-83f2-44a3f509ede1,NanosaurusX,7,Arcanist,BlueTeam,4351,1450,333.25672259250746,38,2,2,3,218.34061135371178,68.9496667432774,45.966444495518274,3,2,9,1
ereq_9a8d09e1-cdc6-4c9e-82e3-13cca8d2e0f1,2026-09-17T23:26:41.374634Z,james-botts-gota:v13,40d72eea-ac61-44b0-aaf4-7828fbf30170,James Botts,8,Druid Warden,BlueTeam,4351,75,17.23741668581935,3,0,0,0,17.23741668581935,0.0,0.0,6,0,9,1
ereq_9a8d09e1-cdc6-4c9e-82e3-13cca8d2e0f1,2026-09-17T23:26:41.374634Z,aaron-gota-ir-coordinated-support-anchor-0916:v1,9cedf3ff-c7ce-4cff-897f-d48b44e049ad,Aaron's Co-play Coach,9,Demon Hunter,BlueTeam,4351,650,149.3909446104344,12,1,2,1,68.9496667432774,34.4748333716387,45.966444495518274,2,1,9,1
ereq_fb572674-690a-4ee3-8a23-fa71894c91c7,2026-09-17T23:26:41.369581Z,gota-g002:v1,a30542cb-54de-4109-92e6-bcabca7db4d8,Alex Smith,0,Death Knight,RedTeam,11932,1325,111.04592691920885,19,5,1,11,39.80891719745223,62.856185048608786,8.380824673147838,14,5,33,1
ereq_fb572674-690a-4ee3-8a23-fa71894c91c7,2026-09-17T23:26:41.369581Z,gota-codex-side-aware-team-secondary-20260917:v1,a7551ee6-ef55-48f0-81bc-d1ba68ca54c2,daveey-2,1,Crossbowman,RedTeam,11932,3200,268.18638954073083,66,7,5,3,138.28360710693931,87.99865906805229,41.90412336573919,11,7,33,1
ereq_fb572674-690a-4ee3-8a23-fa71894c91c7,2026-09-17T23:26:41.369581Z,james-botts-gota:v13,40d72eea-ac61-44b0-aaf4-7828fbf30170,James Botts,2,Lich,RedTeam,11932,2500,209.52061682869595,58,7,0,3,121.52195776064364,87.99865906805229,0.0,17,7,33,1
ereq_fb572674-690a-4ee3-8a23-fa71894c91c7,2026-09-17T23:26:41.369581Z,red-kite:v34,a4590ed4-0b0c-4d86-8968-0844796f30e0,Andrew Brower,3,Warlock,RedTeam,11932,1200,100.56989607777405,24,4,0,9,50.28494803888702,50.28494803888702,0.0,11,4,33,1
ereq_fb572674-690a-4ee3-8a23-fa71894c91c7,2026-09-17T23:26:41.369581Z,relh-gods-of-the-arena:v145,6daf9052-7877-4dc4-b1b3-e03f479b8b55,relh,4,Berserker,RedTeam,11932,4925,412.755615152531,137,8,3,4,287.04324505531343,100.56989607777405,25.14247401944351,8,8,33,1
ereq_fb572674-690a-4ee3-8a23-fa71894c91c7,2026-09-17T23:26:41.369581Z,macromackie-gota:v4,1a78a3f9-8112-4c2c-831a-f0ffee8dbacc,macromackie,5,Vanguard Knight,BlueTeam,11932,1875,157.14046262152195,35,4,4,6,73.33221589004359,50.28494803888702,33.523298692591354,9,4,30,0
ereq_fb572674-690a-4ee3-8a23-fa71894c91c7,2026-09-17T23:26:41.369581Z,khors:v1,fa00903c-0ba4-4eec-b20f-4c082550d80f,Andre von Auto,6,Ranger,BlueTeam,11932,5025,421.13643982567885,101,14,4,2,211.6158229969829,175.99731813610458,33.523298692591354,18,14,30,0
ereq_fb572674-690a-4ee3-8a23-fa71894c91c7,2026-09-17T23:26:41.369581Z,Jordan-ply_bcb80069-fb0c-4ba5-a45c-06b647870aeb:v218,f1cf890b-42d5-4cca-98cc-782774a7e9a7,Jordan,7,Arcanist,BlueTeam,11932,1925,161.33087495809588,35,7,0,10,73.33221589004359,87.99865906805229,0.0,13,5,30,0
ereq_fb572674-690a-4ee3-8a23-fa71894c91c7,2026-09-17T23:26:41.369581Z,richard-gods-of-the-arena:v78,881a807d-68ab-4a62-9b6c-e98694cf0bc3,richard,8,Druid Warden,BlueTeam,11932,850,71.23700972175662,28,1,0,10,58.665772712034865,12.571237009721756,0.0,4,1,30,0
ereq_fb572674-690a-4ee3-8a23-fa71894c91c7,2026-09-17T23:26:41.369581Z,black-kite:v16,d10d7d74-40a7-4f6c-8838-e09729160349,Andrew Brower B,9,Demon Hunter,BlueTeam,11932,3575,299.6144820650352,117,3,2,5,245.13912168957427,37.71371102916527,16.761649346295677,4,3,30,0
ereq_17d2849f-c73c-44b6-8a70-69f2f97327fc,2026-09-17T23:26:41.377821Z,relh-gods-of-the-arena:v145,6daf9052-7877-4dc4-b1b3-e03f479b8b55,relh,0,Death Knight,RedTeam,5471,475,86.8214220435021,19,0,0,2,86.8214220435021,0.0,0.0,1,0,20,1
ereq_17d2849f-c73c-44b6-8a70-69f2f97327fc,2026-09-17T23:26:41.377821Z,aaron-gota-ir-coordinated-support-anchor-0916:v1,9cedf3ff-c7ce-4cff-897f-d48b44e049ad,Aaron's Co-play Coach,1,Crossbowman,RedTeam,5471,3250,594.0413087186986,42,10,7,0,191.9210382014257,274.1729117163224,127.94735880095047,11,10,20,1
ereq_17d2849f-c73c-44b6-8a70-69f2f97327fc,2026-09-17T23:26:41.377821Z,james-botts-gota:v13,40d72eea-ac61-44b0-aaf4-7828fbf30170,James Botts,2,Lich,RedTeam,5471,1450,265.03381465911167,34,4,0,1,155.3646499725827,109.66916468652897,0.0,6,4,20,1
ereq_17d2849f-c73c-44b6-8a70-69f2f97327fc,2026-09-17T23:26:41.377821Z,aaron-gota-ir-perimeter-blue_repair-0916-aaron:v1,b64f1ccb-02e1-4ad5-b75b-f374222e9e9a,Aaron,3,Warlock,RedTeam,5471,775,141.6560043867666,19,0,3,1,86.8214220435021,0.0,54.834582343264486,1,0,20,1
ereq_17d2849f-c73c-44b6-8a70-69f2f97327fc,2026-09-17T23:26:41.377821Z,gota-g002:v1,a30542cb-54de-4109-92e6-bcabca7db4d8,Alex Smith,4,Berserker,RedTeam,5471,950,173.6428440870042,14,4,0,3,63.973679400475234,109.66916468652897,0.0,5,4,20,1
ereq_17d2849f-c73c-44b6-8a70-69f2f97327fc,2026-09-17T23:26:41.377821Z,Polyworld GOTA base.bas:v1,e8aed568-d03c-49bf-beaf-68c731f05d26,Andre von Houck,5,Vanguard Knight,BlueTeam,5471,775,141.6560043867666,19,2,0,5,86.8214220435021,54.834582343264486,0.0,7,2,7,0
ereq_17d2849f-c73c-44b6-8a70-69f2f97327fc,2026-09-17T23:26:41.377821Z,macromackie-gota:v4,1a78a3f9-8112-4c2c-831a-f0ffee8dbacc,macromackie,6,Ranger,BlueTeam,5471,825,150.79510144397733,29,0,1,3,132.51690732955583,0.0,18.278194114421495,3,0,7,0
ereq_17d2849f-c73c-44b6-8a70-69f2f97327fc,2026-09-17T23:26:41.377821Z,gota-codex-side-aware-team-secondary-20260917:v1,a7551ee6-ef55-48f0-81bc-d1ba68ca54c2,daveey-2,7,Arcanist,BlueTeam,5471,850,155.3646499725827,22,2,0,2,100.53006762931822,54.834582343264486,0.0,2,2,7,0
ereq_17d2849f-c73c-44b6-8a70-69f2f97327fc,2026-09-17T23:26:41.377821Z,red-kite:v34,a4590ed4-0b0c-4d86-8968-0844796f30e0,Andrew Brower,8,Druid Warden,BlueTeam,5471,500,91.39097057210748,14,1,0,7,63.973679400475234,27.417291171632243,0.0,1,1,7,0
ereq_17d2849f-c73c-44b6-8a70-69f2f97327fc,2026-09-17T23:26:41.377821Z,richard-gods-of-the-arena:v78,881a807d-68ab-4a62-9b6c-e98694cf0bc3,richard,9,Demon Hunter,BlueTeam,5471,725,132.51690732955583,23,1,0,3,105.09961615792359,27.417291171632243,0.0,3,1,7,0
ereq_5dde772f-2b51-4fc7-9d4b-6a4e52d0a44a,2026-09-17T23:26:41.391513Z,relh-gods-of-the-arena:v145,6daf9052-7877-4dc4-b1b3-e03f479b8b55,relh,0,Death Knight,RedTeam,9957,450,45.194335643266044,18,0,0,5,45.194335643266044,0.0,0.0,3,0,28,0
ereq_5dde772f-2b51-4fc7-9d4b-6a4e52d0a44a,2026-09-17T23:26:41.391513Z,james-botts-gota:v13,40d72eea-ac61-44b0-aaf4-7828fbf30170,James Botts,1,Crossbowman,RedTeam,9957,2125,213.41769609320076,67,3,0,3,168.22336044993472,45.194335643266044,0.0,9,3,28,0
ereq_5dde772f-2b51-4fc7-9d4b-6a4e52d0a44a,2026-09-17T23:26:41.391513Z,aaron-gota-ir-coordinated-support-anchor-0916:v1,9cedf3ff-c7ce-4cff-897f-d48b44e049ad,Aaron's Co-play Coach,2,Lich,RedTeam,9957,4025,404.2382243647685,87,9,5,2,218.43928894245255,135.58300692979813,50.215928492517826,10,9,28,0
ereq_5dde772f-2b51-4fc7-9d4b-6a4e52d0a44a,2026-09-17T23:26:41.391513Z,nancy-goa:v2,2777766f-4931-4fd9-83f2-44a3f509ede1,NanosaurusX,3,Warlock,RedTeam,9957,2125,213.41769609320076,39,7,1,7,97.92106056040976,105.45344983428744,10.043185698503565,13,7,28,0
ereq_5dde772f-2b51-4fc7-9d4b-6a4e52d0a44a,2026-09-17T23:26:41.391513Z,khors:v1,fa00903c-0ba4-4eec-b20f-4c082550d80f,Andre von Auto,4,Berserker,RedTeam,9957,1550,155.66937832680526,32,5,0,7,80.34548558802852,75.32389273877673,0.0,15,5,28,0
ereq_5dde772f-2b51-4fc7-9d4b-6a4e52d0a44a,2026-09-17T23:26:41.391513Z,richard-gods-of-the-arena:v78,881a807d-68ab-4a62-9b6c-e98694cf0bc3,richard,5,Vanguard Knight,BlueTeam,9957,450,45.194335643266044,18,0,0,7,45.194335643266044,0.0,0.0,6,0,24,1
ereq_5dde772f-2b51-4fc7-9d4b-6a4e52d0a44a,2026-09-17T23:26:41.391513Z,gota-g002:v1,a30542cb-54de-4109-92e6-bcabca7db4d8,Alex Smith,6,Ranger,BlueTeam,9957,3500,351.5114994476248,56,10,6,3,140.60459977904992,150.64778547755347,60.25911419102139,11,10,24,1
ereq_5dde772f-2b51-4fc7-9d4b-6a4e52d0a44a,2026-09-17T23:26:41.391513Z,black-kite:v16,d10d7d74-40a7-4f6c-8838-e09729160349,Andrew Brower B,7,Arcanist,BlueTeam,9957,2550,256.1012353118409,72,5,0,6,180.77734257306417,75.32389273877673,0.0,5,5,24,1
ereq_5dde772f-2b51-4fc7-9d4b-6a4e52d0a44a,2026-09-17T23:26:41.391513Z,Jordan-ply_bcb80069-fb0c-4ba5-a45c-06b647870aeb:v218,f1cf890b-42d5-4cca-98cc-782774a7e9a7,Jordan,8,Druid Warden,BlueTeam,9957,1550,155.66937832680526,34,4,1,4,85.3670784372803,60.25911419102139,10.043185698503565,7,4,24,1
ereq_5dde772f-2b51-4fc7-9d4b-6a4e52d0a44a,2026-09-17T23:26:41.391513Z,gota-g003:v2,8cea4626-a0f1-4dd0-b066-58e6bd194ad3,Scott Smith,9,Demon Hunter,BlueTeam,9957,2525,253.59043888721502,71,5,0,8,178.2665461484383,75.32389273877673,0.0,6,5,24,1
ereq_61610cd5-9625-43c1-8309-0b8c4248a08c,2026-09-17T23:26:41.386371Z,gota-codex-side-aware-team-secondary-20260917:v1,a7551ee6-ef55-48f0-81bc-d1ba68ca54c2,daveey-2,0,Death Knight,RedTeam,11331,2450,216.22098667372694,86,2,0,10,189.74494748918895,26.476039184537992,0.0,5,2,23,0
ereq_61610cd5-9625-43c1-8309-0b8c4248a08c,2026-09-17T23:26:41.386371Z,gota-g003:v2,8cea4626-a0f1-4dd0-b066-58e6bd194ad3,Scott Smith,1,Crossbowman,RedTeam,11331,3975,350.8075191951284,75,14,0,9,165.47524490336247,185.33227429176594,0.0,16,14,23,0
ereq_61610cd5-9625-43c1-8309-0b8c4248a08c,2026-09-17T23:26:41.386371Z,relh-gods-of-the-arena:v145,6daf9052-7877-4dc4-b1b3-e03f479b8b55,relh,2,Lich,RedTeam,11331,2200,194.15762068661195,48,4,4,4,105.90415673815197,52.952078369075984,35.30138557938399,6,4,23,0
ereq_61610cd5-9625-43c1-8309-0b8c4248a08c,2026-09-17T23:26:41.386371Z,gota-vanguard-rally-hold:v1,3ccd4955-3d9c-4c79-a243-e5dc12d650ad,daveey,3,Warlock,RedTeam,11331,825,72.80910775747948,21,2,0,13,46.333068572941485,26.476039184537992,0.0,8,2,23,0
ereq_61610cd5-9625-43c1-8309-0b8c4248a08c,2026-09-17T23:26:41.386371Z,james-botts-gota:v13,40d72eea-ac61-44b0-aaf4-7828fbf30170,James Botts,4,Berserker,RedTeam,11331,1025,90.45980054717148,41,0,0,2,90.45980054717148,0.0,0.0,5,0,23,0
ereq_61610cd5-9625-43c1-8309-0b8c4248a08c,2026-09-17T23:26:41.386371Z,Jordan-ply_bcb80069-fb0c-4ba5-a45c-06b647870aeb:v218,f1cf890b-42d5-4cca-98cc-782774a7e9a7,Jordan,5,Vanguard Knight,BlueTeam,11331,825,72.80910775747948,23,1,1,6,50.74574177036449,13.238019592268996,8.825346394845997,3,1,38,1
ereq_61610cd5-9625-43c1-8309-0b8c4248a08c,2026-09-17T23:26:41.386371Z,aaron-gota-ir-perimeter-blue_repair-0916-aaron:v1,b64f1ccb-02e1-4ad5-b75b-f374222e9e9a,Aaron,6,Ranger,BlueTeam,11331,4350,383.9025681758009,70,12,8,5,154.44356190980497,158.85623510722795,70.60277115876798,14,12,38,1
ereq_61610cd5-9625-43c1-8309-0b8c4248a08c,2026-09-17T23:26:41.386371Z,black-kite:v16,d10d7d74-40a7-4f6c-8838-e09729160349,Andrew Brower B,7,Arcanist,BlueTeam,11331,3200,282.4110846350719,56,12,0,2,123.55484952784397,158.85623510722795,0.0,20,12,38,1
ereq_61610cd5-9625-43c1-8309-0b8c4248a08c,2026-09-17T23:26:41.386371Z,red-kite:v34,a4590ed4-0b0c-4d86-8968-0844796f30e0,Andrew Brower,8,Druid Warden,BlueTeam,11331,2300,202.98296708145796,46,7,1,3,101.49148354072898,92.66613714588297,8.825346394845997,19,7,38,1
ereq_61610cd5-9625-43c1-8309-0b8c4248a08c,2026-09-17T23:26:41.386371Z,khors:v1,fa00903c-0ba4-4eec-b20f-4c082550d80f,Andre von Auto,9,Demon Hunter,BlueTeam,11331,2100,185.33227429176594,50,5,1,7,110.31682993557497,66.19009796134499,8.825346394845997,8,5,38,1
ereq_7f8799ea-4116-4883-9985-b21a34c2239c,2026-09-17T23:26:41.373921Z,macromackie-gota:v4,1a78a3f9-8112-4c2c-831a-f0ffee8dbacc,macromackie,0,Death Knight,RedTeam,9630,1425,147.97507788161994,35,3,1,7,90.86188992731049,46.728971962616825,10.384215991692628,9,3,25,1
ereq_7f8799ea-4116-4883-9985-b21a34c2239c,2026-09-17T23:26:41.373921Z,Polyworld GOTA base.bas:v1,e8aed568-d03c-49bf-beaf-68c731f05d26,Andre von Houck,1,Crossbowman,RedTeam,9630,3100,321.91069574247143,58,11,0,9,150.5711318795431,171.33956386292834,0.0,14,11,25,1
ereq_7f8799ea-4116-4883-9985-b21a34c2239c,2026-09-17T23:26:41.373921Z,relh-gods-of-the-arena:v145,6daf9052-7877-4dc4-b1b3-e03f479b8b55,relh,2,Lich,RedTeam,9630,3100,321.91069574247143,68,6,5,2,176.53167185877467,93.45794392523365,51.92107995846314,7,6,25,1
ereq_7f8799ea-4116-4883-9985-b21a34c2239c,2026-09-17T23:26:41.373921Z,richard-gods-of-the-arena:v78,881a807d-68ab-4a62-9b6c-e98694cf0bc3,richard,3,Warlock,RedTeam,9630,1100,114.2263759086189,44,0,0,14,114.2263759086189,0.0,0.0,6,0,25,1
ereq_7f8799ea-4116-4883-9985-b21a34c2239c,2026-09-17T23:26:41.373921Z,Jordan-ply_bcb80069-fb0c-4ba5-a45c-06b647870aeb:v218,f1cf890b-42d5-4cca-98cc-782774a7e9a7,Jordan,4,Berserker,RedTeam,9630,1475,153.16718587746624,47,2,0,4,122.01453790238837,31.152647975077883,0.0,5,2,25,1
ereq_7f8799ea-4116-4883-9985-b21a34c2239c,2026-09-17T23:26:41.373921Z,gota-g003:v2,8cea4626-a0f1-4dd0-b066-58e6bd194ad3,Scott Smith,5,Vanguard Knight,BlueTeam,9630,875,90.86188992731049,9,3,2,7,23.364485981308412,46.728971962616825,20.768431983385256,13,3,36,0
ereq_7f8799ea-4116-4883-9985-b21a34c2239c,2026-09-17T23:26:41.373921Z,black-kite:v16,d10d7d74-40a7-4f6c-8838-e09729160349,Andrew Brower B,6,Ranger,BlueTeam,9630,5650,586.7082035306335,94,20,3,1,244.02907580477674,311.52647975077883,31.152647975077883,23,20,36,0
ereq_7f8799ea-4116-4883-9985-b21a34c2239c,2026-09-17T23:26:41.373921Z,james-botts-gota:v13,40d72eea-ac61-44b0-aaf4-7828fbf30170,James Botts,7,Arcanist,BlueTeam,9630,2725,282.96988577362407,73,6,0,2,189.51194184839045,93.45794392523365,0.0,14,6,36,0
ereq_7f8799ea-4116-4883-9985-b21a34c2239c,2026-09-17T23:26:41.373921Z,gota-g002:v1,a30542cb-54de-4109-92e6-bcabca7db4d8,Alex Smith,8,Druid Warden,BlueTeam,9630,750,77.88161993769471,14,2,1,6,36.3447559709242,31.152647975077883,10.384215991692628,10,2,36,0
ereq_7f8799ea-4116-4883-9985-b21a34c2239c,2026-09-17T23:26:41.373921Z,daf-gota-v1:v1,e7d1ba41-3be1-4785-815d-b3c9ad8f46b9,docxology,9,Demon Hunter,BlueTeam,9630,1975,205.08826583592938,55,4,0,9,142.7829698857736,62.30529595015577,0.0,11,4,36,0
ereq_dcebba19-690f-4f53-afde-938221dc7276,2026-09-17T23:26:41.403589Z,nancy-goa:v2,2777766f-4931-4fd9-83f2-44a3f509ede1,NanosaurusX,0,Death Knight,RedTeam,28713,4150,144.53383484832653,124,7,0,13,107.96503326019572,36.56880158813081,0.0,20,7,94,1
ereq_dcebba19-690f-4f53-afde-938221dc7276,2026-09-17T23:26:41.403589Z,richard-gods-of-the-arena:v78,881a807d-68ab-4a62-9b6c-e98694cf0bc3,richard,1,Crossbowman,RedTeam,28713,6175,215.0593807682931,121,19,3,14,105.35297600390068,99.2581757392122,10.448229025180233,41,19,94,1
ereq_dcebba19-690f-4f53-afde-938221dc7276,2026-09-17T23:26:41.403589Z,red-kite:v34,a4590ed4-0b0c-4d86-8968-0844796f30e0,Andrew Brower,2,Lich,RedTeam,28713,7325,255.11092536481732,129,26,2,12,112.31846202068749,135.826977327343,6.965486016786821,35,26,94,1
ereq_dcebba19-690f-4f53-afde-938221dc7276,2026-09-17T23:26:41.403589Z,Jordan-ply_bcb80069-fb0c-4ba5-a45c-06b647870aeb:v218,f1cf890b-42d5-4cca-98cc-782774a7e9a7,Jordan,3,Warlock,RedTeam,28713,3800,132.34423431894962,50,17,0,16,43.53428760491763,88.80994671403197,0.0,30,17,94,1
ereq_dcebba19-690f-4f53-afde-938221dc7276,2026-09-17T23:26:41.403589Z,aaron-gota-ir-perimeter-blue_repair-0916-aaron:v1,b64f1ccb-02e1-4ad5-b75b-f374222e9e9a,Aaron,4,Berserker,RedTeam,28713,9950,346.5329293351444,242,24,3,14,210.70595200780136,125.37874830216278,10.448229025180233,24,24,94,1
ereq_dcebba19-690f-4f53-afde-938221dc7276,2026-09-17T23:26:41.403589Z,aaron-gota-ir-coordinated-support-anchor-0916:v1,9cedf3ff-c7ce-4cff-897f-d48b44e049ad,Aaron's Co-play Coach,5,Vanguard Knight,BlueTeam,28713,4775,166.30097865078537,101,15,0,15,87.93926096193361,78.36171768885174,0.0,30,15,69,0
ereq_dcebba19-690f-4f53-afde-938221dc7276,2026-09-17T23:26:41.403589Z,relh-gods-of-the-arena:v145,6daf9052-7877-4dc4-b1b3-e03f479b8b55,relh,6,Ranger,BlueTeam,28713,10000,348.27430083934104,302,15,2,13,262.9470971337025,78.36171768885174,6.965486016786821,29,15,69,0
ereq_dcebba19-690f-4f53-afde-938221dc7276,2026-09-17T23:26:41.403589Z,james-botts-gota:v13,40d72eea-ac61-44b0-aaf4-7828fbf30170,James Botts,7,Arcanist,BlueTeam,28713,8750,304.74001323442343,212,23,0,2,184.58537944485076,120.15463378957267,0.0,45,23,69,0
ereq_dcebba19-690f-4f53-afde-938221dc7276,2026-09-17T23:26:41.403589Z,gota-g002:v1,a30542cb-54de-4109-92e6-bcabca7db4d8,Alex Smith,8,Druid Warden,BlueTeam,28713,2350,81.84446069724515,76,3,0,32,66.17211715947481,15.672343537770347,0.0,31,3,69,0
ereq_dcebba19-690f-4f53-afde-938221dc7276,2026-09-17T23:26:41.403589Z,gota-vanguard-rally-hold:v1,3ccd4955-3d9c-4c79-a243-e5dc12d650ad,daveey,9,Demon Hunter,BlueTeam,28713,5075,176.74920767596558,133,11,1,32,115.8012050290809,57.465259638491275,3.4827430083934106,38,11,69,0
ereq_aaf35f8c-2814-48c1-b3ee-68181e7e0b58,2026-09-17T23:26:41.380029Z,khors:v1,fa00903c-0ba4-4eec-b20f-4c082550d80f,Andre von Auto,0,Death Knight,RedTeam,15874,1775,111.81806727982865,41,5,0,9,64.57099659821091,47.24707068161774,0.0,18,5,46,1
ereq_aaf35f8c-2814-48c1-b3ee-68181e7e0b58,2026-09-17T23:26:41.380029Z,red-kite:v34,a4590ed4-0b0c-4d86-8968-0844796f30e0,Andrew Brower,1,Crossbowman,RedTeam,15874,5500,346.4785183318634,122,15,2,5,192.13808743857882,141.74121204485323,12.599218848431397,19,15,46,1
ereq_aaf35f8c-2814-48c1-b3ee-68181e7e0b58,2026-09-17T23:26:41.380029Z,relh-gods-of-the-arena:v145,6daf9052-7877-4dc4-b1b3-e03f479b8b55,relh,2,Lich,RedTeam,15874,2050,129.14199319642182,60,3,1,8,94.49414136323549,28.348242408970645,6.299609424215698,6,3,46,1
ereq_aaf35f8c-2814-48c1-b3ee-68181e7e0b58,2026-09-17T23:26:41.380029Z,aaron-gota-ir-coordinated-support-anchor-0916:v1,9cedf3ff-c7ce-4cff-897f-d48b44e049ad,Aaron's Co-play Coach,3,Warlock,RedTeam,15874,5025,316.55537356683885,115,9,8,4,181.11377094620133,85.04472722691193,50.39687539372559,13,9,46,1
ereq_aaf35f8c-2814-48c1-b3ee-68181e7e0b58,2026-09-17T23:26:41.380029Z,Polyworld GOTA base.bas:v1,e8aed568-d03c-49bf-beaf-68c731f05d26,Andre von Houck,4,Berserker,RedTeam,15874,4575,288.2071311578682,107,12,1,8,168.51455209776995,113.39296963588258,6.299609424215698,22,12,46,1
ereq_aaf35f8c-2814-48c1-b3ee-68181e7e0b58,2026-09-17T23:26:41.380029Z,james-botts-gota:v13,40d72eea-ac61-44b0-aaf4-7828fbf30170,James Botts,5,Vanguard Knight,BlueTeam,15874,2650,166.939649741716,106,0,0,2,166.939649741716,0.0,0.0,6,0,34,0
ereq_aaf35f8c-2814-48c1-b3ee-68181e7e0b58,2026-09-17T23:26:41.380029Z,gota-g002:v1,a30542cb-54de-4109-92e6-bcabca7db4d8,Alex Smith,6,Ranger,BlueTeam,15874,4650,292.93183822603,86,14,4,9,135.44160262063752,132.29179790852967,25.198437696862793,16,14,34,0
ereq_aaf35f8c-2814-48c1-b3ee-68181e7e0b58,2026-09-17T23:26:41.380029Z,black-kite:v16,d10d7d74-40a7-4f6c-8838-e09729160349,Andrew Brower B,7,Arcanist,BlueTeam,15874,3900,245.68476754441224,96,10,0,9,151.19062618117675,94.49414136323549,0.0,12,10,34,0
ereq_aaf35f8c-2814-48c1-b3ee-68181e7e0b58,2026-09-17T23:26:41.380029Z,macromackie-gota:v4,1a78a3f9-8112-4c2c-831a-f0ffee8dbacc,macromackie,8,Druid Warden,BlueTeam,15874,1750,110.24316492377473,34,4,3,9,53.54668010583344,37.79765654529419,18.898828272647094,8,4,34,0
ereq_aaf35f8c-2814-48c1-b3ee-68181e7e0b58,2026-09-17T23:26:41.380029Z,daf-gota-v1:v1,e7d1ba41-3be1-4785-815d-b3c9ad8f46b9,docxology,9,Demon Hunter,BlueTeam,15874,3100,195.28789215068664,90,5,1,17,141.74121204485323,47.24707068161774,6.299609424215698,8,5,34,0
ereq_f6b216d9-704e-4dd4-b774-c3bb55630c2a,2026-09-17T23:26:41.395021Z,black-kite:v16,d10d7d74-40a7-4f6c-8838-e09729160349,Andrew Brower B,0,Death Knight,RedTeam,4699,1975,420.3021919557353,49,3,3,0,260.6937646307725,95.76505639497765,63.843370929985106,6,3,19,1
ereq_f6b216d9-704e-4dd4-b774-c3bb55630c2a,2026-09-17T23:26:41.395021Z,gota-codex-side-aware-team-secondary-20260917:v1,a7551ee6-ef55-48f0-81bc-d1ba68ca54c2,daveey-2,1,Crossbowman,RedTeam,4699,1925,409.66163013407106,37,6,1,1,196.8503937007874,191.5301127899553,21.281123643328367,6,5,19,1
ereq_f6b216d9-704e-4dd4-b774-c3bb55630c2a,2026-09-17T23:26:41.395021Z,richard-gods-of-the-arena:v78,881a807d-68ab-4a62-9b6c-e98694cf0bc3,richard,2,Lich,RedTeam,4699,1150,244.73292189827623,18,4,1,1,95.76505639497765,127.68674185997021,21.281123643328367,6,4,19,1
ereq_f6b216d9-704e-4dd4-b774-c3bb55630c2a,2026-09-17T23:26:41.395021Z,gota-g003:v2,8cea4626-a0f1-4dd0-b066-58e6bd194ad3,Scott Smith,3,Warlock,RedTeam,4699,300,63.843370929985106,12,0,0,1,63.843370929985106,0.0,0.0,4,0,19,1
ereq_f6b216d9-704e-4dd4-b774-c3bb55630c2a,2026-09-17T23:26:41.395021Z,khors:v1,fa00903c-0ba4-4eec-b20f-4c082550d80f,Andre von Auto,4,Berserker,RedTeam,4699,1300,276.6546073632688,8,6,2,1,42.562247286656735,191.5301127899553,42.562247286656735,9,5,19,1
ereq_f6b216d9-704e-4dd4-b774-c3bb55630c2a,2026-09-17T23:26:41.395021Z,gota-g002:v1,a30542cb-54de-4109-92e6-bcabca7db4d8,Alex Smith,5,Vanguard Knight,BlueTeam,4699,475,101.08533730580974,19,0,0,5,101.08533730580974,0.0,0.0,0,0,4,0
ereq_f6b216d9-704e-4dd4-b774-c3bb55630c2a,2026-09-17T23:26:41.395021Z,james-botts-gota:v13,40d72eea-ac61-44b0-aaf4-7828fbf30170,James Botts,6,Ranger,BlueTeam,4699,800,170.24898914662694,26,1,0,1,138.3273036816344,31.921685464992553,0.0,2,1,4,0
ereq_f6b216d9-704e-4dd4-b774-c3bb55630c2a,2026-09-17T23:26:41.395021Z,Jordan-ply_bcb80069-fb0c-4ba5-a45c-06b647870aeb:v218,f1cf890b-42d5-4cca-98cc-782774a7e9a7,Jordan,7,Arcanist,BlueTeam,4699,125,26.60140455416046,5,0,0,4,26.60140455416046,0.0,0.0,1,0,4,0
ereq_f6b216d9-704e-4dd4-b774-c3bb55630c2a,2026-09-17T23:26:41.395021Z,red-kite:v34,a4590ed4-0b0c-4d86-8968-0844796f30e0,Andrew Brower,8,Druid Warden,BlueTeam,4699,425,90.44477548414557,17,0,0,6,90.44477548414557,0.0,0.0,2,0,4,0
ereq_f6b216d9-704e-4dd4-b774-c3bb55630c2a,2026-09-17T23:26:41.395021Z,aaron-gota-ir-perimeter-blue_repair-0916-aaron:v1,b64f1ccb-02e1-4ad5-b75b-f374222e9e9a,Aaron,9,Demon Hunter,BlueTeam,4699,875,186.20983187912321,19,2,1,3,101.08533730580974,63.843370929985106,21.281123643328367,3,2,4,0
ereq_9d244056-4e3f-4cff-8bd1-af6f7cd0dec9,2026-09-17T23:26:41.371696Z,macromackie-gota:v4,1a78a3f9-8112-4c2c-831a-f0ffee8dbacc,macromackie,0,Death Knight,RedTeam,12766,1050,82.24972583424722,38,0,1,8,74.41641861193796,0.0,7.833307222309259,3,0,25,0
ereq_9d244056-4e3f-4cff-8bd1-af6f7cd0dec9,2026-09-17T23:26:41.371696Z,gota-vanguard-rally-hold:v1,3ccd4955-3d9c-4c79-a243-e5dc12d650ad,daveey,1,Crossbowman,RedTeam,12766,2900,227.1659094469685,62,9,0,8,121.41626194579351,105.74964750117499,0.0,16,9,25,0
ereq_9d244056-4e3f-4cff-8bd1-af6f7cd0dec9,2026-09-17T23:26:41.371696Z,richard-gods-of-the-arena:v78,881a807d-68ab-4a62-9b6c-e98694cf0bc3,richard,2,Lich,RedTeam,12766,4250,332.9155569481435,108,9,2,6,211.49929500234998,105.74964750117499,15.666614444618517,15,9,25,0
ereq_9d244056-4e3f-4cff-8bd1-af6f7cd0dec9,2026-09-17T23:26:41.371696Z,gota-g002:v1,a30542cb-54de-4109-92e6-bcabca7db4d8,Alex Smith,3,Warlock,RedTeam,12766,1575,123.37458875137082,39,4,0,8,76.37474541751527,46.99984333385555,0.0,11,4,25,0
ereq_9d244056-4e3f-4cff-8bd1-af6f7cd0dec9,2026-09-17T23:26:41.371696Z,james-botts-gota:v13,40d72eea-ac61-44b0-aaf4-7828fbf30170,James Botts,4,Berserker,RedTeam,12766,2375,186.0410465298449,83,2,0,3,162.54112486291712,23.499921666927776,0.0,3,2,25,0
ereq_9d244056-4e3f-4cff-8bd1-af6f7cd0dec9,2026-09-17T23:26:41.371696Z,aaron-gota-ir-coordinated-support-anchor-0916:v1,9cedf3ff-c7ce-4cff-897f-d48b44e049ad,Aaron's Co-play Coach,5,Vanguard Knight,BlueTeam,12766,825,64.62478458405138,17,2,1,1,33.29155569481435,23.499921666927776,7.833307222309259,7,2,33,1
ereq_9d244056-4e3f-4cff-8bd1-af6f7cd0dec9,2026-09-17T23:26:41.371696Z,aaron-gota-ir-perimeter-blue_repair-0916-aaron:v1,b64f1ccb-02e1-4ad5-b75b-f374222e9e9a,Aaron,6,Ranger,BlueTeam,12766,6100,477.8317405608648,92,20,8,3,180.16606611311295,234.99921666927776,62.66645777847407,20,20,33,1
ereq_9d244056-4e3f-4cff-8bd1-af6f7cd0dec9,2026-09-17T23:26:41.371696Z,khors:v1,fa00903c-0ba4-4eec-b20f-4c082550d80f,Andre von Auto,7,Arcanist,BlueTeam,12766,2150,168.41610527964906,56,5,0,5,109.66630111232962,58.74980416731944,0.0,12,5,33,1
ereq_9d244056-4e3f-4cff-8bd1-af6f7cd0dec9,2026-09-17T23:26:41.371696Z,gota-codex-side-aware-team-secondary-20260917:v1,a7551ee6-ef55-48f0-81bc-d1ba68ca54c2,daveey-2,8,Druid Warden,BlueTeam,12766,1925,150.79116402945323,69,0,2,4,135.1245495848347,0.0,15.666614444618517,1,0,33,1
ereq_9d244056-4e3f-4cff-8bd1-af6f7cd0dec9,2026-09-17T23:26:41.371696Z,red-kite:v34,a4590ed4-0b0c-4d86-8968-0844796f30e0,Andrew Brower,9,Demon Hunter,BlueTeam,12766,2800,219.33260222465924,82,5,0,12,160.5827980573398,58.74980416731944,0.0,7,5,33,1
ereq_e38b7940-fa6f-4cf3-8c96-d61aa1d5be1b,2026-09-17T23:26:41.385598Z,khors:v1,fa00903c-0ba4-4eec-b20f-4c082550d80f,Andre von Auto,0,Death Knight,RedTeam,7040,2025,287.64204545454544,47,5,1,2,166.9034090909091,106.5340909090909,14.204545454545455,9,5,15,0
ereq_e38b7940-fa6f-4cf3-8c96-d61aa1d5be1b,2026-09-17T23:26:41.385598Z,gota-g002:v1,a30542cb-54de-4109-92e6-bcabca7db4d8,Alex Smith,1,Crossbowman,RedTeam,7040,1125,159.80113636363637,17,4,1,2,60.36931818181818,85.22727272727273,14.204545454545455,10,4,15,0
ereq_e38b7940-fa6f-4cf3-8c96-d61aa1d5be1b,2026-09-17T23:26:41.385598Z,relh-gods-of-the-arena:v145,6daf9052-7877-4dc4-b1b3-e03f479b8b55,relh,2,Lich,RedTeam,7040,1675,237.92613636363637,43,2,3,2,152.69886363636363,42.61363636363637,42.61363636363637,9,2,15,0
ereq_e38b7940-fa6f-4cf3-8c96-d61aa1d5be1b,2026-09-17T23:26:41.385598Z,james-botts-gota:v13,40d72eea-ac61-44b0-aaf4-7828fbf30170,James Botts,3,Warlock,RedTeam,7040,1700,241.47727272727272,56,2,0,0,198.86363636363637,42.61363636363637,0.0,2,2,15,0
ereq_e38b7940-fa6f-4cf3-8c96-d61aa1d5be1b,2026-09-17T23:26:41.385598Z,red-kite:v34,a4590ed4-0b0c-4d86-8968-0844796f30e0,Andrew Brower,4,Berserker,RedTeam,7040,1400,198.86363636363637,50,1,0,4,177.5568181818182,21.306818181818183,0.0,2,1,15,0
ereq_e38b7940-fa6f-4cf3-8c96-d61aa1d5be1b,2026-09-17T23:26:41.385598Z,macromackie-gota:v4,1a78a3f9-8112-4c2c-831a-f0ffee8dbacc,macromackie,5,Vanguard Knight,BlueTeam,7040,425,60.36931818181818,13,0,1,3,46.16477272727273,0.0,14.204545454545455,0,0,10,1
ereq_e38b7940-fa6f-4cf3-8c96-d61aa1d5be1b,2026-09-17T23:26:41.385598Z,Jordan-ply_bcb80069-fb0c-4ba5-a45c-06b647870aeb:v218,f1cf890b-42d5-4cca-98cc-782774a7e9a7,Jordan,6,Ranger,BlueTeam,7040,2450,348.0113636363636,56,5,3,2,198.86363636363637,106.5340909090909,42.61363636363637,6,5,10,1
ereq_e38b7940-fa6f-4cf3-8c96-d61aa1d5be1b,2026-09-17T23:26:41.385598Z,richard-gods-of-the-arena:v78,881a807d-68ab-4a62-9b6c-e98694cf0bc3,richard,7,Arcanist,BlueTeam,7040,900,127.8409090909091,26,1,1,5,92.32954545454545,21.306818181818183,14.204545454545455,1,1,10,1
ereq_e38b7940-fa6f-4cf3-8c96-d61aa1d5be1b,2026-09-17T23:26:41.385598Z,aaron-gota-ir-coordinated-support-anchor-0916:v1,9cedf3ff-c7ce-4cff-897f-d48b44e049ad,Aaron's Co-play Coach,8,Druid Warden,BlueTeam,7040,875,124.28977272727273,17,1,3,2,60.36931818181818,21.306818181818183,42.61363636363637,4,1,10,1
ereq_e38b7940-fa6f-4cf3-8c96-d61aa1d5be1b,2026-09-17T23:26:41.385598Z,black-kite:v16,d10d7d74-40a7-4f6c-8838-e09729160349,Andrew Brower B,9,Demon Hunter,BlueTeam,7040,2225,316.0511363636364,67,3,1,3,237.92613636363637,63.92045454545455,14.204545454545455,3,3,10,1
ereq_88575aa5-c957-4d3d-b30e-a1d5391cc6e3,2026-09-17T23:26:41.392969Z,gota-codex-side-aware-team-secondary-20260917:v1,a7551ee6-ef55-48f0-81bc-d1ba68ca54c2,daveey-2,0,Death Knight,RedTeam,3713,300,80.79719903043362,12,0,0,4,80.79719903043362,0.0,0.0,1,0,13,0
ereq_88575aa5-c957-4d3d-b30e-a1d5391cc6e3,2026-09-17T23:26:41.392969Z,gota-vanguard-rally-hold:v1,3ccd4955-3d9c-4c79-a243-e5dc12d650ad,daveey,1,Crossbowman,RedTeam,3713,1200,323.18879612173447,20,4,1,0,134.661998384056,161.59439806086723,26.932399676811205,12,4,13,0
ereq_88575aa5-c957-4d3d-b30e-a1d5391cc6e3,2026-09-17T23:26:41.392969Z,gota-g002:v1,a30542cb-54de-4109-92e6-bcabca7db4d8,Alex Smith,2,Lich,RedTeam,3713,950,255.85779692970644,14,4,0,1,94.26339886883922,161.59439806086723,0.0,10,4,13,0
ereq_88575aa5-c957-4d3d-b30e-a1d5391cc6e3,2026-09-17T23:26:41.392969Z,james-botts-gota:v13,40d72eea-ac61-44b0-aaf4-7828fbf30170,James Botts,3,Warlock,RedTeam,3713,450,121.19579854565042,18,0,0,4,121.19579854565042,0.0,0.0,0,0,13,0
ereq_88575aa5-c957-4d3d-b30e-a1d5391cc6e3,2026-09-17T23:26:41.392969Z,Jordan-ply_bcb80069-fb0c-4ba5-a45c-06b647870aeb:v218,f1cf890b-42d5-4cca-98cc-782774a7e9a7,Jordan,4,Berserker,RedTeam,3713,900,242.39159709130084,8,4,1,1,53.86479935362241,161.59439806086723,26.932399676811205,10,4,13,0
ereq_88575aa5-c957-4d3d-b30e-a1d5391cc6e3,2026-09-17T23:26:41.392969Z,red-kite:v34,a4590ed4-0b0c-4d86-8968-0844796f30e0,Andrew Brower,5,Vanguard Knight,BlueTeam,3713,300,80.79719903043362,6,1,0,5,40.39859951521681,40.39859951521681,0.0,1,1,10,1
ereq_88575aa5-c957-4d3d-b30e-a1d5391cc6e3,2026-09-17T23:26:41.392969Z,aaron-gota-ir-perimeter-blue_repair-0916-aaron:v1,b64f1ccb-02e1-4ad5-b75b-f374222e9e9a,Aaron,6,Ranger,BlueTeam,3713,2150,579.0465930514409,34,4,7,0,228.92539725289524,161.59439806086723,188.52679773767844,4,4,10,1
ereq_88575aa5-c957-4d3d-b30e-a1d5391cc6e3,2026-09-17T23:26:41.392969Z,aaron-gota-ir-coordinated-support-anchor-0916:v1,9cedf3ff-c7ce-4cff-897f-d48b44e049ad,Aaron's Co-play Coach,7,Arcanist,BlueTeam,3713,1975,531.9148936170212,39,4,4,0,262.5908968489092,161.59439806086723,107.72959870724482,4,4,10,1
ereq_88575aa5-c957-4d3d-b30e-a1d5391cc6e3,2026-09-17T23:26:41.392969Z,relh-gods-of-the-arena:v145,6daf9052-7877-4dc4-b1b3-e03f479b8b55,relh,8,Druid Warden,BlueTeam,3713,250,67.330999192028,10,0,0,2,67.330999192028,0.0,0.0,3,0,10,1
ereq_88575aa5-c957-4d3d-b30e-a1d5391cc6e3,2026-09-17T23:26:41.392969Z,richard-gods-of-the-arena:v78,881a807d-68ab-4a62-9b6c-e98694cf0bc3,richard,9,Demon Hunter,BlueTeam,3713,350,94.26339886883922,14,0,0,6,94.26339886883922,0.0,0.0,1,0,10,1
ereq_34c8624b-c5a1-41b9-8daf-b8e50699aacb,2026-09-17T23:26:41.387072Z,red-kite:v34,a4590ed4-0b0c-4d86-8968-0844796f30e0,Andrew Brower,0,Death Knight,RedTeam,5673,1025,180.68041600564075,35,1,0,6,154.2393795170104,26.441036488630353,0.0,2,1,7,0
ereq_34c8624b-c5a1-41b9-8daf-b8e50699aacb,2026-09-17T23:26:41.387072Z,gota-codex-side-aware-team-secondary-20260917:v1,a7551ee6-ef55-48f0-81bc-d1ba68ca54c2,daveey-2,1,Crossbowman,RedTeam,5673,1175,207.1214524942711,29,3,0,5,127.79834302838005,79.32310946589106,0.0,3,3,7,0
ereq_34c8624b-c5a1-41b9-8daf-b8e50699aacb,2026-09-17T23:26:41.387072Z,relh-gods-of-the-arena:v145,6daf9052-7877-4dc4-b1b3-e03f479b8b55,relh,2,Lich,RedTeam,5673,1200,211.52829190904282,44,0,1,5,193.90093424995592,0.0,17.627357659086904,4,0,7,0
ereq_34c8624b-c5a1-41b9-8daf-b8e50699aacb,2026-09-17T23:26:41.387072Z,aaron-gota-ir-coordinated-support-anchor-0916:v1,9cedf3ff-c7ce-4cff-897f-d48b44e049ad,Aaron's Co-play Coach,3,Warlock,RedTeam,5673,575,101.35730653974969,11,2,0,2,48.47523356248898,52.882072977260705,0.0,2,2,7,0
ereq_34c8624b-c5a1-41b9-8daf-b8e50699aacb,2026-09-17T23:26:41.387072Z,richard-gods-of-the-arena:v78,881a807d-68ab-4a62-9b6c-e98694cf0bc3,richard,4,Berserker,RedTeam,5673,600,105.76414595452141,18,1,0,7,79.32310946589106,26.441036488630353,0.0,3,1,7,0
ereq_34c8624b-c5a1-41b9-8daf-b8e50699aacb,2026-09-17T23:26:41.387072Z,james-botts-gota:v13,40d72eea-ac61-44b0-aaf4-7828fbf30170,James Botts,5,Vanguard Knight,BlueTeam,5673,600,105.76414595452141,12,2,0,0,52.882072977260705,52.882072977260705,0.0,10,2,25,1
ereq_34c8624b-c5a1-41b9-8daf-b8e50699aacb,2026-09-17T23:26:41.387072Z,Jordan-ply_bcb80069-fb0c-4ba5-a45c-06b647870aeb:v218,f1cf890b-42d5-4cca-98cc-782774a7e9a7,Jordan,6,Ranger,BlueTeam,5673,2850,502.37969328397674,38,10,4,1,167.45989776132558,264.41036488630357,70.50943063634762,12,10,25,1
ereq_34c8624b-c5a1-41b9-8daf-b8e50699aacb,2026-09-17T23:26:41.387072Z,black-kite:v16,d10d7d74-40a7-4f6c-8838-e09729160349,Andrew Brower B,7,Arcanist,BlueTeam,5673,1150,202.71461307949937,22,4,0,2,96.95046712497796,105.76414595452141,0.0,11,4,25,1
ereq_34c8624b-c5a1-41b9-8daf-b8e50699aacb,2026-09-17T23:26:41.387072Z,macromackie-gota:v4,1a78a3f9-8112-4c2c-831a-f0ffee8dbacc,macromackie,8,Druid Warden,BlueTeam,5673,1250,220.3419707385863,22,4,1,2,96.95046712497796,105.76414595452141,17.627357659086904,10,4,25,1
ereq_34c8624b-c5a1-41b9-8daf-b8e50699aacb,2026-09-17T23:26:41.387072Z,aaron-gota-ir-perimeter-blue_repair-0916-aaron:v1,b64f1ccb-02e1-4ad5-b75b-f374222e9e9a,Aaron,9,Demon Hunter,BlueTeam,5673,2500,440.6839414771726,42,5,7,2,185.08725542041248,132.20518244315178,123.39150361360832,10,5,25,1
ereq_d40e398a-5732-49ab-8153-1fc97d1bb536,2026-09-17T23:26:41.368066Z,james-botts-gota:v13,40d72eea-ac61-44b0-aaf4-7828fbf30170,James Botts,0,Death Knight,RedTeam,9263,2175,234.8051387239555,69,3,0,0,186.22476519486128,48.580373529094246,0.0,10,3,17,1
ereq_d40e398a-5732-49ab-8153-1fc97d1bb536,2026-09-17T23:26:41.368066Z,gota-g003:v2,8cea4626-a0f1-4dd0-b066-58e6bd194ad3,Scott Smith,1,Crossbowman,RedTeam,9263,1300,140.34330130627225,22,3,3,4,59.37601209111519,48.580373529094246,32.38691568606283,12,3,17,1
ereq_d40e398a-5732-49ab-8153-1fc97d1bb536,2026-09-17T23:26:41.368066Z,richard-gods-of-the-arena:v78,881a807d-68ab-4a62-9b6c-e98694cf0bc3,richard,2,Lich,RedTeam,9263,2950,318.47133757961785,70,6,3,4,188.9236748353665,97.16074705818849,32.38691568606283,7,6,17,1
ereq_d40e398a-5732-49ab-8153-1fc97d1bb536,2026-09-17T23:26:41.368066Z,black-kite:v16,d10d7d74-40a7-4f6c-8838-e09729160349,Andrew Brower B,3,Warlock,RedTeam,9263,950,102.55856633919896,32,1,0,4,86.36510849616755,16.193457843031414,0.0,2,1,17,1
ereq_d40e398a-5732-49ab-8153-1fc97d1bb536,2026-09-17T23:26:41.368066Z,aaron-gota-ir-perimeter-blue_repair-0916-aaron:v1,b64f1ccb-02e1-4ad5-b75b-f374222e9e9a,Aaron,4,Berserker,RedTeam,9263,1400,151.13893986829322,30,3,2,7,80.96728921515708,48.580373529094246,21.591277124041888,9,3,17,1
ereq_d40e398a-5732-49ab-8153-1fc97d1bb536,2026-09-17T23:26:41.368066Z,relh-gods-of-the-arena:v145,6daf9052-7877-4dc4-b1b3-e03f479b8b55,relh,5,Vanguard Knight,BlueTeam,9263,375,40.48364460757854,15,0,0,9,40.48364460757854,0.0,0.0,3,0,19,0
ereq_d40e398a-5732-49ab-8153-1fc97d1bb536,2026-09-17T23:26:41.368066Z,Polyworld GOTA base.bas:v1,e8aed568-d03c-49bf-beaf-68c731f05d26,Andre von Houck,6,Ranger,BlueTeam,9263,1575,170.03130735182987,45,3,0,4,121.45093382273562,48.580373529094246,0.0,10,3,19,0
ereq_d40e398a-5732-49ab-8153-1fc97d1bb536,2026-09-17T23:26:41.368066Z,aaron-gota-ir-coordinated-support-anchor-0916:v1,9cedf3ff-c7ce-4cff-897f-d48b44e049ad,Aaron's Co-play Coach,7,Arcanist,BlueTeam,9263,4050,437.2233617618482,80,11,4,2,215.91277124041886,178.12803627334557,43.182554248083775,11,11,19,0
ereq_d40e398a-5732-49ab-8153-1fc97d1bb536,2026-09-17T23:26:41.368066Z,daf-gota-v1:v1,e7d1ba41-3be1-4785-815d-b3c9ad8f46b9,docxology,8,Druid Warden,BlueTeam,9263,450,48.580373529094246,6,2,0,1,16.193457843031414,32.38691568606283,0.0,5,2,19,0
ereq_d40e398a-5732-49ab-8153-1fc97d1bb536,2026-09-17T23:26:41.368066Z,khors:v1,fa00903c-0ba4-4eec-b20f-4c082550d80f,Andre von Auto,9,Demon Hunter,BlueTeam,9263,1325,143.04221094677752,31,3,1,1,83.66619885566232,48.580373529094246,10.795638562020944,6,3,19,0
ereq_5d8b1ef0-cf6f-466e-a6a4-d59a83ca26ad,2026-09-17T23:26:41.400819Z,gota-codex-side-aware-team-secondary-20260917:v1,a7551ee6-ef55-48f0-81bc-d1ba68ca54c2,daveey-2,0,Death Knight,RedTeam,10038,1075,107.09304642359035,43,0,0,11,107.09304642359035,0.0,0.0,0,0,22,0
ereq_5d8b1ef0-cf6f-466e-a6a4-d59a83ca26ad,2026-09-17T23:26:41.400819Z,gota-g002:v1,a30542cb-54de-4109-92e6-bcabca7db4d8,Alex Smith,1,Crossbowman,RedTeam,10038,1925,191.77126917712692,43,5,1,6,107.09304642359035,74.71607890017931,9.962143853357242,8,5,22,0
ereq_5d8b1ef0-cf6f-466e-a6a4-d59a83ca26ad,2026-09-17T23:26:41.400819Z,games-bond-gota:v6,58af3f96-f479-4fc3-b777-276e53f48b06,Games Bond,2,Lich,RedTeam,10038,2225,221.65770073719864,29,10,0,8,72.22554293684001,149.43215780035862,0.0,12,10,22,0
ereq_5d8b1ef0-cf6f-466e-a6a4-d59a83ca26ad,2026-09-17T23:26:41.400819Z,james-botts-gota:v13,40d72eea-ac61-44b0-aaf4-7828fbf30170,James Botts,3,Warlock,RedTeam,10038,2300,229.12930862721657,92,0,0,4,229.12930862721657,0.0,0.0,2,0,22,0
ereq_5d8b1ef0-cf6f-466e-a6a4-d59a83ca26ad,2026-09-17T23:26:41.400819Z,richard-gods-of-the-arena:v78,881a807d-68ab-4a62-9b6c-e98694cf0bc3,richard,4,Berserker,RedTeam,10038,2625,261.5062761506276,73,4,2,10,181.80912532376968,59.772863120143455,19.924287706714484,8,4,22,0
ereq_5d8b1ef0-cf6f-466e-a6a4-d59a83ca26ad,2026-09-17T23:26:41.400819Z,gota-g003:v2,8cea4626-a0f1-4dd0-b066-58e6bd194ad3,Scott Smith,5,Vanguard Knight,BlueTeam,10038,1175,117.0551902769476,17,5,0,7,42.33911137676828,74.71607890017931,0.0,8,5,39,1
ereq_5d8b1ef0-cf6f-466e-a6a4-d59a83ca26ad,2026-09-17T23:26:41.400819Z,aaron-gota-ir-perimeter-blue_repair-0916-aaron:v1,b64f1ccb-02e1-4ad5-b75b-f374222e9e9a,Aaron,6,Ranger,BlueTeam,10038,6150,612.6718469814704,86,18,13,3,214.1860928471807,268.97788404064556,129.50787009364416,21,18,39,1
ereq_5d8b1ef0-cf6f-466e-a6a4-d59a83ca26ad,2026-09-17T23:26:41.400819Z,aaron-gota-ir-coordinated-support-anchor-0916:v1,9cedf3ff-c7ce-4cff-897f-d48b44e049ad,Aaron's Co-play Coach,7,Arcanist,BlueTeam,10038,1150,114.56465431360829,32,1,2,4,79.69715082685794,14.943215780035864,19.924287706714484,7,1,39,1
ereq_5d8b1ef0-cf6f-466e-a6a4-d59a83ca26ad,2026-09-17T23:26:41.400819Z,relh-gods-of-the-arena:v145,6daf9052-7877-4dc4-b1b3-e03f479b8b55,relh,8,Druid Warden,BlueTeam,10038,1250,124.52679816696553,28,3,1,5,69.7350069735007,44.82964734010759,9.962143853357242,12,3,39,1
ereq_5d8b1ef0-cf6f-466e-a6a4-d59a83ca26ad,2026-09-17T23:26:41.400819Z,Jordan-ply_bcb80069-fb0c-4ba5-a45c-06b647870aeb:v218,f1cf890b-42d5-4cca-98cc-782774a7e9a7,Jordan,9,Demon Hunter,BlueTeam,10038,2900,288.90217174736006,64,8,1,3,159.39430165371587,119.54572624028691,9.962143853357242,15,8,39,1
ereq_811fabaa-7abd-44c2-93a5-fac90c81f2e1,2026-09-17T23:26:41.394341Z,black-kite:v16,d10d7d74-40a7-4f6c-8838-e09729160349,Andrew Brower B,0,Death Knight,RedTeam,17208,3175,184.5072059507206,103,4,0,7,149.63970246397025,34.86750348675035,0.0,16,4,52,1
ereq_811fabaa-7abd-44c2-93a5-fac90c81f2e1,2026-09-17T23:26:41.394341Z,gota-codex-side-aware-team-secondary-20260917:v1,a7551ee6-ef55-48f0-81bc-d1ba68ca54c2,daveey-2,1,Crossbowman,RedTeam,17208,4300,249.8837749883775,78,15,1,7,113.31938633193863,130.7531380753138,5.8112505811250585,24,15,52,1
ereq_811fabaa-7abd-44c2-93a5-fac90c81f2e1,2026-09-17T23:26:41.394341Z,aaron-gota-ir-coordinated-support-anchor-0916:v1,9cedf3ff-c7ce-4cff-897f-d48b44e049ad,Aaron's Co-play Coach,2,Lich,RedTeam,17208,5600,325.4300325430033,104,16,6,6,151.0925151092515,139.4700139470014,34.86750348675035,16,16,52,1
ereq_811fabaa-7abd-44c2-93a5-fac90c81f2e1,2026-09-17T23:26:41.394341Z,richard-gods-of-the-arena:v78,881a807d-68ab-4a62-9b6c-e98694cf0bc3,richard,3,Warlock,RedTeam,17208,2275,132.20595072059507,57,5,1,11,82.81032078103208,43.584379358437936,5.8112505811250585,11,5,52,1
ereq_811fabaa-7abd-44c2-93a5-fac90c81f2e1,2026-09-17T23:26:41.394341Z,gota-g002:v1,a30542cb-54de-4109-92e6-bcabca7db4d8,Alex Smith,4,Berserker,RedTeam,17208,1875,108.96094839609484,21,7,3,11,30.509065550906556,61.01813110181311,17.433751743375176,13,7,52,1
ereq_811fabaa-7abd-44c2-93a5-fac90c81f2e1,2026-09-17T23:26:41.394341Z,james-botts-gota:v13,40d72eea-ac61-44b0-aaf4-7828fbf30170,James Botts,5,Vanguard Knight,BlueTeam,17208,1650,95.88563458856346,48,3,0,3,69.7350069735007,26.15062761506276,0.0,10,3,42,0
ereq_811fabaa-7abd-44c2-93a5-fac90c81f2e1,2026-09-17T23:26:41.394341Z,macromackie-gota:v4,1a78a3f9-8112-4c2c-831a-f0ffee8dbacc,macromackie,6,Ranger,BlueTeam,17208,4225,245.5253370525337,113,8,2,17,164.1678289167829,69.7350069735007,11.622501162250117,16,8,42,0
ereq_811fabaa-7abd-44c2-93a5-fac90c81f2e1,2026-09-17T23:26:41.394341Z,gota-g003:v2,8cea4626-a0f1-4dd0-b066-58e6bd194ad3,Scott Smith,7,Arcanist,BlueTeam,17208,5525,321.07159460715945,85,22,1,7,123.48907484890748,191.77126917712692,5.8112505811250585,33,21,42,0
ereq_811fabaa-7abd-44c2-93a5-fac90c81f2e1,2026-09-17T23:26:41.394341Z,daf-gota-v1:v1,e7d1ba41-3be1-4785-815d-b3c9ad8f46b9,docxology,8,Druid Warden,BlueTeam,17208,1825,106.05532310553231,55,3,0,13,79.90469549046955,26.15062761506276,0.0,15,3,42,0
ereq_811fabaa-7abd-44c2-93a5-fac90c81f2e1,2026-09-17T23:26:41.394341Z,relh-gods-of-the-arena:v145,6daf9052-7877-4dc4-b1b3-e03f479b8b55,relh,9,Demon Hunter,BlueTeam,17208,2300,133.65876336587633,78,1,2,12,113.31938633193863,8.716875871687588,11.622501162250117,8,1,42,0
ereq_06fad346-9bb4-4f6c-8cae-7713d3687090,2026-09-17T23:26:41.384910Z,red-kite:v34,a4590ed4-0b0c-4d86-8968-0844796f30e0,Andrew Brower,0,Death Knight,RedTeam,5184,950,183.25617283950618,32,1,0,6,154.320987654321,28.935185185185187,0.0,1,1,14,0
ereq_06fad346-9bb4-4f6c-8cae-7713d3687090,2026-09-17T23:26:41.384910Z,Jordan-ply_bcb80069-fb0c-4ba5-a45c-06b647870aeb:v218,f1cf890b-42d5-4cca-98cc-782774a7e9a7,Jordan,1,Crossbowman,RedTeam,5184,1000,192.90123456790124,18,3,1,2,86.80555555555556,86.80555555555556,19.290123456790123,5,3,14,0
ereq_06fad346-9bb4-4f6c-8cae-7713d3687090,2026-09-17T23:26:41.384910Z,james-botts-gota:v13,40d72eea-ac61-44b0-aaf4-7828fbf30170,James Botts,2,Lich,RedTeam,5184,1050,202.5462962962963,36,1,0,1,173.61111111111111,28.935185185185187,0.0,6,1,14,0
ereq_06fad346-9bb4-4f6c-8cae-7713d3687090,2026-09-17T23:26:41.384910Z,games-bond-gota:v6,58af3f96-f479-4fc3-b777-276e53f48b06,Games Bond,3,Warlock,RedTeam,5184,200,38.58024691358025,2,1,0,4,9.645061728395062,28.935185185185187,0.0,2,1,14,0
ereq_06fad346-9bb4-4f6c-8cae-7713d3687090,2026-09-17T23:26:41.384910Z,black-kite:v16,d10d7d74-40a7-4f6c-8838-e09729160349,Andrew Brower B,4,Berserker,RedTeam,5184,2475,477.43055555555554,57,5,3,0,274.88425925925924,144.67592592592592,57.870370370370374,6,5,14,0
ereq_06fad346-9bb4-4f6c-8cae-7713d3687090,2026-09-17T23:26:41.384910Z,richard-gods-of-the-arena:v78,881a807d-68ab-4a62-9b6c-e98694cf0bc3,richard,5,Vanguard Knight,BlueTeam,5184,350,67.51543209876543,14,0,0,5,67.51543209876543,0.0,0.0,1,0,13,1
ereq_06fad346-9bb4-4f6c-8cae-7713d3687090,2026-09-17T23:26:41.384910Z,aaron-gota-ir-perimeter-blue_repair-0916-aaron:v1,b64f1ccb-02e1-4ad5-b75b-f374222e9e9a,Aaron,6,Ranger,BlueTeam,5184,2300,443.67283950617286,40,4,7,0,192.90123456790124,115.74074074074075,135.03086419753086,8,4,13,1
ereq_06fad346-9bb4-4f6c-8cae-7713d3687090,2026-09-17T23:26:41.384910Z,macromackie-gota:v4,1a78a3f9-8112-4c2c-831a-f0ffee8dbacc,macromackie,7,Arcanist,BlueTeam,5184,1575,303.81944444444446,29,5,1,2,139.8533950617284,144.67592592592592,19.290123456790123,6,5,13,1
ereq_06fad346-9bb4-4f6c-8cae-7713d3687090,2026-09-17T23:26:41.384910Z,gota-g002:v1,a30542cb-54de-4109-92e6-bcabca7db4d8,Alex Smith,8,Druid Warden,BlueTeam,5184,250,48.22530864197531,10,0,0,6,48.22530864197531,0.0,0.0,2,0,13,1
ereq_06fad346-9bb4-4f6c-8cae-7713d3687090,2026-09-17T23:26:41.384910Z,aaron-gota-ir-coordinated-support-anchor-0916:v1,9cedf3ff-c7ce-4cff-897f-d48b44e049ad,Aaron's Co-play Coach,9,Demon Hunter,BlueTeam,5184,1450,279.7067901234568,18,4,4,1,86.80555555555556,115.74074074074075,77.1604938271605,5,4,13,1
ereq_b28f4bdf-4435-4d6b-a471-12b58f717928,2026-09-17T23:26:41.370385Z,nancy-goa:v2,2777766f-4931-4fd9-83f2-44a3f509ede1,NanosaurusX,0,Death Knight,RedTeam,5762,1225,212.59979173897952,43,1,0,3,186.56716417910448,26.032627559875042,0.0,2,1,8,0
ereq_b28f4bdf-4435-4d6b-a471-12b58f717928,2026-09-17T23:26:41.370385Z,relh-gods-of-the-arena:v145,6daf9052-7877-4dc4-b1b3-e03f479b8b55,relh,1,Crossbowman,RedTeam,5762,1250,216.9385629989587,30,2,2,1,130.16313779937522,52.065255119750084,34.71017007983339,3,2,8,0
ereq_b28f4bdf-4435-4d6b-a471-12b58f717928,2026-09-17T23:26:41.370385Z,black-kite:v16,d10d7d74-40a7-4f6c-8838-e09729160349,Andrew Brower B,2,Lich,RedTeam,5762,1525,264.6650468587296,33,4,1,2,143.17945157931274,104.13051023950017,17.355085039916695,5,4,8,0
ereq_b28f4bdf-4435-4d6b-a471-12b58f717928,2026-09-17T23:26:41.370385Z,james-botts-gota:v13,40d72eea-ac61-44b0-aaf4-7828fbf30170,James Botts,3,Warlock,RedTeam,5762,450,78.09788267962513,18,0,0,3,78.09788267962513,0.0,0.0,0,0,8,0
ereq_b28f4bdf-4435-4d6b-a471-12b58f717928,2026-09-17T23:26:41.370385Z,red-kite:v34,a4590ed4-0b0c-4d86-8968-0844796f30e0,Andrew Brower,4,Berserker,RedTeam,5762,825,143.17945157931274,27,1,0,5,117.1468240194377,26.032627559875042,0.0,1,1,8,0
ereq_b28f4bdf-4435-4d6b-a471-12b58f717928,2026-09-17T23:26:41.370385Z,gota-g003:v2,8cea4626-a0f1-4dd0-b066-58e6bd194ad3,Scott Smith,5,Vanguard Knight,BlueTeam,5762,325,56.40402637972926,13,0,0,2,56.40402637972926,0.0,0.0,4,0,14,1
ereq_b28f4bdf-4435-4d6b-a471-12b58f717928,2026-09-17T23:26:41.370385Z,gota-g002:v1,a30542cb-54de-4109-92e6-bcabca7db4d8,Alex Smith,6,Ranger,BlueTeam,5762,1875,325.40784449843807,27,8,0,1,117.1468240194377,208.26102047900034,0.0,9,8,14,1
ereq_b28f4bdf-4435-4d6b-a471-12b58f717928,2026-09-17T23:26:41.370385Z,aaron-gota-ir-coordinated-support-anchor-0916:v1,9cedf3ff-c7ce-4cff-897f-d48b44e049ad,Aaron's Co-play Coach,7,Arcanist,BlueTeam,5762,1850,321.0690732384589,34,4,4,1,147.51822283929192,104.13051023950017,69.42034015966678,7,4,14,1
ereq_b28f4bdf-4435-4d6b-a471-12b58f717928,2026-09-17T23:26:41.370385Z,aaron-gota-ir-perimeter-blue_repair-0916-aaron:v1,b64f1ccb-02e1-4ad5-b75b-f374222e9e9a,Aaron,8,Druid Warden,BlueTeam,5762,925,160.53453661922944,21,2,1,2,91.11419645956265,52.065255119750084,17.355085039916695,4,2,14,1
ereq_b28f4bdf-4435-4d6b-a471-12b58f717928,2026-09-17T23:26:41.370385Z,daf-gota-v1:v1,e7d1ba41-3be1-4785-815d-b3c9ad8f46b9,docxology,9,Demon Hunter,BlueTeam,5762,1250,216.9385629989587,38,0,3,2,164.8733078792086,0.0,52.065255119750084,3,0,14,1
ereq_0eaac092-36fe-4350-9e44-c7eacc0622c1,2026-09-17T23:26:41.387815Z,red-kite:v34,a4590ed4-0b0c-4d86-8968-0844796f30e0,Andrew Brower,0,Death Knight,RedTeam,8045,1125,139.83840894965817,39,1,0,2,121.19328775637041,18.645121193287757,0.0,4,1,15,1
ereq_0eaac092-36fe-4350-9e44-c7eacc0622c1,2026-09-17T23:26:41.387815Z,relh-gods-of-the-arena:v145,6daf9052-7877-4dc4-b1b3-e03f479b8b55,relh,1,Crossbowman,RedTeam,8045,1200,149.16096954630206,34,1,2,5,105.65568676196395,18.645121193287757,24.860161591050343,4,1,15,1
ereq_0eaac092-36fe-4350-9e44-c7eacc0622c1,2026-09-17T23:26:41.387815Z,Polyworld GOTA base.bas:v1,e8aed568-d03c-49bf-beaf-68c731f05d26,Andre von Houck,2,Lich,RedTeam,8045,2350,292.1068986948415,50,6,2,2,155.37600994406463,111.87072715972654,24.860161591050343,8,6,15,1
ereq_0eaac092-36fe-4350-9e44-c7eacc0622c1,2026-09-17T23:26:41.387815Z,gota-g003:v2,8cea4626-a0f1-4dd0-b066-58e6bd194ad3,Scott Smith,3,Warlock,RedTeam,8045,1600,198.88129272840274,30,3,4,2,93.22560596643878,55.93536357986327,49.720323182100685,10,3,15,1
ereq_0eaac092-36fe-4350-9e44-c7eacc0622c1,2026-09-17T23:26:41.387815Z,nancy-goa:v2,2777766f-4931-4fd9-83f2-44a3f509ede1,NanosaurusX,4,Berserker,RedTeam,8045,875,108.76320696084525,13,3,1,3,40.3977625854568,55.93536357986327,12.430080795525171,7,3,15,1
ereq_0eaac092-36fe-4350-9e44-c7eacc0622c1,2026-09-17T23:26:41.387815Z,richard-gods-of-the-arena:v78,881a807d-68ab-4a62-9b6c-e98694cf0bc3,richard,5,Vanguard Knight,BlueTeam,8045,1475,183.34369173399628,59,0,0,8,183.34369173399628,0.0,0.0,1,0,14,0
ereq_0eaac092-36fe-4350-9e44-c7eacc0622c1,2026-09-17T23:26:41.387815Z,james-botts-gota:v13,40d72eea-ac61-44b0-aaf4-7828fbf30170,James Botts,6,Ranger,BlueTeam,8045,1725,214.4188937228092,39,5,0,2,121.19328775637041,93.22560596643878,0.0,6,5,14,0
ereq_0eaac092-36fe-4350-9e44-c7eacc0622c1,2026-09-17T23:26:41.387815Z,black-kite:v16,d10d7d74-40a7-4f6c-8838-e09729160349,Andrew Brower B,7,Arcanist,BlueTeam,8045,2650,329.39714108141703,66,6,1,2,205.09633312616532,111.87072715972654,12.430080795525171,6,6,14,0
ereq_0eaac092-36fe-4350-9e44-c7eacc0622c1,2026-09-17T23:26:41.387815Z,aaron-gota-ir-perimeter-blue_repair-0916-aaron:v1,b64f1ccb-02e1-4ad5-b75b-f374222e9e9a,Aaron,8,Druid Warden,BlueTeam,8045,500,62.15040397762586,12,0,2,2,37.290242386575514,0.0,24.860161591050343,3,0,14,0
ereq_0eaac092-36fe-4350-9e44-c7eacc0622c1,2026-09-17T23:26:41.387815Z,Jordan-ply_bcb80069-fb0c-4ba5-a45c-06b647870aeb:v218,f1cf890b-42d5-4cca-98cc-782774a7e9a7,Jordan,9,Demon Hunter,BlueTeam,8045,1175,146.05344934742075,41,1,0,1,127.408328154133,18.645121193287757,0.0,4,1,14,0
ereq_c883adcb-10c3-478b-8850-2a01e5edf776,2026-09-17T23:26:41.398566Z,Polyworld GOTA base.bas:v1,e8aed568-d03c-49bf-beaf-68c731f05d26,Andre von Houck,0,Death Knight,RedTeam,4358,1125,258.1459385039009,21,4,0,2,120.46810463515374,137.67783386874714,0.0,5,4,10,0
ereq_c883adcb-10c3-478b-8850-2a01e5edf776,2026-09-17T23:26:41.398566Z,james-botts-gota:v13,40d72eea-ac61-44b0-aaf4-7828fbf30170,James Botts,1,Crossbowman,RedTeam,4358,100,22.946305644791188,4,0,0,1,22.946305644791188,0.0,0.0,1,0,10,0
ereq_c883adcb-10c3-478b-8850-2a01e5edf776,2026-09-17T23:26:41.398566Z,richard-gods-of-the-arena:v78,881a807d-68ab-4a62-9b6c-e98694cf0bc3,richard,2,Lich,RedTeam,4358,1875,430.2432308398348,43,4,2,1,246.67278568150527,137.67783386874714,45.892611289582376,5,4,10,0
ereq_c883adcb-10c3-478b-8850-2a01e5edf776,2026-09-17T23:26:41.398566Z,gota-g002:v1,a30542cb-54de-4109-92e6-bcabca7db4d8,Alex Smith,3,Warlock,RedTeam,4358,400,91.78522257916475,10,1,0,3,57.365764111977974,34.419458467186786,0.0,4,1,10,0
ereq_c883adcb-10c3-478b-8850-2a01e5edf776,2026-09-17T23:26:41.398566Z,aaron-gota-ir-perimeter-blue_repair-0916-aaron:v1,b64f1ccb-02e1-4ad5-b75b-f374222e9e9a,Aaron,4,Berserker,RedTeam,4358,1000,229.4630564479119,28,0,3,0,160.62413951353832,0.0,68.83891693437357,0,0,10,0
ereq_c883adcb-10c3-478b-8850-2a01e5edf776,2026-09-17T23:26:41.398566Z,Jordan-ply_bcb80069-fb0c-4ba5-a45c-06b647870aeb:v218,f1cf890b-42d5-4cca-98cc-782774a7e9a7,Jordan,5,Vanguard Knight,BlueTeam,4358,400,91.78522257916475,10,1,0,2,57.365764111977974,34.419458467186786,0.0,1,1,7,1
ereq_c883adcb-10c3-478b-8850-2a01e5edf776,2026-09-17T23:26:41.398566Z,nancy-goa:v2,2777766f-4931-4fd9-83f2-44a3f509ede1,NanosaurusX,6,Ranger,BlueTeam,4358,900,206.5167508031207,16,2,2,3,91.78522257916475,68.83891693437357,45.892611289582376,3,2,7,1
ereq_c883adcb-10c3-478b-8850-2a01e5edf776,2026-09-17T23:26:41.398566Z,gota-codex-side-aware-team-secondary-20260917:v1,a7551ee6-ef55-48f0-81bc-d1ba68ca54c2,daveey-2,7,Arcanist,BlueTeam,4358,250,57.365764111977974,10,0,0,2,57.365764111977974,0.0,0.0,2,0,7,1
ereq_c883adcb-10c3-478b-8850-2a01e5edf776,2026-09-17T23:26:41.398566Z,red-kite:v34,a4590ed4-0b0c-4d86-8968-0844796f30e0,Andrew Brower,8,Druid Warden,BlueTeam,4358,925,212.2533272143185,19,3,0,1,108.99495181275815,103.25837540156034,0.0,3,3,7,1
ereq_c883adcb-10c3-478b-8850-2a01e5edf776,2026-09-17T23:26:41.398566Z,aaron-gota-ir-coordinated-support-anchor-0916:v1,9cedf3ff-c7ce-4cff-897f-d48b44e049ad,Aaron's Co-play Coach,9,Demon Hunter,BlueTeam,4358,1600,367.140890316659,30,1,7,2,172.0972923359339,34.419458467186786,160.62413951353832,1,1,7,1
ereq_670cf1b4-5536-456b-a9c5-a8a93fb57bdf,2026-09-17T23:26:41.390088Z,aaron-gota-ir-coordinated-support-anchor-0916:v1,9cedf3ff-c7ce-4cff-897f-d48b44e049ad,Aaron's Co-play Coach,0,Death Knight,RedTeam,7679,2550,332.07448886573775,66,6,0,1,214.871728089595,117.20276077614272,0.0,7,6,36,1
ereq_670cf1b4-5536-456b-a9c5-a8a93fb57bdf,2026-09-17T23:26:41.390088Z,gota-codex-side-aware-team-secondary-20260917:v1,a7551ee6-ef55-48f0-81bc-d1ba68ca54c2,daveey-2,1,Crossbowman,RedTeam,7679,1400,182.31540565177758,34,3,1,3,110.69149628857924,58.60138038807136,13.022528975126969,10,3,36,1
ereq_670cf1b4-5536-456b-a9c5-a8a93fb57bdf,2026-09-17T23:26:41.390088Z,gota-vanguard-rally-hold:v1,3ccd4955-3d9c-4c79-a243-e5dc12d650ad,daveey,2,Lich,RedTeam,7679,1650,214.871728089595,26,6,1,1,84.6464383383253,117.20276077614272,13.022528975126969,15,6,36,1
ereq_670cf1b4-5536-456b-a9c5-a8a93fb57bdf,2026-09-17T23:26:41.390088Z,Jordan-ply_bcb80069-fb0c-4ba5-a45c-06b647870aeb:v218,f1cf890b-42d5-4cca-98cc-782774a7e9a7,Jordan,3,Warlock,RedTeam,7679,1050,136.73655423883318,12,5,0,2,39.06758692538091,97.66896731345227,0.0,13,5,36,1
ereq_670cf1b4-5536-456b-a9c5-a8a93fb57bdf,2026-09-17T23:26:41.390088Z,gota-g002:v1,a30542cb-54de-4109-92e6-bcabca7db4d8,Alex Smith,4,Berserker,RedTeam,7679,3850,501.3673655423883,44,15,5,2,143.24781872639667,293.00690194035684,65.11264487563484,25,15,36,1
ereq_670cf1b4-5536-456b-a9c5-a8a93fb57bdf,2026-09-17T23:26:41.390088Z,richard-gods-of-the-arena:v78,881a807d-68ab-4a62-9b6c-e98694cf0bc3,richard,5,Vanguard Knight,BlueTeam,7679,350,45.578851412944395,8,1,0,12,26.045057950253938,19.533793462690454,0.0,2,1,9,0
ereq_670cf1b4-5536-456b-a9c5-a8a93fb57bdf,2026-09-17T23:26:41.390088Z,relh-gods-of-the-arena:v145,6daf9052-7877-4dc4-b1b3-e03f479b8b55,relh,6,Ranger,BlueTeam,7679,2200,286.49563745279335,54,5,1,4,175.8041411642141,97.66896731345227,13.022528975126969,7,5,9,0
ereq_670cf1b4-5536-456b-a9c5-a8a93fb57bdf,2026-09-17T23:26:41.390088Z,black-kite:v16,d10d7d74-40a7-4f6c-8838-e09729160349,Andrew Brower B,7,Arcanist,BlueTeam,7679,1150,149.75908321396014,40,1,0,6,130.22528975126968,19.533793462690454,0.0,1,1,9,0
ereq_670cf1b4-5536-456b-a9c5-a8a93fb57bdf,2026-09-17T23:26:41.390088Z,macromackie-gota:v4,1a78a3f9-8112-4c2c-831a-f0ffee8dbacc,macromackie,8,Druid Warden,BlueTeam,7679,625,81.39080609454356,25,0,0,10,81.39080609454356,0.0,0.0,4,0,9,0
ereq_670cf1b4-5536-456b-a9c5-a8a93fb57bdf,2026-09-17T23:26:41.390088Z,james-botts-gota:v13,40d72eea-ac61-44b0-aaf4-7828fbf30170,James Botts,9,Demon Hunter,BlueTeam,7679,325,42.32321916916265,13,0,0,4,42.32321916916265,0.0,0.0,2,0,9,0
ereq_c826a90d-891e-4260-ba9f-177a5232793e,2026-09-17T23:26:41.382099Z,macromackie-gota:v4,1a78a3f9-8112-4c2c-831a-f0ffee8dbacc,macromackie,0,Death Knight,RedTeam,10517,1150,109.34677189312542,30,2,1,4,71.31311210421222,28.52524484168489,9.508414947228298,8,2,36,1
ereq_c826a90d-891e-4260-ba9f-177a5232793e,2026-09-17T23:26:41.382099Z,aaron-gota-ir-coordinated-support-anchor-0916:v1,9cedf3ff-c7ce-4cff-897f-d48b44e049ad,Aaron's Co-play Coach,1,Crossbowman,RedTeam,10517,4825,458.7810212037653,63,17,7,2,149.7575354188457,242.46458115432156,66.55890463059808,20,17,36,1
ereq_c826a90d-891e-4260-ba9f-177a5232793e,2026-09-17T23:26:41.382099Z,gota-g002:v1,a30542cb-54de-4109-92e6-bcabca7db4d8,Alex Smith,2,Lich,RedTeam,10517,2875,273.36692973281356,45,11,1,8,106.96966815631833,156.8888466292669,9.508414947228298,14,11,36,1
ereq_c826a90d-891e-4260-ba9f-177a5232793e,2026-09-17T23:26:41.382099Z,relh-gods-of-the-arena:v145,6daf9052-7877-4dc4-b1b3-e03f479b8b55,relh,3,Warlock,RedTeam,10517,2675,254.35009983835695,71,4,3,4,168.77436531330227,57.05048968336978,28.52524484168489,7,4,36,1
ereq_c826a90d-891e-4260-ba9f-177a5232793e,2026-09-17T23:26:41.382099Z,aaron-gota-ir-perimeter-blue_repair-0916-aaron:v1,b64f1ccb-02e1-4ad5-b75b-f374222e9e9a,Aaron,4,Berserker,RedTeam,10517,550,52.29628220975563,22,0,0,6,52.29628220975563,0.0,0.0,4,0,36,1
ereq_c826a90d-891e-4260-ba9f-177a5232793e,2026-09-17T23:26:41.382099Z,richard-gods-of-the-arena:v78,881a807d-68ab-4a62-9b6c-e98694cf0bc3,richard,5,Vanguard Knight,BlueTeam,10517,300,28.52524484168489,8,0,1,9,19.016829894456595,0.0,9.508414947228298,3,0,24,0
ereq_c826a90d-891e-4260-ba9f-177a5232793e,2026-09-17T23:26:41.382099Z,khors:v1,fa00903c-0ba4-4eec-b20f-4c082550d80f,Andre von Auto,6,Ranger,BlueTeam,10517,2025,192.54540268137302,33,8,0,9,78.44442331463345,114.10097936673957,0.0,13,8,24,0
ereq_c826a90d-891e-4260-ba9f-177a5232793e,2026-09-17T23:26:41.382099Z,red-kite:v34,a4590ed4-0b0c-4d86-8968-0844796f30e0,Andrew Brower,7,Arcanist,BlueTeam,10517,2800,266.2356185223923,88,4,0,11,209.18512883902252,57.05048968336978,0.0,10,4,24,0
ereq_c826a90d-891e-4260-ba9f-177a5232793e,2026-09-17T23:26:41.382099Z,james-botts-gota:v13,40d72eea-ac61-44b0-aaf4-7828fbf30170,James Botts,8,Druid Warden,BlueTeam,10517,2050,194.9225064181801,82,0,0,1,194.9225064181801,0.0,0.0,2,0,24,0
ereq_c826a90d-891e-4260-ba9f-177a5232793e,2026-09-17T23:26:41.382099Z,gota-codex-side-aware-team-secondary-20260917:v1,a7551ee6-ef55-48f0-81bc-d1ba68ca54c2,daveey-2,9,Demon Hunter,BlueTeam,10517,4025,382.71370162593894,97,10,1,6,230.5790624702862,142.62622420842445,9.508414947228298,14,10,24,0
ereq_3f82e5a2-d8f1-42f1-b901-94ad7714d76d,2026-09-17T23:26:41.390784Z,james-botts-gota:v13,40d72eea-ac61-44b0-aaf4-7828fbf30170,James Botts,0,Death Knight,RedTeam,5295,825,155.80736543909347,27,1,0,0,127.47875354107649,28.328611898016998,0.0,2,1,7,0
ereq_3f82e5a2-d8f1-42f1-b901-94ad7714d76d,2026-09-17T23:26:41.390784Z,gota-codex-side-aware-team-secondary-20260917:v1,a7551ee6-ef55-48f0-81bc-d1ba68ca54c2,daveey-2,1,Crossbowman,RedTeam,5295,175,33.050047214353164,3,0,1,4,14.164305949008499,0.0,18.885741265344663,0,0,7,0
ereq_3f82e5a2-d8f1-42f1-b901-94ad7714d76d,2026-09-17T23:26:41.390784Z,aaron-gota-ir-perimeter-blue_repair-0916-aaron:v1,b64f1ccb-02e1-4ad5-b75b-f374222e9e9a,Aaron,2,Lich,RedTeam,5295,775,146.36449480642116,13,3,0,3,61.37865911237016,84.98583569405099,0.0,4,3,7,0
ereq_3f82e5a2-d8f1-42f1-b901-94ad7714d76d,2026-09-17T23:26:41.390784Z,gota-vanguard-rally-hold:v1,3ccd4955-3d9c-4c79-a243-e5dc12d650ad,daveey,3,Warlock,RedTeam,5295,1000,188.85741265344666,28,2,0,7,132.20018885741266,56.657223796033996,0.0,3,2,7,0
ereq_3f82e5a2-d8f1-42f1-b901-94ad7714d76d,2026-09-17T23:26:41.390784Z,aaron-gota-ir-coordinated-support-anchor-0916:v1,9cedf3ff-c7ce-4cff-897f-d48b44e049ad,Aaron's Co-play Coach,4,Berserker,RedTeam,5295,925,174.69310670443815,31,1,0,2,146.36449480642116,28.328611898016998,0.0,3,1,7,0
ereq_3f82e5a2-d8f1-42f1-b901-94ad7714d76d,2026-09-17T23:26:41.390784Z,khors:v1,fa00903c-0ba4-4eec-b20f-4c082550d80f,Andre von Auto,5,Vanguard Knight,BlueTeam,5295,950,179.41454202077432,24,1,2,2,113.31444759206799,28.328611898016998,37.771482530689326,4,1,16,1
ereq_3f82e5a2-d8f1-42f1-b901-94ad7714d76d,2026-09-17T23:26:41.390784Z,gota-g002:v1,a30542cb-54de-4109-92e6-bcabca7db4d8,Alex Smith,6,Ranger,BlueTeam,5295,2450,462.7006610009443,42,8,2,1,198.30028328611897,226.62889518413598,37.771482530689326,9,8,16,1
ereq_3f82e5a2-d8f1-42f1-b901-94ad7714d76d,2026-09-17T23:26:41.390784Z,relh-gods-of-the-arena:v145,6daf9052-7877-4dc4-b1b3-e03f479b8b55,relh,7,Arcanist,BlueTeam,5295,225,42.492917847025495,9,0,0,3,42.492917847025495,0.0,0.0,1,0,16,1
ereq_3f82e5a2-d8f1-42f1-b901-94ad7714d76d,2026-09-17T23:26:41.390784Z,red-kite:v34,a4590ed4-0b0c-4d86-8968-0844796f30e0,Andrew Brower,8,Druid Warden,BlueTeam,5295,1300,245.51463644948063,28,4,0,0,132.20018885741266,113.31444759206799,0.0,8,4,16,1
ereq_3f82e5a2-d8f1-42f1-b901-94ad7714d76d,2026-09-17T23:26:41.390784Z,black-kite:v16,d10d7d74-40a7-4f6c-8838-e09729160349,Andrew Brower B,9,Demon Hunter,BlueTeam,5295,1525,288.00755429650616,33,2,4,1,155.80736543909347,56.657223796033996,75.54296506137865,6,2,16,1
ereq_1a67cc6c-7c3e-4508-9c78-2d8c5c2f1e53,2026-09-17T23:26:41.377052Z,richard-gods-of-the-arena:v78,881a807d-68ab-4a62-9b6c-e98694cf0bc3,richard,0,Death Knight,RedTeam,6280,950,151.27388535031847,24,1,2,3,95.54140127388536,23.88535031847134,31.84713375796178,4,1,17,0
ereq_1a67cc6c-7c3e-4508-9c78-2d8c5c2f1e53,2026-09-17T23:26:41.377052Z,james-botts-gota:v13,40d72eea-ac61-44b0-aaf4-7828fbf30170,James Botts,1,Crossbowman,RedTeam,6280,900,143.31210191082803,18,3,0,0,71.65605095541402,71.65605095541402,0.0,4,3,17,0
ereq_1a67cc6c-7c3e-4508-9c78-2d8c5c2f1e53,2026-09-17T23:26:41.377052Z,gota-vanguard-rally-hold:v1,3ccd4955-3d9c-4c79-a243-e5dc12d650ad,daveey,2,Lich,RedTeam,6280,1475,234.87261146496814,35,4,0,6,139.3312101910828,95.54140127388536,0.0,7,4,17,0
ereq_1a67cc6c-7c3e-4508-9c78-2d8c5c2f1e53,2026-09-17T23:26:41.377052Z,Jordan-ply_bcb80069-fb0c-4ba5-a45c-06b647870aeb:v218,f1cf890b-42d5-4cca-98cc-782774a7e9a7,Jordan,3,Warlock,RedTeam,6280,1275,203.02547770700636,17,5,1,2,67.67515923566879,119.4267515923567,15.92356687898089,6,5,17,0
ereq_1a67cc6c-7c3e-4508-9c78-2d8c5c2f1e53,2026-09-17T23:26:41.377052Z,aaron-gota-ir-perimeter-blue_repair-0916-aaron:v1,b64f1ccb-02e1-4ad5-b75b-f374222e9e9a,Aaron,4,Berserker,RedTeam,6280,1650,262.7388535031847,34,2,5,1,135.35031847133757,47.77070063694268,79.61783439490446,5,2,17,0
ereq_1a67cc6c-7c3e-4508-9c78-2d8c5c2f1e53,2026-09-17T23:26:41.377052Z,aaron-gota-ir-coordinated-support-anchor-0916:v1,9cedf3ff-c7ce-4cff-897f-d48b44e049ad,Aaron's Co-play Coach,5,Vanguard Knight,BlueTeam,6280,650,103.5031847133758,10,2,1,3,39.80891719745223,47.77070063694268,15.92356687898089,2,2,12,1
ereq_1a67cc6c-7c3e-4508-9c78-2d8c5c2f1e53,2026-09-17T23:26:41.377052Z,black-kite:v16,d10d7d74-40a7-4f6c-8838-e09729160349,Andrew Brower B,6,Ranger,BlueTeam,6280,2025,322.45222929936307,45,4,3,1,179.14012738853503,95.54140127388536,47.77070063694268,5,4,12,1
ereq_1a67cc6c-7c3e-4508-9c78-2d8c5c2f1e53,2026-09-17T23:26:41.377052Z,red-kite:v34,a4590ed4-0b0c-4d86-8968-0844796f30e0,Andrew Brower,7,Arcanist,BlueTeam,6280,975,155.25477707006368,7,4,2,2,27.866242038216562,95.54140127388536,31.84713375796178,6,4,12,1
ereq_1a67cc6c-7c3e-4508-9c78-2d8c5c2f1e53,2026-09-17T23:26:41.377052Z,relh-gods-of-the-arena:v145,6daf9052-7877-4dc4-b1b3-e03f479b8b55,relh,8,Druid Warden,BlueTeam,6280,700,111.46496815286625,28,0,0,6,111.46496815286625,0.0,0.0,3,0,12,1
ereq_1a67cc6c-7c3e-4508-9c78-2d8c5c2f1e53,2026-09-17T23:26:41.377052Z,macromackie-gota:v4,1a78a3f9-8112-4c2c-831a-f0ffee8dbacc,macromackie,9,Demon Hunter,BlueTeam,6280,775,123.40764331210191,23,0,2,5,91.56050955414013,0.0,31.84713375796178,1,0,12,1
ereq_4489ac5e-138b-4027-81a0-fc98a089fedc,2026-09-17T23:26:41.400040Z,relh-gods-of-the-arena:v145,6daf9052-7877-4dc4-b1b3-e03f479b8b55,relh,0,Death Knight,RedTeam,11276,375,33.25647392692444,11,0,1,4,24.38808087974459,0.0,8.86839304717985,5,0,32,1
ereq_4489ac5e-138b-4027-81a0-fc98a089fedc,2026-09-17T23:26:41.400040Z,khors:v1,fa00903c-0ba4-4eec-b20f-4c082550d80f,Andre von Auto,1,Crossbowman,RedTeam,11276,3300,292.6569705569351,48,14,0,6,106.4207165661582,186.23625399077687,0.0,24,13,32,1
ereq_4489ac5e-138b-4027-81a0-fc98a089fedc,2026-09-17T23:26:41.400040Z,james-botts-gota:v13,40d72eea-ac61-44b0-aaf4-7828fbf30170,James Botts,2,Lich,RedTeam,11276,2800,248.31500532103584,76,6,0,3,168.49946789641717,79.81553742461865,0.0,12,6,32,1
ereq_4489ac5e-138b-4027-81a0-fc98a089fedc,2026-09-17T23:26:41.400040Z,aaron-gota-ir-perimeter-blue_repair-0916-aaron:v1,b64f1ccb-02e1-4ad5-b75b-f374222e9e9a,Aaron,3,Warlock,RedTeam,11276,2125,188.45335225257185,43,5,3,4,95.3352252571834,66.51294785384889,26.60517914153955,9,4,32,1
ereq_4489ac5e-138b-4027-81a0-fc98a089fedc,2026-09-17T23:26:41.400040Z,gota-codex-side-aware-team-secondary-20260917:v1,a7551ee6-ef55-48f0-81bc-d1ba68ca54c2,daveey-2,4,Berserker,RedTeam,11276,2150,190.6704505143668,52,5,1,8,115.28910961333807,66.51294785384889,8.86839304717985,11,5,32,1
ereq_4489ac5e-138b-4027-81a0-fc98a089fedc,2026-09-17T23:26:41.400040Z,gota-g002:v1,a30542cb-54de-4109-92e6-bcabca7db4d8,Alex Smith,5,Vanguard Knight,BlueTeam,11276,1000,88.6839304717985,22,3,0,7,48.77616175948918,39.90776871230933,0.0,10,3,25,0
ereq_4489ac5e-138b-4027-81a0-fc98a089fedc,2026-09-17T23:26:41.400040Z,Jordan-ply_bcb80069-fb0c-4ba5-a45c-06b647870aeb:v218,f1cf890b-42d5-4cca-98cc-782774a7e9a7,Jordan,6,Ranger,BlueTeam,11276,2200,195.1046470379567,30,9,1,7,66.51294785384889,119.72330613692799,8.86839304717985,15,9,25,0
ereq_4489ac5e-138b-4027-81a0-fc98a089fedc,2026-09-17T23:26:41.400040Z,red-kite:v34,a4590ed4-0b0c-4d86-8968-0844796f30e0,Andrew Brower,7,Arcanist,BlueTeam,11276,2200,195.1046470379567,84,0,1,4,186.23625399077687,0.0,8.86839304717985,3,0,25,0
ereq_4489ac5e-138b-4027-81a0-fc98a089fedc,2026-09-17T23:26:41.400040Z,gota-vanguard-rally-hold:v1,3ccd4955-3d9c-4c79-a243-e5dc12d650ad,daveey,8,Druid Warden,BlueTeam,11276,2225,197.32174529975168,79,1,1,6,175.15076268180206,13.302589570769776,8.86839304717985,11,1,25,0
ereq_4489ac5e-138b-4027-81a0-fc98a089fedc,2026-09-17T23:26:41.400040Z,aaron-gota-ir-coordinated-support-anchor-0916:v1,9cedf3ff-c7ce-4cff-897f-d48b44e049ad,Aaron's Co-play Coach,9,Demon Hunter,BlueTeam,11276,3150,279.3543809861653,66,10,0,8,146.32848527846755,133.02589570769777,0.0,14,10,25,0
ereq_df954d5c-556d-4068-bb2a-30c1a4a5ccd3,2026-09-17T23:26:41.396516Z,relh-gods-of-the-arena:v145,6daf9052-7877-4dc4-b1b3-e03f479b8b55,relh,0,Death Knight,RedTeam,4738,325,68.59434360489658,13,0,0,6,68.59434360489658,0.0,0.0,1,0,11,0
ereq_df954d5c-556d-4068-bb2a-30c1a4a5ccd3,2026-09-17T23:26:41.396516Z,aaron-gota-ir-coordinated-support-anchor-0916:v1,9cedf3ff-c7ce-4cff-897f-d48b44e049ad,Aaron's Co-play Coach,1,Crossbowman,RedTeam,4738,1925,406.28957365977203,27,7,2,0,142.4651751794006,221.61249472351204,42.211903756859435,8,7,11,0
ereq_df954d5c-556d-4068-bb2a-30c1a4a5ccd3,2026-09-17T23:26:41.396516Z,macromackie-gota:v4,1a78a3f9-8112-4c2c-831a-f0ffee8dbacc,macromackie,2,Lich,RedTeam,4738,400,84.42380751371887,16,0,0,2,84.42380751371887,0.0,0.0,2,0,11,0
ereq_df954d5c-556d-4068-bb2a-30c1a4a5ccd3,2026-09-17T23:26:41.396516Z,gota-g002:v1,a30542cb-54de-4109-92e6-bcabca7db4d8,Alex Smith,3,Warlock,RedTeam,4738,675,142.4651751794006,11,2,1,3,58.04136766568172,63.31785563528915,21.105951878429718,3,2,11,0
ereq_df954d5c-556d-4068-bb2a-30c1a4a5ccd3,2026-09-17T23:26:41.396516Z,aaron-gota-ir-perimeter-blue_repair-0916-aaron:v1,b64f1ccb-02e1-4ad5-b75b-f374222e9e9a,Aaron,4,Berserker,RedTeam,4738,625,131.91219924018574,11,1,2,1,58.04136766568172,31.658927817644575,42.211903756859435,4,1,11,0
ereq_df954d5c-556d-4068-bb2a-30c1a4a5ccd3,2026-09-17T23:26:41.396516Z,black-kite:v16,d10d7d74-40a7-4f6c-8838-e09729160349,Andrew Brower B,5,Vanguard Knight,BlueTeam,4738,275,58.04136766568172,11,0,0,3,58.04136766568172,0.0,0.0,0,0,12,1
ereq_df954d5c-556d-4068-bb2a-30c1a4a5ccd3,2026-09-17T23:26:41.396516Z,nancy-goa:v2,2777766f-4931-4fd9-83f2-44a3f509ede1,NanosaurusX,6,Ranger,BlueTeam,4738,1500,316.58927817644576,32,2,4,1,168.84761502743774,63.31785563528915,84.42380751371887,4,2,12,1
ereq_df954d5c-556d-4068-bb2a-30c1a4a5ccd3,2026-09-17T23:26:41.396516Z,daf-gota-v1:v1,e7d1ba41-3be1-4785-815d-b3c9ad8f46b9,docxology,7,Arcanist,BlueTeam,4738,1375,290.2068383284086,27,4,1,5,142.4651751794006,126.6357112705783,21.105951878429718,4,4,12,1
ereq_df954d5c-556d-4068-bb2a-30c1a4a5ccd3,2026-09-17T23:26:41.396516Z,james-botts-gota:v13,40d72eea-ac61-44b0-aaf4-7828fbf30170,James Botts,8,Druid Warden,BlueTeam,4738,875,184.67707893626002,29,1,0,0,153.01815111861546,31.658927817644575,0.0,5,1,12,1
ereq_df954d5c-556d-4068-bb2a-30c1a4a5ccd3,2026-09-17T23:26:41.396516Z,gota-codex-side-aware-team-secondary-20260917:v1,a7551ee6-ef55-48f0-81bc-d1ba68ca54c2,daveey-2,9,Demon Hunter,BlueTeam,4738,1500,316.58927817644576,18,5,3,2,94.97678345293373,158.29463908822288,63.31785563528915,7,5,12,1
ereq_c6d9370e-2e5e-4189-b16d-048e2b8cce06,2026-09-17T23:26:41.393670Z,daf-gota-v1:v1,e7d1ba41-3be1-4785-815d-b3c9ad8f46b9,docxology,0,Death Knight,RedTeam,17617,2500,141.9083839473236,64,6,0,9,90.82136572628711,51.0870182210365,0.0,25,6,81,1
ereq_c6d9370e-2e5e-4189-b16d-048e2b8cce06,2026-09-17T23:26:41.393670Z,gota-g003:v2,8cea4626-a0f1-4dd0-b066-58e6bd194ad3,Scott Smith,1,Crossbowman,RedTeam,17617,6825,387.4098881761935,81,30,3,3,114.94579099733213,255.4350911051825,17.029006073678833,57,30,81,1
ereq_c6d9370e-2e5e-4189-b16d-048e2b8cce06,2026-09-17T23:26:41.393670Z,aaron-gota-ir-coordinated-support-anchor-0916:v1,9cedf3ff-c7ce-4cff-897f-d48b44e049ad,Aaron's Co-play Coach,2,Lich,RedTeam,17617,7925,449.8495771130158,139,27,4,6,197.2526536867798,229.89158199466425,22.705341431571778,35,27,81,1
ereq_c6d9370e-2e5e-4189-b16d-048e2b8cce06,2026-09-17T23:26:41.393670Z,Polyworld GOTA base.bas:v1,e8aed568-d03c-49bf-beaf-68c731f05d26,Andre von Houck,3,Warlock,RedTeam,17617,4675,265.3686779814951,79,16,3,6,112.10762331838565,136.23204858943066,17.029006073678833,38,16,81,1
ereq_c6d9370e-2e5e-4189-b16d-048e2b8cce06,2026-09-17T23:26:41.393670Z,james-botts-gota:v13,40d72eea-ac61-44b0-aaf4-7828fbf30170,James Botts,4,Berserker,RedTeam,17617,3075,174.54731225520803,117,1,0,1,166.0328092183686,8.514503036839416,0.0,11,1,81,1
ereq_c6d9370e-2e5e-4189-b16d-048e2b8cce06,2026-09-17T23:26:41.393670Z,red-kite:v34,a4590ed4-0b0c-4d86-8968-0844796f30e0,Andrew Brower,5,Vanguard Knight,BlueTeam,17617,1200,68.11602429471533,36,2,0,12,51.0870182210365,17.029006073678833,0.0,2,2,25,0
ereq_c6d9370e-2e5e-4189-b16d-048e2b8cce06,2026-09-17T23:26:41.393670Z,relh-gods-of-the-arena:v145,6daf9052-7877-4dc4-b1b3-e03f479b8b55,relh,6,Ranger,BlueTeam,17617,4450,252.59692342623603,124,7,3,11,175.96639609468127,59.601521257875916,17.029006073678833,12,7,25,0
ereq_c6d9370e-2e5e-4189-b16d-048e2b8cce06,2026-09-17T23:26:41.393670Z,gota-vanguard-rally-hold:v1,3ccd4955-3d9c-4c79-a243-e5dc12d650ad,daveey,7,Arcanist,BlueTeam,17617,4100,232.7297496736107,110,9,0,16,156.09922234205598,76.63052733155475,0.0,12,9,25,0
ereq_c6d9370e-2e5e-4189-b16d-048e2b8cce06,2026-09-17T23:26:41.393670Z,richard-gods-of-the-arena:v78,881a807d-68ab-4a62-9b6c-e98694cf0bc3,richard,8,Druid Warden,BlueTeam,17617,1525,86.5641142078674,43,3,0,23,61.020605097349154,25.54350911051825,0.0,4,3,25,0
ereq_c6d9370e-2e5e-4189-b16d-048e2b8cce06,2026-09-17T23:26:41.393670Z,Jordan-ply_bcb80069-fb0c-4ba5-a45c-06b647870aeb:v218,f1cf890b-42d5-4cca-98cc-782774a7e9a7,Jordan,9,Demon Hunter,BlueTeam,17617,3125,177.38547993415452,103,3,1,19,146.16563546574332,25.54350911051825,5.6763353578929445,5,3,25,0
ereq_6aa04cdb-00e9-48d7-85e8-42418f0da9ca,2026-09-17T23:26:41.388506Z,games-bond-gota:v6,58af3f96-f479-4fc3-b777-276e53f48b06,Games Bond,0,Death Knight,RedTeam,4952,100,20.193861066235865,4,0,0,7,20.193861066235865,0.0,0.0,1,0,15,1
ereq_6aa04cdb-00e9-48d7-85e8-42418f0da9ca,2026-09-17T23:26:41.388506Z,aaron-gota-ir-coordinated-support-anchor-0916:v1,9cedf3ff-c7ce-4cff-897f-d48b44e049ad,Aaron's Co-play Coach,1,Crossbowman,RedTeam,4952,1825,368.53796445880454,49,2,3,0,247.37479806138933,60.58158319870759,60.58158319870759,4,2,15,1
ereq_6aa04cdb-00e9-48d7-85e8-42418f0da9ca,2026-09-17T23:26:41.388506Z,gota-g003:v2,8cea4626-a0f1-4dd0-b066-58e6bd194ad3,Scott Smith,2,Lich,RedTeam,4952,2425,489.7011308562197,45,6,4,0,227.18093699515347,181.74474959612277,80.77544426494346,11,6,15,1
ereq_6aa04cdb-00e9-48d7-85e8-42418f0da9ca,2026-09-17T23:26:41.388506Z,gota-vanguard-rally-hold:v1,3ccd4955-3d9c-4c79-a243-e5dc12d650ad,daveey,3,Warlock,RedTeam,4952,575,116.11470113085622,13,1,1,5,65.63004846526655,30.290791599353796,20.193861066235865,4,1,15,1
ereq_6aa04cdb-00e9-48d7-85e8-42418f0da9ca,2026-09-17T23:26:41.388506Z,gota-g002:v1,a30542cb-54de-4109-92e6-bcabca7db4d8,Alex Smith,4,Berserker,RedTeam,4952,700,141.35702746365104,6,3,1,2,30.290791599353796,90.87237479806139,20.193861066235865,6,3,15,1
ereq_6aa04cdb-00e9-48d7-85e8-42418f0da9ca,2026-09-17T23:26:41.388506Z,richard-gods-of-the-arena:v78,881a807d-68ab-4a62-9b6c-e98694cf0bc3,richard,5,Vanguard Knight,BlueTeam,4952,50,10.096930533117932,2,0,0,8,10.096930533117932,0.0,0.0,3,0,14,0
ereq_6aa04cdb-00e9-48d7-85e8-42418f0da9ca,2026-09-17T23:26:41.388506Z,black-kite:v16,d10d7d74-40a7-4f6c-8838-e09729160349,Andrew Brower B,6,Ranger,BlueTeam,4952,2125,429.1195476575121,47,5,2,0,237.2778675282714,151.453957996769,40.38772213247173,5,5,14,0
ereq_6aa04cdb-00e9-48d7-85e8-42418f0da9ca,2026-09-17T23:26:41.388506Z,james-botts-gota:v13,40d72eea-ac61-44b0-aaf4-7828fbf30170,James Botts,7,Arcanist,BlueTeam,4952,925,186.79321486268174,31,1,0,4,156.50242326332796,30.290791599353796,0.0,3,1,14,0
ereq_6aa04cdb-00e9-48d7-85e8-42418f0da9ca,2026-09-17T23:26:41.388506Z,aaron-gota-ir-perimeter-blue_repair-0916-aaron:v1,b64f1ccb-02e1-4ad5-b75b-f374222e9e9a,Aaron,8,Druid Warden,BlueTeam,4952,850,171.64781906300485,12,3,1,1,60.58158319870759,90.87237479806139,20.193861066235865,5,3,14,0
ereq_6aa04cdb-00e9-48d7-85e8-42418f0da9ca,2026-09-17T23:26:41.388506Z,red-kite:v34,a4590ed4-0b0c-4d86-8968-0844796f30e0,Andrew Brower,9,Demon Hunter,BlueTeam,4952,650,131.2600969305331,4,3,1,2,20.193861066235865,90.87237479806139,20.193861066235865,6,3,14,0
ereq_1c461ffb-fb49-4598-921a-89dcbd631fe8,2026-09-17T23:26:41.368854Z,gota-vanguard-rally-hold:v1,3ccd4955-3d9c-4c79-a243-e5dc12d650ad,daveey,0,Death Knight,RedTeam,13876,2125,153.14211588353993,47,5,2,11,84.67858172383973,54.05015854713174,14.413375612568464,14,5,33,0
ereq_1c461ffb-fb49-4598-921a-89dcbd631fe8,2026-09-17T23:26:41.368854Z,james-botts-gota:v13,40d72eea-ac61-44b0-aaf4-7828fbf30170,James Botts,1,Crossbowman,RedTeam,13876,2500,180.1671951571058,88,2,0,4,158.54713173825309,21.620063418852695,0.0,10,2,33,0
ereq_1c461ffb-fb49-4598-921a-89dcbd631fe8,2026-09-17T23:26:41.368854Z,aaron-gota-ir-perimeter-blue_repair-0916-aaron:v1,b64f1ccb-02e1-4ad5-b75b-f374222e9e9a,Aaron,2,Lich,RedTeam,13876,2475,178.36552320553474,29,11,1,4,52.24848659556068,118.91034880368983,7.206687806284232,16,11,33,0
ereq_1c461ffb-fb49-4598-921a-89dcbd631fe8,2026-09-17T23:26:41.368854Z,gota-codex-side-aware-team-secondary-20260917:v1,a7551ee6-ef55-48f0-81bc-d1ba68ca54c2,daveey-2,3,Warlock,RedTeam,13876,1425,102.6953012395503,13,6,2,13,23.421735370423754,64.86019025655808,14.413375612568464,15,6,33,0
ereq_1c461ffb-fb49-4598-921a-89dcbd631fe8,2026-09-17T23:26:41.368854Z,nancy-goa:v2,2777766f-4931-4fd9-83f2-44a3f509ede1,NanosaurusX,4,Berserker,RedTeam,13876,2850,205.3906024791006,70,6,2,10,126.11703660997405,64.86019025655808,14.413375612568464,13,6,33,0
ereq_1c461ffb-fb49-4598-921a-89dcbd631fe8,2026-09-17T23:26:41.368854Z,Jordan-ply_bcb80069-fb0c-4ba5-a45c-06b647870aeb:v218,f1cf890b-42d5-4cca-98cc-782774a7e9a7,Jordan,5,Vanguard Knight,BlueTeam,13876,275,19.818391467281636,11,0,0,7,19.818391467281636,0.0,0.0,10,0,42,1
ereq_1c461ffb-fb49-4598-921a-89dcbd631fe8,2026-09-17T23:26:41.368854Z,gota-g002:v1,a30542cb-54de-4109-92e6-bcabca7db4d8,Alex Smith,6,Ranger,BlueTeam,13876,6000,432.4012683770539,94,23,2,6,169.35716344767945,248.630729316806,14.413375612568464,30,23,42,1
ereq_1c461ffb-fb49-4598-921a-89dcbd631fe8,2026-09-17T23:26:41.368854Z,aaron-gota-ir-coordinated-support-anchor-0916:v1,9cedf3ff-c7ce-4cff-897f-d48b44e049ad,Aaron's Co-play Coach,7,Arcanist,BlueTeam,13876,5050,363.9377342173537,114,10,7,4,205.3906024791006,108.10031709426347,50.446814643989626,11,10,42,1
ereq_1c461ffb-fb49-4598-921a-89dcbd631fe8,2026-09-17T23:26:41.368854Z,relh-gods-of-the-arena:v145,6daf9052-7877-4dc4-b1b3-e03f479b8b55,relh,8,Druid Warden,BlueTeam,13876,100,7.206687806284232,4,0,0,5,7.206687806284232,0.0,0.0,3,0,42,1
ereq_1c461ffb-fb49-4598-921a-89dcbd631fe8,2026-09-17T23:26:41.368854Z,macromackie-gota:v4,1a78a3f9-8112-4c2c-831a-f0ffee8dbacc,macromackie,9,Demon Hunter,BlueTeam,13876,1850,133.3237244162583,20,7,3,11,36.03343903142116,75.67022196598444,21.620063418852695,15,7,42,1
ereq_29eaec7e-10a1-4399-a60c-8e4052b88de9,2026-09-17T23:26:41.372426Z,gota-codex-side-aware-team-secondary-20260917:v1,a7551ee6-ef55-48f0-81bc-d1ba68ca54c2,daveey-2,0,Death Knight,RedTeam,13865,2075,149.65741074648395,83,0,0,11,149.65741074648395,0.0,0.0,1,0,33,0
ereq_29eaec7e-10a1-4399-a60c-8e4052b88de9,2026-09-17T23:26:41.372426Z,relh-gods-of-the-arena:v145,6daf9052-7877-4dc4-b1b3-e03f479b8b55,relh,1,Crossbowman,RedTeam,13865,2600,187.52253876667868,74,3,3,8,133.42949873782908,32.45582401730977,21.63721601153985,6,3,33,0
ereq_29eaec7e-10a1-4399-a60c-8e4052b88de9,2026-09-17T23:26:41.372426Z,red-kite:v34,a4590ed4-0b0c-4d86-8968-0844796f30e0,Andrew Brower,2,Lich,RedTeam,13865,3075,221.78146411828345,95,4,1,7,171.2946267580238,43.2744320230797,7.212405337179949,7,4,33,0
ereq_29eaec7e-10a1-4399-a60c-8e4052b88de9,2026-09-17T23:26:41.372426Z,richard-gods-of-the-arena:v78,881a807d-68ab-4a62-9b6c-e98694cf0bc3,richard,3,Warlock,RedTeam,13865,2275,164.08222142084387,67,4,0,13,120.80778939776415,43.2744320230797,0.0,12,4,33,0
ereq_29eaec7e-10a1-4399-a60c-8e4052b88de9,2026-09-17T23:26:41.372426Z,gota-g003:v2,8cea4626-a0f1-4dd0-b066-58e6bd194ad3,Scott Smith,4,Berserker,RedTeam,13865,5500,396.6822935448972,92,20,2,10,165.88532275513884,216.3721601153985,14.424810674359898,23,20,33,0
ereq_29eaec7e-10a1-4399-a60c-8e4052b88de9,2026-09-17T23:26:41.372426Z,james-botts-gota:v13,40d72eea-ac61-44b0-aaf4-7828fbf30170,James Botts,5,Vanguard Knight,BlueTeam,13865,925,66.71474936891454,37,0,0,2,66.71474936891454,0.0,0.0,12,0,49,1
ereq_29eaec7e-10a1-4399-a60c-8e4052b88de9,2026-09-17T23:26:41.372426Z,aaron-gota-ir-perimeter-blue_repair-0916-aaron:v1,b64f1ccb-02e1-4ad5-b75b-f374222e9e9a,Aaron,6,Ranger,BlueTeam,13865,7875,567.976920302921,153,23,6,4,275.87450414713305,248.82798413270825,43.2744320230797,23,23,49,1
ereq_29eaec7e-10a1-4399-a60c-8e4052b88de9,2026-09-17T23:26:41.372426Z,khors:v1,fa00903c-0ba4-4eec-b20f-4c082550d80f,Andre von Auto,7,Arcanist,BlueTeam,13865,2475,178.50703209520375,63,6,0,10,113.59538406058421,64.91164803461955,0.0,15,6,49,1
ereq_29eaec7e-10a1-4399-a60c-8e4052b88de9,2026-09-17T23:26:41.372426Z,aaron-gota-ir-coordinated-support-anchor-0916:v1,9cedf3ff-c7ce-4cff-897f-d48b44e049ad,Aaron's Co-play Coach,8,Druid Warden,BlueTeam,13865,3375,243.4186801298233,61,9,5,5,109.98918139199424,97.36747205192931,36.062026685899745,18,9,49,1
ereq_29eaec7e-10a1-4399-a60c-8e4052b88de9,2026-09-17T23:26:41.372426Z,macromackie-gota:v4,1a78a3f9-8112-4c2c-831a-f0ffee8dbacc,macromackie,9,Demon Hunter,BlueTeam,13865,1825,131.62639740353407,43,5,0,12,77.53335737468446,54.09304002884962,0.0,9,5,49,1
ereq_148736e8-fc6f-41bd-aadf-2cffc76ff501,2026-09-17T23:26:41.402194Z,aaron-gota-ir-coordinated-support-anchor-0916:v1,9cedf3ff-c7ce-4cff-897f-d48b44e049ad,Aaron's Co-play Coach,0,Death Knight,RedTeam,6806,1525,224.06699970614164,51,1,1,2,187.33470467234793,22.039377020276227,14.692918013517485,2,1,25,0
ereq_148736e8-fc6f-41bd-aadf-2cffc76ff501,2026-09-17T23:26:41.402194Z,gota-codex-side-aware-team-secondary-20260917:v1,a7551ee6-ef55-48f0-81bc-d1ba68ca54c2,daveey-2,1,Crossbowman,RedTeam,6806,1975,290.1851307669703,39,6,1,1,143.25595063179549,132.23626212165735,14.692918013517485,10,6,25,0
ereq_148736e8-fc6f-41bd-aadf-2cffc76ff501,2026-09-17T23:26:41.402194Z,macromackie-gota:v4,1a78a3f9-8112-4c2c-831a-f0ffee8dbacc,macromackie,2,Lich,RedTeam,6806,1600,235.08668821627975,22,7,0,3,80.81104907434616,154.2756391419336,0.0,11,7,25,0
ereq_148736e8-fc6f-41bd-aadf-2cffc76ff501,2026-09-17T23:26:41.402194Z,gota-vanguard-rally-hold:v1,3ccd4955-3d9c-4c79-a243-e5dc12d650ad,daveey,3,Warlock,RedTeam,6806,1750,257.126065236556,40,5,0,4,146.92918013517485,110.19688510138113,0.0,7,5,25,0
ereq_148736e8-fc6f-41bd-aadf-2cffc76ff501,2026-09-17T23:26:41.402194Z,Jordan-ply_bcb80069-fb0c-4ba5-a45c-06b647870aeb:v218,f1cf890b-42d5-4cca-98cc-782774a7e9a7,Jordan,4,Berserker,RedTeam,6806,1575,231.4134587129004,25,5,2,3,91.83073758448428,110.19688510138113,29.38583602703497,9,5,25,0
ereq_148736e8-fc6f-41bd-aadf-2cffc76ff501,2026-09-17T23:26:41.402194Z,james-botts-gota:v13,40d72eea-ac61-44b0-aaf4-7828fbf30170,James Botts,5,Vanguard Knight,BlueTeam,6806,450,66.11813106082867,18,0,0,2,66.11813106082867,0.0,0.0,4,0,13,1
ereq_148736e8-fc6f-41bd-aadf-2cffc76ff501,2026-09-17T23:26:41.402194Z,aaron-gota-ir-perimeter-blue_repair-0916-aaron:v1,b64f1ccb-02e1-4ad5-b75b-f374222e9e9a,Aaron,6,Ranger,BlueTeam,6806,2825,415.07493388186896,67,3,7,2,246.10637672641786,66.11813106082867,102.85042609462239,4,3,13,1
ereq_148736e8-fc6f-41bd-aadf-2cffc76ff501,2026-09-17T23:26:41.402194Z,Polyworld GOTA base.bas:v1,e8aed568-d03c-49bf-beaf-68c731f05d26,Andre von Houck,7,Arcanist,BlueTeam,6806,2250,330.5906553041434,36,9,0,5,132.23626212165735,198.35439318248604,0.0,9,9,13,1
ereq_148736e8-fc6f-41bd-aadf-2cffc76ff501,2026-09-17T23:26:41.402194Z,daf-gota-v1:v1,e7d1ba41-3be1-4785-815d-b3c9ad8f46b9,docxology,8,Druid Warden,BlueTeam,6806,375,55.098442550690564,15,0,0,8,55.098442550690564,0.0,0.0,2,0,13,1
ereq_148736e8-fc6f-41bd-aadf-2cffc76ff501,2026-09-17T23:26:41.402194Z,richard-gods-of-the-arena:v78,881a807d-68ab-4a62-9b6c-e98694cf0bc3,richard,9,Demon Hunter,BlueTeam,6806,575,84.48427857772553,23,0,0,8,84.48427857772553,0.0,0.0,4,0,13,1
ereq_7a3daead-1463-465f-b728-400aefa1c6a2,2026-09-17T23:26:41.375415Z,aaron-gota-ir-perimeter-blue_repair-0916-aaron:v1,b64f1ccb-02e1-4ad5-b75b-f374222e9e9a,Aaron,0,Death Knight,RedTeam,3998,475,118.80940470235117,9,1,1,1,56.27813906953477,37.51875937968985,25.012506253126563,6,1,17,0
ereq_7a3daead-1463-465f-b728-400aefa1c6a2,2026-09-17T23:26:41.375415Z,Polyworld GOTA base.bas:v1,e8aed568-d03c-49bf-beaf-68c731f05d26,Andre von Houck,1,Crossbowman,RedTeam,3998,1675,418.95947973986995,19,6,3,0,118.80940470235117,225.11255627813907,75.0375187593797,15,6,17,0
ereq_7a3daead-1463-465f-b728-400aefa1c6a2,2026-09-17T23:26:41.375415Z,red-kite:v34,a4590ed4-0b0c-4d86-8968-0844796f30e0,Andrew Brower,2,Lich,RedTeam,3998,1275,318.9094547273637,41,1,1,0,256.3781890945473,37.51875937968985,25.012506253126563,2,1,17,0
ereq_7a3daead-1463-465f-b728-400aefa1c6a2,2026-09-17T23:26:41.375415Z,Jordan-ply_bcb80069-fb0c-4ba5-a45c-06b647870aeb:v218,f1cf890b-42d5-4cca-98cc-782774a7e9a7,Jordan,3,Warlock,RedTeam,3998,1125,281.39069534767384,11,5,1,0,68.78439219609805,187.59379689844923,25.012506253126563,15,5,17,0
ereq_7a3daead-1463-465f-b728-400aefa1c6a2,2026-09-17T23:26:41.375415Z,gota-g003:v2,8cea4626-a0f1-4dd0-b066-58e6bd194ad3,Scott Smith,4,Berserker,RedTeam,3998,775,193.84692346173085,25,1,0,4,156.328164082041,37.51875937968985,0.0,7,1,17,0
ereq_7a3daead-1463-465f-b728-400aefa1c6a2,2026-09-17T23:26:41.375415Z,richard-gods-of-the-arena:v78,881a807d-68ab-4a62-9b6c-e98694cf0bc3,richard,5,Vanguard Knight,BlueTeam,3998,200,50.02501250625313,8,0,0,6,50.02501250625313,0.0,0.0,1,0,5,1
ereq_7a3daead-1463-465f-b728-400aefa1c6a2,2026-09-17T23:26:41.375415Z,aaron-gota-ir-coordinated-support-anchor-0916:v1,9cedf3ff-c7ce-4cff-897f-d48b44e049ad,Aaron's Co-play Coach,6,Ranger,BlueTeam,3998,1775,443.9719859929965,23,4,6,0,143.82191095547773,150.0750375187594,150.0750375187594,4,4,5,1
ereq_7a3daead-1463-465f-b728-400aefa1c6a2,2026-09-17T23:26:41.375415Z,relh-gods-of-the-arena:v145,6daf9052-7877-4dc4-b1b3-e03f479b8b55,relh,7,Arcanist,BlueTeam,3998,450,112.55627813906953,18,0,0,5,112.55627813906953,0.0,0.0,0,0,5,1
ereq_7a3daead-1463-465f-b728-400aefa1c6a2,2026-09-17T23:26:41.375415Z,gota-g002:v1,a30542cb-54de-4109-92e6-bcabca7db4d8,Alex Smith,8,Druid Warden,BlueTeam,3998,300,75.0375187593797,6,1,0,6,37.51875937968985,37.51875937968985,0.0,1,1,5,1
ereq_7a3daead-1463-465f-b728-400aefa1c6a2,2026-09-17T23:26:41.375415Z,james-botts-gota:v13,40d72eea-ac61-44b0-aaf4-7828fbf30170,James Botts,9,Demon Hunter,BlueTeam,3998,475,118.80940470235117,19,0,0,0,118.80940470235117,0.0,0.0,2,0,5,1
ereq_38c428bb-1708-4557-a2b5-2ec38391ac71,2026-09-17T23:26:41.380721Z,gota-g002:v1,a30542cb-54de-4109-92e6-bcabca7db4d8,Alex Smith,0,Death Knight,RedTeam,6704,400,59.665871121718375,4,2,0,3,14.916467780429594,44.74940334128878,0.0,9,2,34,1
ereq_38c428bb-1708-4557-a2b5-2ec38391ac71,2026-09-17T23:26:41.380721Z,black-kite:v16,d10d7d74-40a7-4f6c-8838-e09729160349,Andrew Brower B,1,Crossbowman,RedTeam,6704,3925,585.4713603818616,43,17,3,0,160.35202863961814,380.3699284009547,44.74940334128878,22,17,34,1
ereq_38c428bb-1708-4557-a2b5-2ec38391ac71,2026-09-17T23:26:41.380721Z,gota-codex-side-aware-team-secondary-20260917:v1,a7551ee6-ef55-48f0-81bc-d1ba68ca54c2,daveey-2,2,Lich,RedTeam,6704,1125,167.81026252983293,17,4,1,1,63.394988066825775,89.49880668257757,14.916467780429594,16,4,34,1
ereq_38c428bb-1708-4557-a2b5-2ec38391ac71,2026-09-17T23:26:41.380721Z,Polyworld GOTA base.bas:v1,e8aed568-d03c-49bf-beaf-68c731f05d26,Andre von Houck,3,Warlock,RedTeam,6704,1525,227.47613365155132,47,1,2,2,175.26849642004774,22.37470167064439,29.832935560859188,5,1,34,1
ereq_38c428bb-1708-4557-a2b5-2ec38391ac71,2026-09-17T23:26:41.380721Z,gota-g003:v2,8cea4626-a0f1-4dd0-b066-58e6bd194ad3,Scott Smith,4,Berserker,RedTeam,6704,2750,410.2028639618138,46,8,4,2,171.53937947494035,178.99761336515513,59.665871121718375,13,8,34,1
ereq_38c428bb-1708-4557-a2b5-2ec38391ac71,2026-09-17T23:26:41.380721Z,aaron-gota-ir-coordinated-support-anchor-0916:v1,9cedf3ff-c7ce-4cff-897f-d48b44e049ad,Aaron's Co-play Coach,5,Vanguard Knight,BlueTeam,6704,150,22.37470167064439,0,1,0,10,0.0,22.37470167064439,0.0,3,1,8,0
ereq_38c428bb-1708-4557-a2b5-2ec38391ac71,2026-09-17T23:26:41.380721Z,james-botts-gota:v13,40d72eea-ac61-44b0-aaf4-7828fbf30170,James Botts,6,Ranger,BlueTeam,6704,1525,227.47613365155132,49,2,0,2,182.72673031026252,44.74940334128878,0.0,2,2,8,0
ereq_38c428bb-1708-4557-a2b5-2ec38391ac71,2026-09-17T23:26:41.380721Z,relh-gods-of-the-arena:v145,6daf9052-7877-4dc4-b1b3-e03f479b8b55,relh,7,Arcanist,BlueTeam,6704,1475,220.0178997613365,45,1,2,6,167.81026252983293,22.37470167064439,29.832935560859188,4,1,8,0
ereq_38c428bb-1708-4557-a2b5-2ec38391ac71,2026-09-17T23:26:41.380721Z,richard-gods-of-the-arena:v78,881a807d-68ab-4a62-9b6c-e98694cf0bc3,richard,8,Druid Warden,BlueTeam,6704,200,29.832935560859188,8,0,0,11,29.832935560859188,0.0,0.0,0,0,8,0
ereq_38c428bb-1708-4557-a2b5-2ec38391ac71,2026-09-17T23:26:41.380721Z,red-kite:v34,a4590ed4-0b0c-4d86-8968-0844796f30e0,Andrew Brower,9,Demon Hunter,BlueTeam,6704,1900,283.4128878281623,60,2,1,5,223.7470167064439,44.74940334128878,14.916467780429594,2,2,8,0
ereq_56c7e171-eb32-47dc-917e-2fe4b8e3b082,2026-09-17T23:26:41.395760Z,Jordan-ply_bcb80069-fb0c-4ba5-a45c-06b647870aeb:v218,f1cf890b-42d5-4cca-98cc-782774a7e9a7,Jordan,0,Death Knight,RedTeam,6408,525,81.92883895131087,3,3,0,2,11.704119850187267,70.2247191011236,0.0,12,3,25,1
ereq_56c7e171-eb32-47dc-917e-2fe4b8e3b082,2026-09-17T23:26:41.395760Z,games-bond-gota:v6,58af3f96-f479-4fc3-b777-276e53f48b06,Games Bond,1,Crossbowman,RedTeam,6408,800,124.84394506866417,4,4,1,2,15.605493133583021,93.63295880149813,15.605493133583021,11,4,25,1
ereq_56c7e171-eb32-47dc-917e-2fe4b8e3b082,2026-09-17T23:26:41.395760Z,richard-gods-of-the-arena:v78,881a807d-68ab-4a62-9b6c-e98694cf0bc3,richard,2,Lich,RedTeam,6408,2450,382.334581772784,40,9,1,2,156.05493133583022,210.67415730337078,15.605493133583021,12,9,25,1
ereq_56c7e171-eb32-47dc-917e-2fe4b8e3b082,2026-09-17T23:26:41.395760Z,aaron-gota-ir-coordinated-support-anchor-0916:v1,9cedf3ff-c7ce-4cff-897f-d48b44e049ad,Aaron's Co-play Coach,3,Warlock,RedTeam,6408,1325,206.77278401997503,21,4,2,3,81.92883895131087,93.63295880149813,31.210986267166042,5,4,25,1
ereq_56c7e171-eb32-47dc-917e-2fe4b8e3b082,2026-09-17T23:26:41.395760Z,gota-g002:v1,a30542cb-54de-4109-92e6-bcabca7db4d8,Alex Smith,4,Berserker,RedTeam,6408,1525,237.98377028714108,37,4,0,4,144.35081148564294,93.63295880149813,0.0,8,4,25,1
ereq_56c7e171-eb32-47dc-917e-2fe4b8e3b082,2026-09-17T23:26:41.395760Z,gota-codex-side-aware-team-secondary-20260917:v1,a7551ee6-ef55-48f0-81bc-d1ba68ca54c2,daveey-2,5,Vanguard Knight,BlueTeam,6408,350,54.61922596754057,14,0,0,4,54.61922596754057,0.0,0.0,0,0,13,0
ereq_56c7e171-eb32-47dc-917e-2fe4b8e3b082,2026-09-17T23:26:41.395760Z,black-kite:v16,d10d7d74-40a7-4f6c-8838-e09729160349,Andrew Brower B,6,Ranger,BlueTeam,6408,1875,292.60299625468167,47,4,1,2,183.3645443196005,93.63295880149813,15.605493133583021,4,4,13,0
ereq_56c7e171-eb32-47dc-917e-2fe4b8e3b082,2026-09-17T23:26:41.395760Z,james-botts-gota:v13,40d72eea-ac61-44b0-aaf4-7828fbf30170,James Botts,7,Arcanist,BlueTeam,6408,1125,175.56179775280899,39,1,0,6,152.15355805243445,23.408239700374533,0.0,7,1,13,0
ereq_56c7e171-eb32-47dc-917e-2fe4b8e3b082,2026-09-17T23:26:41.395760Z,gota-g003:v2,8cea4626-a0f1-4dd0-b066-58e6bd194ad3,Scott Smith,8,Druid Warden,BlueTeam,6408,225,35.1123595505618,9,0,0,10,35.1123595505618,0.0,0.0,7,0,13,0
ereq_56c7e171-eb32-47dc-917e-2fe4b8e3b082,2026-09-17T23:26:41.395760Z,aaron-gota-ir-perimeter-blue_repair-0916-aaron:v1,b64f1ccb-02e1-4ad5-b75b-f374222e9e9a,Aaron,9,Demon Hunter,BlueTeam,6408,975,152.15355805243445,17,3,1,3,66.32334581772784,70.2247191011236,15.605493133583021,3,3,13,0
ereq_85ec1c0d-f94a-4775-a2c5-b629a2bd2f13,2026-09-17T23:26:41.379271Z,aaron-gota-ir-perimeter-blue_repair-0916-aaron:v1,b64f1ccb-02e1-4ad5-b75b-f374222e9e9a,Aaron,0,Death Knight,RedTeam,7824,450,57.515337423312886,0,3,0,12,0.0,57.515337423312886,0.0,8,3,19,0
ereq_85ec1c0d-f94a-4775-a2c5-b629a2bd2f13,2026-09-17T23:26:41.379271Z,black-kite:v16,d10d7d74-40a7-4f6c-8838-e09729160349,Andrew Brower B,1,Crossbowman,RedTeam,7824,2775,354.67791411042947,59,8,1,1,188.52249488752557,153.37423312883436,12.781186094069529,9,8,19,0
ereq_85ec1c0d-f94a-4775-a2c5-b629a2bd2f13,2026-09-17T23:26:41.379271Z,relh-gods-of-the-arena:v145,6daf9052-7877-4dc4-b1b3-e03f479b8b55,relh,2,Lich,RedTeam,7824,1500,191.71779141104295,60,0,0,13,191.71779141104295,0.0,0.0,2,0,19,0
ereq_85ec1c0d-f94a-4775-a2c5-b629a2bd2f13,2026-09-17T23:26:41.379271Z,gota-vanguard-rally-hold:v1,3ccd4955-3d9c-4c79-a243-e5dc12d650ad,daveey,3,Warlock,RedTeam,7824,1125,143.7883435582822,21,4,0,13,67.10122699386503,76.68711656441718,0.0,8,4,19,0
ereq_85ec1c0d-f94a-4775-a2c5-b629a2bd2f13,2026-09-17T23:26:41.379271Z,james-botts-gota:v13,40d72eea-ac61-44b0-aaf4-7828fbf30170,James Botts,4,Berserker,RedTeam,7824,1425,182.1319018404908,57,0,0,4,182.1319018404908,0.0,0.0,2,0,19,0
ereq_85ec1c0d-f94a-4775-a2c5-b629a2bd2f13,2026-09-17T23:26:41.379271Z,richard-gods-of-the-arena:v78,881a807d-68ab-4a62-9b6c-e98694cf0bc3,richard,5,Vanguard Knight,BlueTeam,7824,725,92.66359918200409,21,0,2,7,67.10122699386503,0.0,25.562372188139058,4,0,43,1
ereq_85ec1c0d-f94a-4775-a2c5-b629a2bd2f13,2026-09-17T23:26:41.379271Z,red-kite:v34,a4590ed4-0b0c-4d86-8968-0844796f30e0,Andrew Brower,6,Ranger,BlueTeam,7824,5800,741.3087934560327,56,28,2,0,178.9366053169734,536.8098159509202,25.562372188139058,32,28,43,1
ereq_85ec1c0d-f94a-4775-a2c5-b629a2bd2f13,2026-09-17T23:26:41.379271Z,gota-g002:v1,a30542cb-54de-4109-92e6-bcabca7db4d8,Alex Smith,7,Arcanist,BlueTeam,7824,2400,306.7484662576687,26,11,1,4,83.07770961145194,210.88957055214723,12.781186094069529,16,11,43,1
ereq_85ec1c0d-f94a-4775-a2c5-b629a2bd2f13,2026-09-17T23:26:41.379271Z,macromackie-gota:v4,1a78a3f9-8112-4c2c-831a-f0ffee8dbacc,macromackie,8,Druid Warden,BlueTeam,7824,1375,175.74130879345603,31,2,3,3,99.05419222903886,38.34355828220859,38.34355828220859,15,2,43,1
ereq_85ec1c0d-f94a-4775-a2c5-b629a2bd2f13,2026-09-17T23:26:41.379271Z,Jordan-ply_bcb80069-fb0c-4ba5-a45c-06b647870aeb:v218,f1cf890b-42d5-4cca-98cc-782774a7e9a7,Jordan,9,Demon Hunter,BlueTeam,7824,775,99.05419222903886,15,2,1,5,47.92944785276074,38.34355828220859,12.781186094069529,7,2,43,1
ereq_5c05b6b7-46c8-4fb1-8a35-98fbf579aeea,2026-09-17T23:26:41.381412Z,khors:v1,fa00903c-0ba4-4eec-b20f-4c082550d80f,Andre von Auto,0,Death Knight,RedTeam,8193,1175,143.4151104601489,31,2,1,4,94.59294519711949,36.61662394727206,12.205541315757355,4,2,27,0
ereq_5c05b6b7-46c8-4fb1-8a35-98fbf579aeea,2026-09-17T23:26:41.381412Z,red-kite:v34,a4590ed4-0b0c-4d86-8968-0844796f30e0,Andrew Brower,1,Crossbowman,RedTeam,8193,2875,350.90931282802393,53,9,2,0,161.72342243378495,164.77480776272427,24.41108263151471,12,9,27,0
ereq_5c05b6b7-46c8-4fb1-8a35-98fbf579aeea,2026-09-17T23:26:41.381412Z,macromackie-gota:v4,1a78a3f9-8112-4c2c-831a-f0ffee8dbacc,macromackie,2,Lich,RedTeam,8193,2200,268.52190894666177,30,7,4,2,91.54155986818016,128.15818381545222,48.82216526302942,13,7,27,0
ereq_5c05b6b7-46c8-4fb1-8a35-98fbf579aeea,2026-09-17T23:26:41.381412Z,aaron-gota-ir-coordinated-support-anchor-0916:v1,9cedf3ff-c7ce-4cff-897f-d48b44e049ad,Aaron's Co-play Coach,3,Warlock,RedTeam,8193,2250,274.62467960454046,54,4,3,3,164.77480776272427,73.23324789454412,36.61662394727206,4,4,27,0
ereq_5c05b6b7-46c8-4fb1-8a35-98fbf579aeea,2026-09-17T23:26:41.381412Z,gota-codex-side-aware-team-secondary-20260917:v1,a7551ee6-ef55-48f0-81bc-d1ba68ca54c2,daveey-2,4,Berserker,RedTeam,8193,525,64.07909190772611,3,3,0,5,9.154155986818015,54.92493592090809,0.0,5,3,27,0
ereq_5c05b6b7-46c8-4fb1-8a35-98fbf579aeea,2026-09-17T23:26:41.381412Z,Jordan-ply_bcb80069-fb0c-4ba5-a45c-06b647870aeb:v218,f1cf890b-42d5-4cca-98cc-782774a7e9a7,Jordan,5,Vanguard Knight,BlueTeam,8193,150,18.30831197363603,6,0,0,7,18.30831197363603,0.0,0.0,3,0,14,1
ereq_5c05b6b7-46c8-4fb1-8a35-98fbf579aeea,2026-09-17T23:26:41.381412Z,nancy-goa:v2,2777766f-4931-4fd9-83f2-44a3f509ede1,NanosaurusX,6,Ranger,BlueTeam,8193,1125,137.31233980227023,17,2,4,4,51.87355059196875,36.61662394727206,48.82216526302942,5,2,14,1
ereq_5c05b6b7-46c8-4fb1-8a35-98fbf579aeea,2026-09-17T23:26:41.381412Z,james-botts-gota:v13,40d72eea-ac61-44b0-aaf4-7828fbf30170,James Botts,7,Arcanist,BlueTeam,8193,1650,201.39143170999634,48,3,0,1,146.46649578908824,54.92493592090809,0.0,9,3,14,1
ereq_5c05b6b7-46c8-4fb1-8a35-98fbf579aeea,2026-09-17T23:26:41.381412Z,gota-vanguard-rally-hold:v1,3ccd4955-3d9c-4c79-a243-e5dc12d650ad,daveey,8,Druid Warden,BlueTeam,8193,1125,137.31233980227023,39,1,0,13,119.0040278286342,18.30831197363603,0.0,3,1,14,1
ereq_5c05b6b7-46c8-4fb1-8a35-98fbf579aeea,2026-09-17T23:26:41.381412Z,black-kite:v16,d10d7d74-40a7-4f6c-8838-e09729160349,Andrew Brower B,9,Demon Hunter,BlueTeam,8193,2525,308.1899182228732,59,5,3,2,180.03173440742097,91.54155986818016,36.61662394727206,6,5,14,1
ereq_4cda97b2-0d26-464c-bd27-c93b05f54c3f,2026-09-17T23:26:41.373138Z,red-kite:v34,a4590ed4-0b0c-4d86-8968-0844796f30e0,Andrew Brower,0,Death Knight,RedTeam,9588,450,46.93366708385482,12,1,0,3,31.289111389236545,15.644555694618273,0.0,7,1,35,1
ereq_4cda97b2-0d26-464c-bd27-c93b05f54c3f,2026-09-17T23:26:41.373138Z,macromackie-gota:v4,1a78a3f9-8112-4c2c-831a-f0ffee8dbacc,macromackie,1,Crossbowman,RedTeam,9588,2325,242.49061326658324,37,8,2,3,96.47476011681269,125.15644555694618,20.859407592824365,16,8,35,1
ereq_4cda97b2-0d26-464c-bd27-c93b05f54c3f,2026-09-17T23:26:41.373138Z,nancy-goa:v2,2777766f-4931-4fd9-83f2-44a3f509ede1,NanosaurusX,2,Lich,RedTeam,9588,2000,208.59407592824363,38,7,0,3,99.08218606591572,109.5118898623279,0.0,9,7,35,1
ereq_4cda97b2-0d26-464c-bd27-c93b05f54c3f,2026-09-17T23:26:41.373138Z,relh-gods-of-the-arena:v145,6daf9052-7877-4dc4-b1b3-e03f479b8b55,relh,3,Warlock,RedTeam,9588,2750,286.816854401335,58,6,4,2,151.23070504797664,93.86733416770964,41.71881518564873,7,6,35,1
ereq_4cda97b2-0d26-464c-bd27-c93b05f54c3f,2026-09-17T23:26:41.373138Z,aaron-gota-ir-perimeter-blue_repair-0916-aaron:v1,b64f1ccb-02e1-4ad5-b75b-f374222e9e9a,Aaron,4,Berserker,RedTeam,9588,3225,336.35794743429284,41,12,4,4,106.90446391322486,187.7346683354193,41.71881518564873,14,12,35,1
ereq_4cda97b2-0d26-464c-bd27-c93b05f54c3f,2026-09-17T23:26:41.373138Z,black-kite:v16,d10d7d74-40a7-4f6c-8838-e09729160349,Andrew Brower B,5,Vanguard Knight,BlueTeam,9588,1650,172.090112640801,48,3,0,4,125.15644555694618,46.93366708385482,0.0,5,3,15,0
ereq_4cda97b2-0d26-464c-bd27-c93b05f54c3f,2026-09-17T23:26:41.373138Z,james-botts-gota:v13,40d72eea-ac61-44b0-aaf4-7828fbf30170,James Botts,6,Ranger,BlueTeam,9588,1625,169.48268669169795,41,4,0,2,106.90446391322486,62.57822277847309,0.0,5,4,15,0
ereq_4cda97b2-0d26-464c-bd27-c93b05f54c3f,2026-09-17T23:26:41.373138Z,aaron-gota-ir-coordinated-support-anchor-0916:v1,9cedf3ff-c7ce-4cff-897f-d48b44e049ad,Aaron's Co-play Coach,7,Arcanist,BlueTeam,9588,1500,156.44555694618273,30,3,3,2,78.22277847309137,46.93366708385482,31.289111389236545,4,3,15,0
ereq_4cda97b2-0d26-464c-bd27-c93b05f54c3f,2026-09-17T23:26:41.373138Z,gota-g002:v1,a30542cb-54de-4109-92e6-bcabca7db4d8,Alex Smith,8,Druid Warden,BlueTeam,9588,425,44.326241134751776,13,0,1,12,33.89653733833959,0.0,10.429703796412182,2,0,15,0
ereq_4cda97b2-0d26-464c-bd27-c93b05f54c3f,2026-09-17T23:26:41.373138Z,richard-gods-of-the-arena:v78,881a807d-68ab-4a62-9b6c-e98694cf0bc3,richard,9,Demon Hunter,BlueTeam,9588,1800,187.7346683354193,60,2,0,15,156.44555694618273,31.289111389236545,0.0,5,2,15,0
ereq_ccfa0930-7055-47a9-80df-1f9f90554f14,2026-09-17T23:26:41.384235Z,khors:v1,fa00903c-0ba4-4eec-b20f-4c082550d80f,Andre von Auto,0,Death Knight,RedTeam,5435,225,41.39834406623735,1,0,2,2,4.599816007359705,0.0,36.79852805887764,10,0,15,1
ereq_ccfa0930-7055-47a9-80df-1f9f90554f14,2026-09-17T23:26:41.384235Z,james-botts-gota:v13,40d72eea-ac61-44b0-aaf4-7828fbf30170,James Botts,1,Crossbowman,RedTeam,5435,1325,243.7902483900644,41,2,0,1,188.59245630174794,55.19779208831647,0.0,3,2,15,1
ereq_ccfa0930-7055-47a9-80df-1f9f90554f14,2026-09-17T23:26:41.384235Z,richard-gods-of-the-arena:v78,881a807d-68ab-4a62-9b6c-e98694cf0bc3,richard,2,Lich,RedTeam,5435,1925,354.18583256669734,29,6,3,1,133.39466421343147,165.5933762649494,55.19779208831647,11,6,15,1
ereq_ccfa0930-7055-47a9-80df-1f9f90554f14,2026-09-17T23:26:41.384235Z,macromackie-gota:v4,1a78a3f9-8112-4c2c-831a-f0ffee8dbacc,macromackie,3,Warlock,RedTeam,5435,575,105.79576816927323,11,2,0,3,50.59797608095676,55.19779208831647,0.0,10,2,15,1
ereq_ccfa0930-7055-47a9-80df-1f9f90554f14,2026-09-17T23:26:41.384235Z,gota-vanguard-rally-hold:v1,3ccd4955-3d9c-4c79-a243-e5dc12d650ad,daveey,4,Berserker,RedTeam,5435,1225,225.39098436062557,17,4,2,2,78.196872125115,110.39558417663294,36.79852805887764,9,3,15,1
ereq_ccfa0930-7055-47a9-80df-1f9f90554f14,2026-09-17T23:26:41.384235Z,black-kite:v16,d10d7d74-40a7-4f6c-8838-e09729160349,Andrew Brower B,5,Vanguard Knight,BlueTeam,5435,1250,229.9908003679853,28,3,1,2,128.79484820607175,82.7966881324747,18.39926402943882,3,3,9,0
ereq_ccfa0930-7055-47a9-80df-1f9f90554f14,2026-09-17T23:26:41.384235Z,gota-codex-side-aware-team-secondary-20260917:v1,a7551ee6-ef55-48f0-81bc-d1ba68ca54c2,daveey-2,6,Ranger,BlueTeam,5435,1700,312.78748850046,40,4,1,1,183.99264029438822,110.39558417663294,18.39926402943882,7,4,9,0
ereq_ccfa0930-7055-47a9-80df-1f9f90554f14,2026-09-17T23:26:41.384235Z,relh-gods-of-the-arena:v145,6daf9052-7877-4dc4-b1b3-e03f479b8b55,relh,7,Arcanist,BlueTeam,5435,975,179.39282428702853,31,0,2,2,142.59429622815088,0.0,36.79852805887764,1,0,9,0
ereq_ccfa0930-7055-47a9-80df-1f9f90554f14,2026-09-17T23:26:41.384235Z,aaron-gota-ir-coordinated-support-anchor-0916:v1,9cedf3ff-c7ce-4cff-897f-d48b44e049ad,Aaron's Co-play Coach,8,Druid Warden,BlueTeam,5435,125,22.999080036798528,5,0,0,5,22.999080036798528,0.0,0.0,1,0,9,0
ereq_ccfa0930-7055-47a9-80df-1f9f90554f14,2026-09-17T23:26:41.384235Z,aaron-gota-ir-perimeter-blue_repair-0916-aaron:v1,b64f1ccb-02e1-4ad5-b75b-f374222e9e9a,Aaron,9,Demon Hunter,BlueTeam,5435,725,133.39466421343147,19,1,1,5,87.3965041398344,27.598896044158234,18.39926402943882,2,1,9,0
ereq_4b6e9e56-a96e-4091-a82e-819b045bb203,2026-09-17T23:26:41.383487Z,james-botts-gota:v13,40d72eea-ac61-44b0-aaf4-7828fbf30170,James Botts,0,Death Knight,RedTeam,13277,1500,112.97732921593733,52,0,2,0,97.91368532047902,0.0,15.063643895458311,2,0,32,1
ereq_4b6e9e56-a96e-4091-a82e-819b045bb203,2026-09-17T23:26:41.383487Z,gota-codex-side-aware-team-secondary-20260917:v1,a7551ee6-ef55-48f0-81bc-d1ba68ca54c2,daveey-2,1,Crossbowman,RedTeam,13277,2975,224.0717029449424,39,12,2,6,73.43526399035927,135.57279505912481,15.063643895458311,19,12,32,1
ereq_4b6e9e56-a96e-4091-a82e-819b045bb203,2026-09-17T23:26:41.383487Z,aaron-gota-ir-coordinated-support-anchor-0916:v1,9cedf3ff-c7ce-4cff-897f-d48b44e049ad,Aaron's Co-play Coach,2,Lich,RedTeam,13277,425,32.010243277848915,5,2,0,3,9.414777434661445,22.595465843187466,0.0,4,2,32,1
ereq_4b6e9e56-a96e-4091-a82e-819b045bb203,2026-09-17T23:26:41.383487Z,relh-gods-of-the-arena:v145,6daf9052-7877-4dc4-b1b3-e03f479b8b55,relh,3,Warlock,RedTeam,13277,3350,252.3160352489267,88,7,1,5,165.7000828500414,79.08413045115613,7.5318219477291555,7,7,32,1
ereq_4b6e9e56-a96e-4091-a82e-819b045bb203,2026-09-17T23:26:41.383487Z,macromackie-gota:v4,1a78a3f9-8112-4c2c-831a-f0ffee8dbacc,macromackie,4,Berserker,RedTeam,13277,4650,350.22972056940574,112,11,2,8,210.89101453641635,124.27506213753107,15.063643895458311,16,11,32,1
ereq_4b6e9e56-a96e-4091-a82e-819b045bb203,2026-09-17T23:26:41.383487Z,richard-gods-of-the-arena:v78,881a807d-68ab-4a62-9b6c-e98694cf0bc3,richard,5,Vanguard Knight,BlueTeam,13277,750,56.488664607968666,30,0,0,7,56.488664607968666,0.0,0.0,9,0,22,0
ereq_4b6e9e56-a96e-4091-a82e-819b045bb203,2026-09-17T23:26:41.383487Z,khors:v1,fa00903c-0ba4-4eec-b20f-4c082550d80f,Andre von Auto,6,Ranger,BlueTeam,13277,4425,333.2831211870151,85,14,2,2,160.05121638924456,158.16826090231226,15.063643895458311,16,14,22,0
ereq_4b6e9e56-a96e-4091-a82e-819b045bb203,2026-09-17T23:26:41.383487Z,Polyworld GOTA base.bas:v1,e8aed568-d03c-49bf-beaf-68c731f05d26,Andre von Houck,7,Arcanist,BlueTeam,13277,1125,84.732996911953,25,2,2,3,47.07388717330722,22.595465843187466,15.063643895458311,12,2,22,0
ereq_4b6e9e56-a96e-4091-a82e-819b045bb203,2026-09-17T23:26:41.383487Z,Jordan-ply_bcb80069-fb0c-4ba5-a45c-06b647870aeb:v218,f1cf890b-42d5-4cca-98cc-782774a7e9a7,Jordan,8,Druid Warden,BlueTeam,13277,675,50.8397981471718,17,1,1,9,32.010243277848915,11.297732921593733,7.5318219477291555,8,1,22,0
ereq_4b6e9e56-a96e-4091-a82e-819b045bb203,2026-09-17T23:26:41.383487Z,red-kite:v34,a4590ed4-0b0c-4d86-8968-0844796f30e0,Andrew Brower,9,Demon Hunter,BlueTeam,13277,1125,84.732996911953,27,3,0,11,50.8397981471718,33.893198764781204,0.0,7,3,22,0
ereq_3adc2595-992a-4b72-a6f5-4f756b20ffaf,2026-09-17T23:26:41.402870Z,Jordan-ply_bcb80069-fb0c-4ba5-a45c-06b647870aeb:v218,f1cf890b-42d5-4cca-98cc-782774a7e9a7,Jordan,0,Death Knight,RedTeam,22308,3575,160.25641025641025,77,11,0,14,86.29191321499013,73.96449704142012,0.0,21,11,56,1
ereq_3adc2595-992a-4b72-a6f5-4f756b20ffaf,2026-09-17T23:26:41.402870Z,macromackie-gota:v4,1a78a3f9-8112-4c2c-831a-f0ffee8dbacc,macromackie,1,Crossbowman,RedTeam,22308,3325,149.04966828043752,83,7,2,13,93.01595840057378,47.06831629908553,8.965393580778196,19,7,56,1
ereq_3adc2595-992a-4b72-a6f5-4f756b20ffaf,2026-09-17T23:26:41.402870Z,khors:v1,fa00903c-0ba4-4eec-b20f-4c082550d80f,Andre von Auto,2,Lich,RedTeam,22308,2725,122.15348753810292,75,5,1,11,84.05056481979558,33.620225927918234,4.482696790389098,20,5,56,1
ereq_3adc2595-992a-4b72-a6f5-4f756b20ffaf,2026-09-17T23:26:41.402870Z,red-kite:v34,a4590ed4-0b0c-4d86-8968-0844796f30e0,Andrew Brower,3,Warlock,RedTeam,22308,5375,240.94495248341403,117,15,2,11,131.11888111888112,100.86067778375471,8.965393580778196,23,15,56,1
ereq_3adc2595-992a-4b72-a6f5-4f756b20ffaf,2026-09-17T23:26:41.402870Z,gota-vanguard-rally-hold:v1,3ccd4955-3d9c-4c79-a243-e5dc12d650ad,daveey,4,Berserker,RedTeam,22308,3500,156.89438766361843,74,9,3,11,82.92989062219831,60.51640667025283,13.448090371167295,23,9,56,1
ereq_3adc2595-992a-4b72-a6f5-4f756b20ffaf,2026-09-17T23:26:41.402870Z,aaron-gota-ir-perimeter-blue_repair-0916-aaron:v1,b64f1ccb-02e1-4ad5-b75b-f374222e9e9a,Aaron,5,Vanguard Knight,BlueTeam,22308,1475,66.1197776582392,35,4,0,11,39.22359691590461,26.89618074233459,0.0,22,4,60,0
ereq_3adc2595-992a-4b72-a6f5-4f756b20ffaf,2026-09-17T23:26:41.402870Z,james-botts-gota:v13,40d72eea-ac61-44b0-aaf4-7828fbf30170,James Botts,6,Ranger,BlueTeam,22308,5500,246.5483234714004,214,1,0,3,239.82427828581675,6.724045185583647,0.0,2,1,60,0
ereq_3adc2595-992a-4b72-a6f5-4f756b20ffaf,2026-09-17T23:26:41.402870Z,aaron-gota-ir-coordinated-support-anchor-0916:v1,9cedf3ff-c7ce-4cff-897f-d48b44e049ad,Aaron's Co-play Coach,7,Arcanist,BlueTeam,22308,7350,329.4782140935987,146,24,1,10,163.6184328492021,161.37708445400753,4.482696790389098,29,23,60,0
ereq_3adc2595-992a-4b72-a6f5-4f756b20ffaf,2026-09-17T23:26:41.402870Z,gota-g002:v1,a30542cb-54de-4109-92e6-bcabca7db4d8,Alex Smith,8,Druid Warden,BlueTeam,22308,4325,193.8766361843285,107,11,0,15,119.91213914290837,73.96449704142012,0.0,30,11,60,0
ereq_3adc2595-992a-4b72-a6f5-4f756b20ffaf,2026-09-17T23:26:41.402870Z,gota-codex-side-aware-team-secondary-20260917:v1,a7551ee6-ef55-48f0-81bc-d1ba68ca54c2,daveey-2,9,Demon Hunter,BlueTeam,22308,5500,246.5483234714004,102,17,4,17,114.308768154922,114.308768154922,17.930787161556392,25,17,60,0
ereq_9364e959-dca9-4903-a168-6d8fe19f1a5f,2026-09-17T23:26:41.376301Z,james-botts-gota:v13,40d72eea-ac61-44b0-aaf4-7828fbf30170,James Botts,0,Death Knight,RedTeam,10866,2450,225.47395545739002,92,1,0,4,211.6694275722437,13.804527885146328,0.0,2,1,34,0
ereq_9364e959-dca9-4903-a168-6d8fe19f1a5f,2026-09-17T23:26:41.376301Z,richard-gods-of-the-arena:v78,881a807d-68ab-4a62-9b6c-e98694cf0bc3,richard,1,Crossbowman,RedTeam,10866,4550,418.7373458494386,78,16,2,4,179.45886250690225,220.87244616234125,18.406037180195103,25,16,34,0
ereq_9364e959-dca9-4903-a168-6d8fe19f1a5f,2026-09-17T23:26:41.376301Z,red-kite:v34,a4590ed4-0b0c-4d86-8968-0844796f30e0,Andrew Brower,2,Lich,RedTeam,10866,3100,285.2935762930241,68,8,2,5,156.4513160316584,110.43622308117062,18.406037180195103,8,8,34,0
ereq_9364e959-dca9-4903-a168-6d8fe19f1a5f,2026-09-17T23:26:41.376301Z,Jordan-ply_bcb80069-fb0c-4ba5-a45c-06b647870aeb:v218,f1cf890b-42d5-4cca-98cc-782774a7e9a7,Jordan,3,Warlock,RedTeam,10866,750,69.02263942573164,24,1,0,7,55.21811154058531,13.804527885146328,0.0,16,1,34,0
ereq_9364e959-dca9-4903-a168-6d8fe19f1a5f,2026-09-17T23:26:41.376301Z,gota-g002:v1,a30542cb-54de-4109-92e6-bcabca7db4d8,Alex Smith,4,Berserker,RedTeam,10866,2025,186.36112644947542,41,6,1,10,94.33094054849991,82.82716731087797,9.203018590097551,10,6,34,0
ereq_9364e959-dca9-4903-a168-6d8fe19f1a5f,2026-09-17T23:26:41.376301Z,Polyworld GOTA base.bas:v1,e8aed568-d03c-49bf-beaf-68c731f05d26,Andre von Houck,5,Vanguard Knight,BlueTeam,10866,1000,92.03018590097552,22,3,0,7,50.616602245536534,41.413583655438984,0.0,13,3,30,1
ereq_9364e959-dca9-4903-a168-6d8fe19f1a5f,2026-09-17T23:26:41.376301Z,black-kite:v16,d10d7d74-40a7-4f6c-8838-e09729160349,Andrew Brower B,6,Ranger,BlueTeam,10866,2175,200.16565433462176,45,7,0,6,103.53395913859745,96.6316951960243,0.0,8,7,30,1
ereq_9364e959-dca9-4903-a168-6d8fe19f1a5f,2026-09-17T23:26:41.376301Z,aaron-gota-ir-coordinated-support-anchor-0916:v1,9cedf3ff-c7ce-4cff-897f-d48b44e049ad,Aaron's Co-play Coach,7,Arcanist,BlueTeam,10866,5175,476.2562120375483,99,10,12,2,227.77471010491442,138.04527885146328,110.43622308117062,12,10,30,1
ereq_9364e959-dca9-4903-a168-6d8fe19f1a5f,2026-09-17T23:26:41.376301Z,gota-g003:v2,8cea4626-a0f1-4dd0-b066-58e6bd194ad3,Scott Smith,8,Druid Warden,BlueTeam,10866,1900,174.85735321185348,40,6,0,7,92.03018590097552,82.82716731087797,0.0,12,6,30,1
ereq_9364e959-dca9-4903-a168-6d8fe19f1a5f,2026-09-17T23:26:41.376301Z,khors:v1,fa00903c-0ba4-4eec-b20f-4c082550d80f,Andre von Auto,9,Demon Hunter,BlueTeam,10866,1400,128.84226026136574,44,2,0,12,101.23320449107307,27.609055770292656,0.0,8,2,30,1
ereq_c70b133b-23ad-4468-b0a4-f35939205087,2026-09-17T23:26:41.401513Z,gota-codex-side-aware-team-secondary-20260917:v1,a7551ee6-ef55-48f0-81bc-d1ba68ca54c2,daveey-2,0,Death Knight,RedTeam,24503,4600,187.73211443496714,166,3,0,26,169.36701628372037,18.365098151246787,0.0,6,3,67,0
ereq_c70b133b-23ad-4468-b0a4-f35939205087,2026-09-17T23:26:41.401513Z,richard-gods-of-the-arena:v78,881a807d-68ab-4a62-9b6c-e98694cf0bc3,richard,1,Crossbowman,RedTeam,24503,8175,333.6326164143166,191,22,1,18,194.8740970493409,134.67738644247643,4.081132922499286,33,22,67,0
ereq_c70b133b-23ad-4468-b0a4-f35939205087,2026-09-17T23:26:41.401513Z,gota-g002:v1,a30542cb-54de-4109-92e6-bcabca7db4d8,Alex Smith,2,Lich,RedTeam,24503,5250,214.2594784312125,104,17,1,21,106.10945598498144,104.06888952373178,4.081132922499286,26,17,67,0
ereq_c70b133b-23ad-4468-b0a4-f35939205087,2026-09-17T23:26:41.401513Z,gota-vanguard-rally-hold:v1,3ccd4955-3d9c-4c79-a243-e5dc12d650ad,daveey,3,Warlock,RedTeam,24503,4500,183.65098151246787,86,15,1,21,87.74435783373464,91.82549075623393,4.081132922499286,28,15,67,0
ereq_c70b133b-23ad-4468-b0a4-f35939205087,2026-09-17T23:26:41.401513Z,james-botts-gota:v13,40d72eea-ac61-44b0-aaf4-7828fbf30170,James Botts,4,Berserker,RedTeam,24503,6900,281.59817165245073,240,6,0,2,244.86797534995713,36.730196302493574,0.0,11,6,67,0
ereq_c70b133b-23ad-4468-b0a4-f35939205087,2026-09-17T23:26:41.401513Z,black-kite:v16,d10d7d74-40a7-4f6c-8838-e09729160349,Andrew Brower B,5,Vanguard Knight,BlueTeam,24503,2800,114.27172182998001,94,3,0,11,95.90662367873321,18.365098151246787,0.0,12,3,88,1
ereq_c70b133b-23ad-4468-b0a4-f35939205087,2026-09-17T23:26:41.401513Z,red-kite:v34,a4590ed4-0b0c-4d86-8968-0844796f30e0,Andrew Brower,6,Ranger,BlueTeam,24503,10625,433.6203730155491,183,39,2,6,186.71183120434233,238.74627596620823,8.162265844998572,46,39,88,1
ereq_c70b133b-23ad-4468-b0a4-f35939205087,2026-09-17T23:26:41.401513Z,khors:v1,fa00903c-0ba4-4eec-b20f-4c082550d80f,Andre von Auto,7,Arcanist,BlueTeam,24503,7125,290.78072072807413,179,17,1,16,182.63069828184305,104.06888952373178,4.081132922499286,24,17,88,1
ereq_c70b133b-23ad-4468-b0a4-f35939205087,2026-09-17T23:26:41.401513Z,macromackie-gota:v4,1a78a3f9-8112-4c2c-831a-f0ffee8dbacc,macromackie,8,Druid Warden,BlueTeam,24503,2575,105.08917275435661,75,4,1,20,76.52124229686162,24.486797534995716,4.081132922499286,11,4,88,1
ereq_c70b133b-23ad-4468-b0a4-f35939205087,2026-09-17T23:26:41.401513Z,aaron-gota-ir-coordinated-support-anchor-0916:v1,9cedf3ff-c7ce-4cff-897f-d48b44e049ad,Aaron's Co-play Coach,9,Demon Hunter,BlueTeam,24503,6575,268.334489654328,95,22,9,14,96.92690690935804,134.67738644247643,36.730196302493574,24,22,88,1
ereq_2e42dbab-ceda-492f-93cb-2ccbcaa3b2ab,2026-09-17T23:26:41.378575Z,khors:v1,fa00903c-0ba4-4eec-b20f-4c082550d80f,Andre von Auto,0,Death Knight,RedTeam,4887,650,133.00593411090648,12,1,2,1,61.387354205033766,30.693677102516883,40.92490280335584,3,1,13,0
ereq_2e42dbab-ceda-492f-93cb-2ccbcaa3b2ab,2026-09-17T23:26:41.378575Z,gota-g003:v2,8cea4626-a0f1-4dd0-b066-58e6bd194ad3,Scott Smith,1,Crossbowman,RedTeam,4887,575,117.65909555964805,11,2,0,0,56.271741354614285,61.387354205033766,0.0,5,2,13,0
ereq_2e42dbab-ceda-492f-93cb-2ccbcaa3b2ab,2026-09-17T23:26:41.378575Z,gota-vanguard-rally-hold:v1,3ccd4955-3d9c-4c79-a243-e5dc12d650ad,daveey,2,Lich,RedTeam,4887,650,133.00593411090648,12,1,2,0,61.387354205033766,30.693677102516883,40.92490280335584,6,1,13,0
ereq_2e42dbab-ceda-492f-93cb-2ccbcaa3b2ab,2026-09-17T23:26:41.378575Z,james-botts-gota:v13,40d72eea-ac61-44b0-aaf4-7828fbf30170,James Botts,3,Warlock,RedTeam,4887,1500,306.9367710251688,48,2,0,0,245.54941682013506,61.387354205033766,0.0,2,2,13,0
ereq_2e42dbab-ceda-492f-93cb-2ccbcaa3b2ab,2026-09-17T23:26:41.378575Z,black-kite:v16,d10d7d74-40a7-4f6c-8838-e09729160349,Andrew Brower B,4,Berserker,RedTeam,4887,2675,547.3705749948844,61,7,1,0,312.0523838755883,214.85573971761818,20.46245140167792,7,7,13,0
ereq_2e42dbab-ceda-492f-93cb-2ccbcaa3b2ab,2026-09-17T23:26:41.378575Z,red-kite:v34,a4590ed4-0b0c-4d86-8968-0844796f30e0,Andrew Brower,5,Vanguard Knight,BlueTeam,4887,550,112.54348270922857,22,0,0,2,112.54348270922857,0.0,0.0,0,0,1,1
ereq_2e42dbab-ceda-492f-93cb-2ccbcaa3b2ab,2026-09-17T23:26:41.378575Z,Polyworld GOTA base.bas:v1,e8aed568-d03c-49bf-beaf-68c731f05d26,Andre von Houck,6,Ranger,BlueTeam,4887,500,102.31225700838961,14,1,0,2,71.61857990587272,30.693677102516883,0.0,1,1,1,1
ereq_2e42dbab-ceda-492f-93cb-2ccbcaa3b2ab,2026-09-17T23:26:41.378575Z,gota-g002:v1,a30542cb-54de-4109-92e6-bcabca7db4d8,Alex Smith,7,Arcanist,BlueTeam,4887,475,97.19664415797013,15,0,1,2,76.7341927562922,0.0,20.46245140167792,1,0,1,1
ereq_2e42dbab-ceda-492f-93cb-2ccbcaa3b2ab,2026-09-17T23:26:41.378575Z,aaron-gota-ir-perimeter-blue_repair-0916-aaron:v1,b64f1ccb-02e1-4ad5-b75b-f374222e9e9a,Aaron,8,Druid Warden,BlueTeam,4887,1125,230.2025782688766,25,0,5,1,127.89032126048701,0.0,102.31225700838961,0,0,1,1
ereq_2e42dbab-ceda-492f-93cb-2ccbcaa3b2ab,2026-09-17T23:26:41.378575Z,relh-gods-of-the-arena:v145,6daf9052-7877-4dc4-b1b3-e03f479b8b55,relh,9,Demon Hunter,BlueTeam,4887,400,81.84980560671168,16,0,0,6,81.84980560671168,0.0,0.0,0,0,1,1
ereq_e331ac8c-4126-4154-9fd5-5a30f3210299,2026-09-17T23:26:41.397879Z,james-botts-gota:v13,40d72eea-ac61-44b0-aaf4-7828fbf30170,James Botts,0,Death Knight,RedTeam,12183,3475,285.23352212098825,127,2,0,0,260.6090453911188,24.62447672986949,0.0,7,2,32,0
ereq_e331ac8c-4126-4154-9fd5-5a30f3210299,2026-09-17T23:26:41.397879Z,games-bond-gota:v6,58af3f96-f479-4fc3-b777-276e53f48b06,Games Bond,1,Crossbowman,RedTeam,12183,2350,192.89173438397768,10,14,0,2,20.52039727489124,172.37133710908643,0.0,21,14,32,0
ereq_e331ac8c-4126-4154-9fd5-5a30f3210299,2026-09-17T23:26:41.397879Z,gota-codex-side-aware-team-secondary-20260917:v1,a7551ee6-ef55-48f0-81bc-d1ba68ca54c2,daveey-2,2,Lich,RedTeam,12183,1225,100.54994664696709,49,0,0,4,100.54994664696709,0.0,0.0,6,0,32,0
ereq_e331ac8c-4126-4154-9fd5-5a30f3210299,2026-09-17T23:26:41.397879Z,Jordan-ply_bcb80069-fb0c-4ba5-a45c-06b647870aeb:v218,f1cf890b-42d5-4cca-98cc-782774a7e9a7,Jordan,3,Warlock,RedTeam,12183,1550,127.2264631043257,50,2,0,6,102.6019863744562,24.62447672986949,0.0,8,2,32,0
ereq_e331ac8c-4126-4154-9fd5-5a30f3210299,2026-09-17T23:26:41.397879Z,gota-g003:v2,8cea4626-a0f1-4dd0-b066-58e6bd194ad3,Scott Smith,4,Berserker,RedTeam,12183,4775,391.9395879504227,97,13,4,5,199.04785356644504,160.0590987441517,32.83263563982599,23,13,32,0
ereq_e331ac8c-4126-4154-9fd5-5a30f3210299,2026-09-17T23:26:41.397879Z,red-kite:v34,a4590ed4-0b0c-4d86-8968-0844796f30e0,Andrew Brower,5,Vanguard Knight,BlueTeam,12183,2200,180.57949601904292,84,0,1,4,172.37133710908643,0.0,8.208158909956497,1,0,17,1
ereq_e331ac8c-4126-4154-9fd5-5a30f3210299,2026-09-17T23:26:41.397879Z,gota-vanguard-rally-hold:v1,3ccd4955-3d9c-4c79-a243-e5dc12d650ad,daveey,6,Ranger,BlueTeam,12183,3875,318.06615776081424,89,11,0,8,182.63153574653205,135.43462201428218,0.0,12,11,17,1
ereq_e331ac8c-4126-4154-9fd5-5a30f3210299,2026-09-17T23:26:41.397879Z,black-kite:v16,d10d7d74-40a7-4f6c-8838-e09729160349,Andrew Brower B,7,Arcanist,BlueTeam,12183,975,80.02954937207585,29,1,1,6,59.509152097184604,12.312238364934744,8.208158909956497,2,0,17,1
ereq_e331ac8c-4126-4154-9fd5-5a30f3210299,2026-09-17T23:26:41.397879Z,Polyworld GOTA base.bas:v1,e8aed568-d03c-49bf-beaf-68c731f05d26,Andre von Houck,8,Druid Warden,BlueTeam,12183,450,36.936715094804235,14,0,1,8,28.72855618484774,0.0,8.208158909956497,9,0,17,1
ereq_e331ac8c-4126-4154-9fd5-5a30f3210299,2026-09-17T23:26:41.397879Z,aaron-gota-ir-coordinated-support-anchor-0916:v1,9cedf3ff-c7ce-4cff-897f-d48b44e049ad,Aaron's Co-play Coach,9,Demon Hunter,BlueTeam,12183,2125,174.42337683657556,51,3,4,6,104.65402610194533,36.936715094804235,32.83263563982599,4,3,17,1
ereq_e59324da-3b5e-4616-899d-43ba988353bd,2026-09-17T23:26:41.389190Z,Jordan-ply_bcb80069-fb0c-4ba5-a45c-06b647870aeb:v218,f1cf890b-42d5-4cca-98cc-782774a7e9a7,Jordan,0,Death Knight,RedTeam,4155,125,30.084235860409144,5,0,0,2,30.084235860409144,0.0,0.0,3,0,4,0
ereq_e59324da-3b5e-4616-899d-43ba988353bd,2026-09-17T23:26:41.389190Z,daf-gota-v1:v1,e7d1ba41-3be1-4785-815d-b3c9ad8f46b9,docxology,1,Crossbowman,RedTeam,4155,1250,300.84235860409143,26,4,0,5,156.43802647412755,144.4043321299639,0.0,4,4,4,0
ereq_e59324da-3b5e-4616-899d-43ba988353bd,2026-09-17T23:26:41.389190Z,relh-gods-of-the-arena:v145,6daf9052-7877-4dc4-b1b3-e03f479b8b55,relh,2,Lich,RedTeam,4155,650,156.43802647412755,22,0,1,1,132.37063778580023,0.0,24.067388688327316,0,0,4,0
ereq_e59324da-3b5e-4616-899d-43ba988353bd,2026-09-17T23:26:41.389190Z,black-kite:v16,d10d7d74-40a7-4f6c-8838-e09729160349,Andrew Brower B,3,Warlock,RedTeam,4155,950,228.6401925391095,38,0,0,0,228.6401925391095,0.0,0.0,0,0,4,0
ereq_e59324da-3b5e-4616-899d-43ba988353bd,2026-09-17T23:26:41.389190Z,gota-codex-side-aware-team-secondary-20260917:v1,a7551ee6-ef55-48f0-81bc-d1ba68ca54c2,daveey-2,4,Berserker,RedTeam,4155,300,72.20216606498195,12,0,0,4,72.20216606498195,0.0,0.0,3,0,4,0
ereq_e59324da-3b5e-4616-899d-43ba988353bd,2026-09-17T23:26:41.389190Z,Polyworld GOTA base.bas:v1,e8aed568-d03c-49bf-beaf-68c731f05d26,Andre von Houck,5,Vanguard Knight,BlueTeam,4155,450,108.30324909747293,6,2,0,1,36.101083032490976,72.20216606498195,0.0,6,2,12,1
ereq_e59324da-3b5e-4616-899d-43ba988353bd,2026-09-17T23:26:41.389190Z,aaron-gota-ir-perimeter-blue_repair-0916-aaron:v1,b64f1ccb-02e1-4ad5-b75b-f374222e9e9a,Aaron,6,Ranger,BlueTeam,4155,1975,475.33092659446453,35,4,5,0,210.58965102286402,144.4043321299639,120.33694344163658,6,4,12,1
ereq_e59324da-3b5e-4616-899d-43ba988353bd,2026-09-17T23:26:41.389190Z,richard-gods-of-the-arena:v78,881a807d-68ab-4a62-9b6c-e98694cf0bc3,richard,7,Arcanist,BlueTeam,4155,1225,294.82551143200965,13,4,3,2,78.21901323706378,144.4043321299639,72.20216606498195,6,4,12,1
ereq_e59324da-3b5e-4616-899d-43ba988353bd,2026-09-17T23:26:41.389190Z,james-botts-gota:v13,40d72eea-ac61-44b0-aaf4-7828fbf30170,James Botts,8,Druid Warden,BlueTeam,4155,225,54.151624548736464,9,0,0,0,54.151624548736464,0.0,0.0,4,0,12,1
ereq_e59324da-3b5e-4616-899d-43ba988353bd,2026-09-17T23:26:41.389190Z,gota-g003:v2,8cea4626-a0f1-4dd0-b066-58e6bd194ad3,Scott Smith,9,Demon Hunter,BlueTeam,4155,1150,276.77496991576413,30,2,1,1,180.50541516245488,72.20216606498195,24.067388688327316,7,2,12,1
ereq_9a4ccedd-ca39-422b-93dd-47eb4ba8673f,2026-09-17T22:28:36.509911Z,gota-g002:v1,a30542cb-54de-4109-92e6-bcabca7db4d8,Alex Smith,0,Death Knight,RedTeam,14403,1525,105.8807192945914,43,3,0,13,74.63722835520377,31.243490939387627,0.0,11,3,34,0
ereq_9a4ccedd-ca39-422b-93dd-47eb4ba8673f,2026-09-17T22:28:36.509911Z,Polyworld GOTA base.bas:v1,e8aed568-d03c-49bf-beaf-68c731f05d26,Andre von Houck,1,Crossbowman,RedTeam,14403,2700,187.46094563632576,68,6,1,13,118.03096577101992,62.486981878775254,6.9429979865305835,9,6,34,0
ereq_9a4ccedd-ca39-422b-93dd-47eb4ba8673f,2026-09-17T22:28:36.509911Z,black-kite:v16,d10d7d74-40a7-4f6c-8838-e09729160349,Andrew Brower B,2,Lich,RedTeam,14403,4200,291.6059154342845,84,12,3,3,145.80295771714225,124.97396375755051,20.828993959591752,14,12,34,0
ereq_9a4ccedd-ca39-422b-93dd-47eb4ba8673f,2026-09-17T22:28:36.509911Z,aaron-gota-ir-perimeter-blue_repair-0916-aaron:v1,b64f1ccb-02e1-4ad5-b75b-f374222e9e9a,Aaron,3,Warlock,RedTeam,14403,2725,189.1966951329584,77,4,2,6,133.65271124071373,41.657987919183505,13.885995973061167,7,4,34,0
ereq_9a4ccedd-ca39-422b-93dd-47eb4ba8673f,2026-09-17T22:28:36.509911Z,gota-vanguard-rally-hold:v1,3ccd4955-3d9c-4c79-a243-e5dc12d650ad,daveey,4,Berserker,RedTeam,14403,2125,147.5387072137749,61,4,0,14,105.8807192945914,41.657987919183505,0.0,9,4,34,0
ereq_9a4ccedd-ca39-422b-93dd-47eb4ba8673f,2026-09-17T22:28:36.509911Z,aaron-gota-ir-coordinated-support-anchor-0916:v1,9cedf3ff-c7ce-4cff-897f-d48b44e049ad,Aaron's Co-play Coach,5,Vanguard Knight,BlueTeam,14403,2850,197.87544261612163,38,8,7,6,65.95848087204055,83.31597583836701,48.60098590571409,24,8,49,1
ereq_9a4ccedd-ca39-422b-93dd-47eb4ba8673f,2026-09-17T22:28:36.509911Z,red-kite:v34,a4590ed4-0b0c-4d86-8968-0844796f30e0,Andrew Brower,6,Ranger,BlueTeam,14403,6675,463.4451156009165,65,33,1,6,112.82371728112199,343.6784003332639,6.9429979865305835,37,33,49,1
ereq_9a4ccedd-ca39-422b-93dd-47eb4ba8673f,2026-09-17T22:28:36.509911Z,james-botts-gota:v13,40d72eea-ac61-44b0-aaf4-7828fbf30170,James Botts,7,Arcanist,BlueTeam,14403,1200,83.31597583836701,36,2,0,0,62.486981878775254,20.828993959591752,0.0,33,2,49,1
ereq_9a4ccedd-ca39-422b-93dd-47eb4ba8673f,2026-09-17T22:28:36.509911Z,relh-gods-of-the-arena:v145,6daf9052-7877-4dc4-b1b3-e03f479b8b55,relh,8,Druid Warden,BlueTeam,14403,1975,137.12421023397903,79,0,0,13,137.12421023397903,0.0,0.0,1,0,49,1
ereq_9a4ccedd-ca39-422b-93dd-47eb4ba8673f,2026-09-17T22:28:36.509911Z,gota-codex-side-aware-team-secondary-20260917:v1,a7551ee6-ef55-48f0-81bc-d1ba68ca54c2,daveey-2,9,Demon Hunter,BlueTeam,14403,3300,229.11893355550927,94,5,2,9,163.16045268346872,52.07248489897938,13.885995973061167,8,5,49,1
ereq_c0a8cd85-993c-4e9d-ac8b-84e7348afae3,2026-09-17T22:28:36.525350Z,aaron-gota-ir-perimeter-blue_repair-0916-aaron:v1,b64f1ccb-02e1-4ad5-b75b-f374222e9e9a,Aaron,0,Death Knight,RedTeam,20736,6625,319.49266975308643,161,12,8,7,194.1068672839506,86.80555555555556,38.58024691358025,22,12,51,1
ereq_c0a8cd85-993c-4e9d-ac8b-84e7348afae3,2026-09-17T22:28:36.525350Z,gota-vanguard-rally-hold:v1,3ccd4955-3d9c-4c79-a243-e5dc12d650ad,daveey,1,Crossbowman,RedTeam,20736,4125,198.92939814814815,77,14,1,12,92.83371913580247,101.27314814814815,4.822530864197531,27,14,51,1
ereq_c0a8cd85-993c-4e9d-ac8b-84e7348afae3,2026-09-17T22:28:36.525350Z,Jordan-ply_bcb80069-fb0c-4ba5-a45c-06b647870aeb:v209,7ade377d-0492-4300-91f3-f23d94732a66,Jordan,2,Lich,RedTeam,20736,1050,50.636574074074076,30,2,0,8,36.16898148148148,14.467592592592593,0.0,4,2,51,1
ereq_c0a8cd85-993c-4e9d-ac8b-84e7348afae3,2026-09-17T22:28:36.525350Z,gota-g002:v1,a30542cb-54de-4109-92e6-bcabca7db4d8,Alex Smith,3,Warlock,RedTeam,20736,2600,125.3858024691358,40,10,1,18,48.22530864197531,72.33796296296296,4.822530864197531,22,10,51,1
ereq_c0a8cd85-993c-4e9d-ac8b-84e7348afae3,2026-09-17T22:28:36.525350Z,aaron-gota-ir-coordinated-support-anchor-0916:v1,9cedf3ff-c7ce-4cff-897f-d48b44e049ad,Aaron's Co-play Coach,4,Berserker,RedTeam,20736,5475,264.03356481481484,133,13,2,10,160.3491512345679,94.03935185185185,9.645061728395062,20,13,51,1
ereq_c0a8cd85-993c-4e9d-ac8b-84e7348afae3,2026-09-17T22:28:36.525350Z,nancy-goa:v1,353b1313-e887-4496-9466-ef3cc016e53e,NanosaurusX,5,Vanguard Knight,BlueTeam,20736,1325,63.898533950617285,23,5,0,15,27.729552469135804,36.16898148148148,0.0,21,5,55,0
ereq_c0a8cd85-993c-4e9d-ac8b-84e7348afae3,2026-09-17T22:28:36.525350Z,gota-g003:v2,8cea4626-a0f1-4dd0-b066-58e6bd194ad3,Scott Smith,6,Ranger,BlueTeam,20736,7875,379.77430555555554,111,26,12,6,133.8252314814815,188.0787037037037,57.870370370370374,32,26,55,0
ereq_c0a8cd85-993c-4e9d-ac8b-84e7348afae3,2026-09-17T22:28:36.525350Z,richard-gods-of-the-arena:v78,881a807d-68ab-4a62-9b6c-e98694cf0bc3,richard,7,Arcanist,BlueTeam,20736,5950,286.94058641975306,142,16,0,18,171.19984567901236,115.74074074074075,0.0,20,15,55,0
ereq_c0a8cd85-993c-4e9d-ac8b-84e7348afae3,2026-09-17T22:28:36.525350Z,black-kite:v16,d10d7d74-40a7-4f6c-8838-e09729160349,Andrew Brower B,8,Druid Warden,BlueTeam,20736,3925,189.2843364197531,129,4,1,11,155.52662037037038,28.935185185185187,4.822530864197531,6,4,55,0
ereq_c0a8cd85-993c-4e9d-ac8b-84e7348afae3,2026-09-17T22:28:36.525350Z,james-botts-gota:v13,40d72eea-ac61-44b0-aaf4-7828fbf30170,James Botts,9,Demon Hunter,BlueTeam,20736,3500,168.78858024691357,134,1,0,1,161.5547839506173,7.233796296296297,0.0,4,1,55,0
ereq_924f6483-38e6-4c12-9693-0fce6994cd6f,2026-09-17T22:28:36.536329Z,Polyworld GOTA base.bas:v1,e8aed568-d03c-49bf-beaf-68c731f05d26,Andre von Houck,0,Death Knight,RedTeam,12185,1450,118.99876897825195,46,2,0,12,94.37833401723431,24.620434961017644,0.0,8,2,32,1
ereq_924f6483-38e6-4c12-9693-0fce6994cd6f,2026-09-17T22:28:36.536329Z,macromackie-gota:v3,e3a136c1-ad8d-44c7-b9d7-e4c65a3185cf,macromackie,1,Crossbowman,RedTeam,12185,6025,494.460402133771,111,15,10,2,227.7390233894132,184.65326220763234,82.06811653672548,17,15,32,1
ereq_924f6483-38e6-4c12-9693-0fce6994cd6f,2026-09-17T22:28:36.536329Z,gota-g003:v2,8cea4626-a0f1-4dd0-b066-58e6bd194ad3,Scott Smith,2,Lich,RedTeam,12185,1450,118.99876897825195,34,4,0,12,69.75789905621666,49.24086992203529,0.0,12,4,32,1
ereq_924f6483-38e6-4c12-9693-0fce6994cd6f,2026-09-17T22:28:36.536329Z,black-kite:v16,d10d7d74-40a7-4f6c-8838-e09729160349,Andrew Brower B,3,Warlock,RedTeam,12185,2475,203.11858842839555,93,1,0,10,190.80837094788674,12.310217480508822,0.0,2,1,32,1
ereq_924f6483-38e6-4c12-9693-0fce6994cd6f,2026-09-17T22:28:36.536329Z,richard-gods-of-the-arena:v78,881a807d-68ab-4a62-9b6c-e98694cf0bc3,richard,4,Berserker,RedTeam,12185,2575,211.32540008206811,55,8,0,10,112.84366023799754,98.48173984407057,0.0,12,8,32,1
ereq_924f6483-38e6-4c12-9693-0fce6994cd6f,2026-09-17T22:28:36.536329Z,james-botts-gota:v13,40d72eea-ac61-44b0-aaf4-7828fbf30170,James Botts,5,Vanguard Knight,BlueTeam,12185,2675,219.53221173574067,101,1,0,1,207.22199425523183,12.310217480508822,0.0,1,1,46,0
ereq_924f6483-38e6-4c12-9693-0fce6994cd6f,2026-09-17T22:28:36.536329Z,aaron-gota-ir-coordinated-support-anchor-0916:v1,9cedf3ff-c7ce-4cff-897f-d48b44e049ad,Aaron's Co-play Coach,6,Ranger,BlueTeam,12185,7425,609.3557652851867,53,34,10,2,108.74025441116126,418.5473943373,82.06811653672548,35,34,46,0
ereq_924f6483-38e6-4c12-9693-0fce6994cd6f,2026-09-17T22:28:36.536329Z,red-kite:v34,a4590ed4-0b0c-4d86-8968-0844796f30e0,Andrew Brower,7,Arcanist,BlueTeam,12185,3250,266.7213787443578,76,9,0,8,155.9294214197784,110.7919573245794,0.0,14,9,46,0
ereq_924f6483-38e6-4c12-9693-0fce6994cd6f,2026-09-17T22:28:36.536329Z,gota-g002:v1,a30542cb-54de-4109-92e6-bcabca7db4d8,Alex Smith,8,Druid Warden,BlueTeam,12185,250,20.51702913418137,10,0,0,13,20.51702913418137,0.0,0.0,2,0,46,0
ereq_924f6483-38e6-4c12-9693-0fce6994cd6f,2026-09-17T22:28:36.536329Z,Jordan-ply_bcb80069-fb0c-4ba5-a45c-06b647870aeb:v209,7ade377d-0492-4300-91f3-f23d94732a66,Jordan,9,Demon Hunter,BlueTeam,12185,850,69.75789905621666,22,2,0,8,45.137464095199014,24.620434961017644,0.0,5,2,46,0
ereq_2d31eec5-789b-4d1b-ad5f-59c61dc312b8,2026-09-17T22:28:36.523941Z,gota-codex-side-aware-team-secondary-20260917:v1,a7551ee6-ef55-48f0-81bc-d1ba68ca54c2,daveey-2,0,Death Knight,RedTeam,28800,7450,258.68055555555554,210,14,1,17,182.29166666666666,72.91666666666667,3.4722222222222223,20,14,68,0
ereq_2d31eec5-789b-4d1b-ad5f-59c61dc312b8,2026-09-17T22:28:36.523941Z,red-kite:v34,a4590ed4-0b0c-4d86-8968-0844796f30e0,Andrew Brower,1,Crossbowman,RedTeam,28800,7975,276.90972222222223,203,18,2,11,176.21527777777777,93.75,6.944444444444445,20,18,68,0
ereq_2d31eec5-789b-4d1b-ad5f-59c61dc312b8,2026-09-17T22:28:36.523941Z,Polyworld GOTA base.bas:v1,e8aed568-d03c-49bf-beaf-68c731f05d26,Andre von Houck,2,Lich,RedTeam,28800,6125,212.67361111111111,173,12,0,19,150.17361111111111,62.5,0.0,16,12,68,0
ereq_2d31eec5-789b-4d1b-ad5f-59c61dc312b8,2026-09-17T22:28:36.523941Z,gota-g002:v1,a30542cb-54de-4109-92e6-bcabca7db4d8,Alex Smith,3,Warlock,RedTeam,28800,4250,147.56944444444446,96,11,2,23,83.33333333333333,57.291666666666664,6.944444444444445,14,11,68,0
ereq_2d31eec5-789b-4d1b-ad5f-59c61dc312b8,2026-09-17T22:28:36.523941Z,Jordan-ply_bcb80069-fb0c-4ba5-a45c-06b647870aeb:v209,7ade377d-0492-4300-91f3-f23d94732a66,Jordan,4,Berserker,RedTeam,28800,3500,121.52777777777777,88,8,1,21,76.38888888888889,41.666666666666664,3.4722222222222223,21,8,68,0
ereq_2d31eec5-789b-4d1b-ad5f-59c61dc312b8,2026-09-17T22:28:36.523941Z,aaron-gota-ir-coordinated-support-anchor-0916:v1,9cedf3ff-c7ce-4cff-897f-d48b44e049ad,Aaron's Co-play Coach,5,Vanguard Knight,BlueTeam,28800,3725,129.34027777777777,79,9,4,14,68.57638888888889,46.875,13.88888888888889,32,9,91,0
ereq_2d31eec5-789b-4d1b-ad5f-59c61dc312b8,2026-09-17T22:28:36.523941Z,relh-gods-of-the-arena:v145,6daf9052-7877-4dc4-b1b3-e03f479b8b55,relh,6,Ranger,BlueTeam,28800,7050,244.79166666666666,192,15,0,16,166.66666666666666,78.125,0.0,22,15,91,0
ereq_2d31eec5-789b-4d1b-ad5f-59c61dc312b8,2026-09-17T22:28:36.523941Z,james-botts-gota:v13,40d72eea-ac61-44b0-aaf4-7828fbf30170,James Botts,7,Arcanist,BlueTeam,28800,8050,279.5138888888889,202,20,0,2,175.34722222222223,104.16666666666667,0.0,49,20,91,0
ereq_2d31eec5-789b-4d1b-ad5f-59c61dc312b8,2026-09-17T22:28:36.523941Z,black-kite:v16,d10d7d74-40a7-4f6c-8838-e09729160349,Andrew Brower B,8,Druid Warden,BlueTeam,28800,4300,149.30555555555554,154,3,0,17,133.68055555555554,15.625,0.0,11,3,91,0
ereq_2d31eec5-789b-4d1b-ad5f-59c61dc312b8,2026-09-17T22:28:36.523941Z,gota-g003:v2,8cea4626-a0f1-4dd0-b066-58e6bd194ad3,Scott Smith,9,Demon Hunter,BlueTeam,28800,9300,322.9166666666667,180,32,0,19,156.25,166.66666666666666,0.0,53,32,91,0
ereq_2df9c774-ffcd-4268-8b7a-3b6b15a34518,2026-09-17T22:28:36.518302Z,gota-vanguard-rally-hold:v1,3ccd4955-3d9c-4c79-a243-e5dc12d650ad,daveey,0,Death Knight,RedTeam,11748,1925,163.85767790262173,47,5,0,11,100.01702417432755,63.84065372829418,0.0,12,5,43,1
ereq_2df9c774-ffcd-4268-8b7a-3b6b15a34518,2026-09-17T22:28:36.518302Z,richard-gods-of-the-arena:v78,881a807d-68ab-4a62-9b6c-e98694cf0bc3,richard,1,Crossbowman,RedTeam,11748,3950,336.227442969016,90,10,2,8,191.52196118488254,127.68130745658836,17.024174327545115,15,10,43,1
ereq_2df9c774-ffcd-4268-8b7a-3b6b15a34518,2026-09-17T22:28:36.518302Z,aaron-gota-ir-coordinated-support-anchor-0916:v1,9cedf3ff-c7ce-4cff-897f-d48b44e049ad,Aaron's Co-play Coach,2,Lich,RedTeam,11748,3475,295.79502894109635,33,13,7,3,70.2247191011236,165.98569969356487,59.5846101464079,17,13,43,1
ereq_2df9c774-ffcd-4268-8b7a-3b6b15a34518,2026-09-17T22:28:36.518302Z,red-kite:v34,a4590ed4-0b0c-4d86-8968-0844796f30e0,Andrew Brower,3,Warlock,RedTeam,11748,3000,255.3626149131767,62,9,1,2,131.93735103847465,114.91317671092952,8.512087163772557,15,9,43,1
ereq_2df9c774-ffcd-4268-8b7a-3b6b15a34518,2026-09-17T22:28:36.518302Z,relh-gods-of-the-arena:v145,6daf9052-7877-4dc4-b1b3-e03f479b8b55,relh,4,Berserker,RedTeam,11748,1400,119.1692202928158,28,4,1,7,59.5846101464079,51.07252298263534,8.512087163772557,8,4,43,1
ereq_2df9c774-ffcd-4268-8b7a-3b6b15a34518,2026-09-17T22:28:36.518302Z,gota-g003:v2,8cea4626-a0f1-4dd0-b066-58e6bd194ad3,Scott Smith,5,Vanguard Knight,BlueTeam,11748,1450,123.42526387470208,28,5,0,12,59.5846101464079,63.84065372829418,0.0,14,5,31,0
ereq_2df9c774-ffcd-4268-8b7a-3b6b15a34518,2026-09-17T22:28:36.518302Z,macromackie-gota:v3,e3a136c1-ad8d-44c7-b9d7-e4c65a3185cf,macromackie,6,Ranger,BlueTeam,11748,4150,353.2516172965611,110,6,5,7,234.0823970037453,76.60878447395301,42.560435818862786,20,6,31,0
ereq_2df9c774-ffcd-4268-8b7a-3b6b15a34518,2026-09-17T22:28:36.518302Z,gota-g002:v1,a30542cb-54de-4109-92e6-bcabca7db4d8,Alex Smith,7,Arcanist,BlueTeam,11748,4700,400.0680966973102,84,14,5,4,178.7538304392237,178.7538304392237,42.560435818862786,18,14,31,0
ereq_2df9c774-ffcd-4268-8b7a-3b6b15a34518,2026-09-17T22:28:36.518302Z,black-kite:v16,d10d7d74-40a7-4f6c-8838-e09729160349,Andrew Brower B,8,Druid Warden,BlueTeam,11748,1300,110.65713312904325,28,4,0,9,59.5846101464079,51.07252298263534,0.0,8,4,31,0
ereq_2df9c774-ffcd-4268-8b7a-3b6b15a34518,2026-09-17T22:28:36.518302Z,james-botts-gota:v13,40d72eea-ac61-44b0-aaf4-7828fbf30170,James Botts,9,Demon Hunter,BlueTeam,11748,2150,183.00987402110997,80,1,0,11,170.24174327545114,12.768130745658835,0.0,2,1,31,0
ereq_4056fb6d-c1cd-4383-a5ec-02c0c081e6bb,2026-09-17T22:28:36.512809Z,red-kite:v34,a4590ed4-0b0c-4d86-8968-0844796f30e0,Andrew Brower,0,Death Knight,RedTeam,14535,4225,290.6776745786034,87,13,1,12,149.63880288957688,134.15892672858618,6.879944960440317,15,13,28,0
ereq_4056fb6d-c1cd-4383-a5ec-02c0c081e6bb,2026-09-17T22:28:36.512809Z,james-botts-gota:v13,40d72eea-ac61-44b0-aaf4-7828fbf30170,James Botts,1,Crossbowman,RedTeam,14535,3050,209.83832129342966,116,1,0,3,199.51840385276918,10.319917440660475,0.0,6,1,28,0
ereq_4056fb6d-c1cd-4383-a5ec-02c0c081e6bb,2026-09-17T22:28:36.512809Z,khors:v1,fa00903c-0ba4-4eec-b20f-4c082550d80f,Andre von Auto,2,Lich,RedTeam,14535,3050,209.83832129342966,68,9,0,11,116.95906432748538,92.87925696594428,0.0,19,9,28,0
ereq_4056fb6d-c1cd-4383-a5ec-02c0c081e6bb,2026-09-17T22:28:36.512809Z,aaron-gota-ir-coordinated-support-anchor-0916:v1,9cedf3ff-c7ce-4cff-897f-d48b44e049ad,Aaron's Co-play Coach,3,Warlock,RedTeam,14535,1225,84.27932576539388,29,2,2,7,49.879600963192296,20.63983488132095,13.759889920880633,5,2,28,0
ereq_4056fb6d-c1cd-4383-a5ec-02c0c081e6bb,2026-09-17T22:28:36.512809Z,relh-gods-of-the-arena:v145,6daf9052-7877-4dc4-b1b3-e03f479b8b55,relh,4,Berserker,RedTeam,14535,2950,202.95837633298933,98,2,2,7,168.55865153078776,20.63983488132095,13.759889920880633,6,2,28,0
ereq_4056fb6d-c1cd-4383-a5ec-02c0c081e6bb,2026-09-17T22:28:36.512809Z,Jordan-ply_bcb80069-fb0c-4ba5-a45c-06b647870aeb:v209,7ade377d-0492-4300-91f3-f23d94732a66,Jordan,5,Vanguard Knight,BlueTeam,14535,225,15.479876160990711,9,0,0,9,15.479876160990711,0.0,0.0,6,0,40,1
ereq_4056fb6d-c1cd-4383-a5ec-02c0c081e6bb,2026-09-17T22:28:36.512809Z,gota-vanguard-rally-hold:v1,3ccd4955-3d9c-4c79-a243-e5dc12d650ad,daveey,6,Ranger,BlueTeam,14535,3625,249.39800481596149,83,9,2,2,142.75885792913655,92.87925696594428,13.759889920880633,11,9,40,1
ereq_4056fb6d-c1cd-4383-a5ec-02c0c081e6bb,2026-09-17T22:28:36.512809Z,black-kite:v16,d10d7d74-40a7-4f6c-8838-e09729160349,Andrew Brower B,7,Arcanist,BlueTeam,14535,3700,254.5579635362917,82,11,0,6,141.03887168902648,113.51909184726522,0.0,14,11,40,1
ereq_4056fb6d-c1cd-4383-a5ec-02c0c081e6bb,2026-09-17T22:28:36.512809Z,aaron-gota-ir-perimeter-blue_repair-0916-aaron:v1,b64f1ccb-02e1-4ad5-b75b-f374222e9e9a,Aaron,8,Druid Warden,BlueTeam,14535,3925,270.03783969728244,53,14,5,4,91.15927072583419,144.47884416924666,34.39972480220158,21,14,40,1
ereq_4056fb6d-c1cd-4383-a5ec-02c0c081e6bb,2026-09-17T22:28:36.512809Z,gota-g003:v2,8cea4626-a0f1-4dd0-b066-58e6bd194ad3,Scott Smith,9,Demon Hunter,BlueTeam,14535,2325,159.95872033023736,65,4,1,7,111.79910560715514,41.2796697626419,6.879944960440317,12,4,40,1
ereq_0cd57d4f-7b22-44bc-95fe-da1fb5e99308,2026-09-17T22:28:36.511444Z,gota-g003:v2,8cea4626-a0f1-4dd0-b066-58e6bd194ad3,Scott Smith,0,Death Knight,RedTeam,5575,700,125.56053811659193,22,1,0,1,98.65470852017937,26.905829596412556,0.0,11,1,25,1
ereq_0cd57d4f-7b22-44bc-95fe-da1fb5e99308,2026-09-17T22:28:36.511444Z,aaron-gota-ir-coordinated-support-anchor-0916:v1,9cedf3ff-c7ce-4cff-897f-d48b44e049ad,Aaron's Co-play Coach,1,Crossbowman,RedTeam,5575,3075,551.5695067264573,51,8,6,0,228.69955156950672,215.24663677130044,107.62331838565022,10,8,25,1
ereq_0cd57d4f-7b22-44bc-95fe-da1fb5e99308,2026-09-17T22:28:36.511444Z,red-kite:v34,a4590ed4-0b0c-4d86-8968-0844796f30e0,Andrew Brower,2,Lich,RedTeam,5575,1500,269.05829596412553,38,3,1,2,170.40358744394618,80.71748878923766,17.937219730941703,3,3,25,1
ereq_0cd57d4f-7b22-44bc-95fe-da1fb5e99308,2026-09-17T22:28:36.511444Z,richard-gods-of-the-arena:v78,881a807d-68ab-4a62-9b6c-e98694cf0bc3,richard,3,Warlock,RedTeam,5575,1475,264.5739910313901,25,5,1,2,112.10762331838565,134.52914798206277,17.937219730941703,12,5,25,1
ereq_0cd57d4f-7b22-44bc-95fe-da1fb5e99308,2026-09-17T22:28:36.511444Z,gota-g002:v1,a30542cb-54de-4109-92e6-bcabca7db4d8,Alex Smith,4,Berserker,RedTeam,5575,1825,327.3542600896861,19,7,3,1,85.20179372197309,188.34080717488789,53.81165919282511,14,7,25,1
ereq_0cd57d4f-7b22-44bc-95fe-da1fb5e99308,2026-09-17T22:28:36.511444Z,black-kite:v16,d10d7d74-40a7-4f6c-8838-e09729160349,Andrew Brower B,5,Vanguard Knight,BlueTeam,5575,275,49.327354260089685,11,0,0,8,49.327354260089685,0.0,0.0,1,0,6,0
ereq_0cd57d4f-7b22-44bc-95fe-da1fb5e99308,2026-09-17T22:28:36.511444Z,aaron-gota-ir-perimeter-blue_repair-0916-aaron:v1,b64f1ccb-02e1-4ad5-b75b-f374222e9e9a,Aaron,6,Ranger,BlueTeam,5575,1400,251.12107623318386,46,1,1,2,206.2780269058296,26.905829596412556,17.937219730941703,2,1,6,0
ereq_0cd57d4f-7b22-44bc-95fe-da1fb5e99308,2026-09-17T22:28:36.511444Z,relh-gods-of-the-arena:v145,6daf9052-7877-4dc4-b1b3-e03f479b8b55,relh,7,Arcanist,BlueTeam,5575,1525,273.54260089686096,49,2,0,7,219.73094170403587,53.81165919282511,0.0,3,2,6,0
ereq_0cd57d4f-7b22-44bc-95fe-da1fb5e99308,2026-09-17T22:28:36.511444Z,Jordan-ply_bcb80069-fb0c-4ba5-a45c-06b647870aeb:v209,7ade377d-0492-4300-91f3-f23d94732a66,Jordan,8,Druid Warden,BlueTeam,5575,325,58.29596412556054,7,1,0,7,31.390134529147982,26.905829596412556,0.0,1,1,6,0
ereq_0cd57d4f-7b22-44bc-95fe-da1fb5e99308,2026-09-17T22:28:36.511444Z,james-botts-gota:v13,40d72eea-ac61-44b0-aaf4-7828fbf30170,James Botts,9,Demon Hunter,BlueTeam,5575,700,125.56053811659193,22,1,0,1,98.65470852017937,26.905829596412556,0.0,1,1,6,0
ereq_94ea8092-1715-4c6b-8b5c-ee98de0cba8e,2026-09-17T22:28:36.519679Z,black-kite:v16,d10d7d74-40a7-4f6c-8838-e09729160349,Andrew Brower B,0,Death Knight,RedTeam,10821,1150,106.27483596710101,40,1,0,9,92.41290084095739,13.86193512614361,0.0,6,1,29,1
ereq_94ea8092-1715-4c6b-8b5c-ee98de0cba8e,2026-09-17T22:28:36.519679Z,james-botts-gota:v13,40d72eea-ac61-44b0-aaf4-7828fbf30170,James Botts,1,Crossbowman,RedTeam,10821,2300,212.54967193420202,92,0,0,1,212.54967193420202,0.0,0.0,2,0,29,1
ereq_94ea8092-1715-4c6b-8b5c-ee98de0cba8e,2026-09-17T22:28:36.519679Z,red-kite:v34,a4590ed4-0b0c-4d86-8968-0844796f30e0,Andrew Brower,2,Lich,RedTeam,10821,4675,432.0303114314758,79,18,0,9,182.51547916089086,249.51483227058498,0.0,20,18,29,1
ereq_94ea8092-1715-4c6b-8b5c-ee98de0cba8e,2026-09-17T22:28:36.519679Z,aaron-gota-ir-perimeter-blue_repair-0916-aaron:v1,b64f1ccb-02e1-4ad5-b75b-f374222e9e9a,Aaron,3,Warlock,RedTeam,10821,300,27.72387025228722,0,2,0,3,0.0,27.72387025228722,0.0,2,2,29,1
ereq_94ea8092-1715-4c6b-8b5c-ee98de0cba8e,2026-09-17T22:28:36.519679Z,relh-gods-of-the-arena:v145,6daf9052-7877-4dc4-b1b3-e03f479b8b55,relh,4,Berserker,RedTeam,10821,2675,247.20450974956103,49,7,4,3,113.20580353017282,97.03354588300527,36.96516033638296,8,7,29,1
ereq_94ea8092-1715-4c6b-8b5c-ee98de0cba8e,2026-09-17T22:28:36.519679Z,nancy-goa:v1,353b1313-e887-4496-9466-ef3cc016e53e,NanosaurusX,5,Vanguard Knight,BlueTeam,10821,1200,110.89548100914888,24,4,0,2,55.44774050457444,55.44774050457444,0.0,9,4,25,0
ereq_94ea8092-1715-4c6b-8b5c-ee98de0cba8e,2026-09-17T22:28:36.519679Z,gota-vanguard-rally-hold:v1,3ccd4955-3d9c-4c79-a243-e5dc12d650ad,daveey,6,Ranger,BlueTeam,10821,3050,281.8593475649201,70,8,1,4,161.72257647167544,110.89548100914888,9.24129008409574,12,8,25,0
ereq_94ea8092-1715-4c6b-8b5c-ee98de0cba8e,2026-09-17T22:28:36.519679Z,gota-g002:v1,a30542cb-54de-4109-92e6-bcabca7db4d8,Alex Smith,7,Arcanist,BlueTeam,10821,2100,194.06709176601055,60,4,0,8,138.6193512614361,55.44774050457444,0.0,8,4,25,0
ereq_94ea8092-1715-4c6b-8b5c-ee98de0cba8e,2026-09-17T22:28:36.519679Z,macromackie-gota:v3,e3a136c1-ad8d-44c7-b9d7-e4c65a3185cf,macromackie,8,Druid Warden,BlueTeam,10821,725,66.99935310969411,17,2,0,10,39.27548285740689,27.72387025228722,0.0,5,2,25,0
ereq_94ea8092-1715-4c6b-8b5c-ee98de0cba8e,2026-09-17T22:28:36.519679Z,aaron-gota-ir-coordinated-support-anchor-0916:v1,9cedf3ff-c7ce-4cff-897f-d48b44e049ad,Aaron's Co-play Coach,9,Demon Hunter,BlueTeam,10821,2950,272.61805748082435,74,6,2,5,170.96386655577118,83.17161075686165,18.48258016819148,10,6,25,0
ereq_aa2e9ac3-2e96-4028-bb87-5ce281751427,2026-09-17T22:28:36.536990Z,relh-gods-of-the-arena:v145,6daf9052-7877-4dc4-b1b3-e03f479b8b55,relh,0,Death Knight,RedTeam,5705,125,21.910604732690622,5,0,0,3,21.910604732690622,0.0,0.0,1,0,20,1
ereq_aa2e9ac3-2e96-4028-bb87-5ce281751427,2026-09-17T22:28:36.536990Z,aaron-gota-ir-perimeter-blue_repair-0916-aaron:v1,b64f1ccb-02e1-4ad5-b75b-f374222e9e9a,Aaron,1,Crossbowman,RedTeam,5705,2500,438.21209465381247,56,4,5,0,245.39877300613497,105.17090271691498,87.64241893076249,4,4,20,1
ereq_aa2e9ac3-2e96-4028-bb87-5ce281751427,2026-09-17T22:28:36.536990Z,richard-gods-of-the-arena:v78,881a807d-68ab-4a62-9b6c-e98694cf0bc3,richard,2,Lich,RedTeam,5705,2075,363.7160385626643,39,6,2,1,170.90271691498685,157.75635407537249,35.056967572305,12,6,20,1
ereq_aa2e9ac3-2e96-4028-bb87-5ce281751427,2026-09-17T22:28:36.536990Z,gota-g002:v1,a30542cb-54de-4109-92e6-bcabca7db4d8,Alex Smith,3,Warlock,RedTeam,5705,1500,262.9272567922875,12,6,3,1,52.58545135845749,157.75635407537249,52.58545135845749,11,6,20,1
ereq_aa2e9ac3-2e96-4028-bb87-5ce281751427,2026-09-17T22:28:36.536990Z,Polyworld GOTA base.bas:v1,e8aed568-d03c-49bf-beaf-68c731f05d26,Andre von Houck,4,Berserker,RedTeam,5705,1075,188.43120070113935,25,3,0,4,109.55302366345312,78.87817703768624,0.0,8,3,20,1
ereq_aa2e9ac3-2e96-4028-bb87-5ce281751427,2026-09-17T22:28:36.536990Z,black-kite:v16,d10d7d74-40a7-4f6c-8838-e09729160349,Andrew Brower B,5,Vanguard Knight,BlueTeam,5705,750,131.46362839614375,30,0,0,1,131.46362839614375,0.0,0.0,3,0,9,0
ereq_aa2e9ac3-2e96-4028-bb87-5ce281751427,2026-09-17T22:28:36.536990Z,james-botts-gota:v13,40d72eea-ac61-44b0-aaf4-7828fbf30170,James Botts,6,Ranger,BlueTeam,5705,675,118.31726555652936,27,0,0,4,118.31726555652936,0.0,0.0,0,0,9,0
ereq_aa2e9ac3-2e96-4028-bb87-5ce281751427,2026-09-17T22:28:36.536990Z,aaron-gota-ir-coordinated-support-anchor-0916:v1,9cedf3ff-c7ce-4cff-897f-d48b44e049ad,Aaron's Co-play Coach,7,Arcanist,BlueTeam,5705,1000,175.28483786152498,20,2,2,2,87.64241893076249,52.58545135845749,35.056967572305,2,2,9,0
ereq_aa2e9ac3-2e96-4028-bb87-5ce281751427,2026-09-17T22:28:36.536990Z,red-kite:v34,a4590ed4-0b0c-4d86-8968-0844796f30e0,Andrew Brower,8,Druid Warden,BlueTeam,5705,375,65.73181419807187,15,0,0,7,65.73181419807187,0.0,0.0,2,0,9,0
ereq_aa2e9ac3-2e96-4028-bb87-5ce281751427,2026-09-17T22:28:36.536990Z,macromackie-gota:v3,e3a136c1-ad8d-44c7-b9d7-e4c65a3185cf,macromackie,9,Demon Hunter,BlueTeam,5705,1700,297.9842243645925,42,3,2,6,184.04907975460122,78.87817703768624,35.056967572305,3,3,9,0
ereq_8f79476f-77ac-406b-aa79-127a88e4e240,2026-09-17T22:28:36.537667Z,gota-g002:v1,a30542cb-54de-4109-92e6-bcabca7db4d8,Alex Smith,0,Death Knight,RedTeam,8207,600,73.10832216400634,12,2,0,6,36.55416108200317,36.55416108200317,0.0,7,2,37,1
ereq_8f79476f-77ac-406b-aa79-127a88e4e240,2026-09-17T22:28:36.537667Z,aaron-gota-ir-perimeter-blue_repair-0916-aaron:v1,b64f1ccb-02e1-4ad5-b75b-f374222e9e9a,Aaron,1,Crossbowman,RedTeam,8207,4425,539.1738759595468,37,18,8,1,112.70866333617643,328.9874497380285,97.47776288534178,24,18,37,1
ereq_8f79476f-77ac-406b-aa79-127a88e4e240,2026-09-17T22:28:36.537667Z,aaron-gota-ir-coordinated-support-anchor-0916:v1,9cedf3ff-c7ce-4cff-897f-d48b44e049ad,Aaron's Co-play Coach,2,Lich,RedTeam,8207,2425,295.47946874619225,33,10,1,2,100.52394297550872,182.77080541001584,12.184720360667722,13,10,37,1
ereq_8f79476f-77ac-406b-aa79-127a88e4e240,2026-09-17T22:28:36.537667Z,macromackie-gota:v3,e3a136c1-ad8d-44c7-b9d7-e4c65a3185cf,macromackie,3,Warlock,RedTeam,8207,425,51.78506153283782,7,1,1,3,21.323260631168516,18.277080541001585,12.184720360667722,7,1,37,1
ereq_8f79476f-77ac-406b-aa79-127a88e4e240,2026-09-17T22:28:36.537667Z,red-kite:v34,a4590ed4-0b0c-4d86-8968-0844796f30e0,Andrew Brower,4,Berserker,RedTeam,8207,2625,319.84890946752773,67,5,2,3,204.09406604118436,91.38540270500792,24.369440721335444,6,5,37,1
ereq_8f79476f-77ac-406b-aa79-127a88e4e240,2026-09-17T22:28:36.537667Z,relh-gods-of-the-arena:v145,6daf9052-7877-4dc4-b1b3-e03f479b8b55,relh,5,Vanguard Knight,BlueTeam,8207,350,42.64652126233703,14,0,0,13,42.64652126233703,0.0,0.0,1,0,15,0
ereq_8f79476f-77ac-406b-aa79-127a88e4e240,2026-09-17T22:28:36.537667Z,khors:v1,fa00903c-0ba4-4eec-b20f-4c082550d80f,Andre von Auto,6,Ranger,BlueTeam,8207,1450,176.67844522968198,34,4,0,9,103.57012306567565,73.10832216400634,0.0,11,4,15,0
ereq_8f79476f-77ac-406b-aa79-127a88e4e240,2026-09-17T22:28:36.537667Z,james-botts-gota:v13,40d72eea-ac61-44b0-aaf4-7828fbf30170,James Botts,7,Arcanist,BlueTeam,8207,2225,271.11002802485683,59,5,0,0,179.7246253198489,91.38540270500792,0.0,11,5,15,0
ereq_8f79476f-77ac-406b-aa79-127a88e4e240,2026-09-17T22:28:36.537667Z,Jordan-ply_bcb80069-fb0c-4ba5-a45c-06b647870aeb:v209,7ade377d-0492-4300-91f3-f23d94732a66,Jordan,8,Druid Warden,BlueTeam,8207,925,112.70866333617643,21,2,1,6,63.96978189350554,36.55416108200317,12.184720360667722,8,2,15,0
ereq_8f79476f-77ac-406b-aa79-127a88e4e240,2026-09-17T22:28:36.537667Z,gota-codex-side-aware-team-secondary-20260917:v1,a7551ee6-ef55-48f0-81bc-d1ba68ca54c2,daveey-2,9,Demon Hunter,BlueTeam,8207,2025,246.74058730352138,53,4,1,9,161.44754477884732,73.10832216400634,12.184720360667722,6,4,15,0
ereq_74b88e96-dfba-419f-a429-34d2b6988ad7,2026-09-17T22:28:36.516962Z,aaron-gota-ir-coordinated-support-anchor-0916:v1,9cedf3ff-c7ce-4cff-897f-d48b44e049ad,Aaron's Co-play Coach,0,Death Knight,RedTeam,3866,550,142.26590791515778,8,1,2,0,51.733057423693744,38.7997930677703,51.733057423693744,2,1,4,0
ereq_74b88e96-dfba-419f-a429-34d2b6988ad7,2026-09-17T22:28:36.516962Z,gota-codex-side-aware-team-secondary-20260917:v1,a7551ee6-ef55-48f0-81bc-d1ba68ca54c2,daveey-2,1,Crossbowman,RedTeam,3866,925,239.26539058458354,23,1,2,0,148.7325400931195,38.7997930677703,51.733057423693744,1,1,4,0
ereq_74b88e96-dfba-419f-a429-34d2b6988ad7,2026-09-17T22:28:36.516962Z,macromackie-gota:v3,e3a136c1-ad8d-44c7-b9d7-e4c65a3185cf,macromackie,2,Lich,RedTeam,3866,550,142.26590791515778,18,0,1,1,116.39937920331091,0.0,25.866528711846872,0,0,4,0
ereq_74b88e96-dfba-419f-a429-34d2b6988ad7,2026-09-17T22:28:36.516962Z,relh-gods-of-the-arena:v145,6daf9052-7877-4dc4-b1b3-e03f479b8b55,relh,3,Warlock,RedTeam,3866,625,161.66580444904295,25,0,0,2,161.66580444904295,0.0,0.0,2,0,4,0
ereq_74b88e96-dfba-419f-a429-34d2b6988ad7,2026-09-17T22:28:36.516962Z,Jordan-ply_bcb80069-fb0c-4ba5-a45c-06b647870aeb:v209,7ade377d-0492-4300-91f3-f23d94732a66,Jordan,4,Berserker,RedTeam,3866,575,148.7325400931195,13,1,1,0,84.06621831350233,38.7997930677703,25.866528711846872,2,1,4,0
ereq_74b88e96-dfba-419f-a429-34d2b6988ad7,2026-09-17T22:28:36.516962Z,aaron-gota-ir-perimeter-blue_repair-0916-aaron:v1,b64f1ccb-02e1-4ad5-b75b-f374222e9e9a,Aaron,5,Vanguard Knight,BlueTeam,3866,275,71.13295395757889,3,0,2,1,19.39989653388515,0.0,51.733057423693744,1,0,3,1
ereq_74b88e96-dfba-419f-a429-34d2b6988ad7,2026-09-17T22:28:36.516962Z,Polyworld GOTA base.bas:v1,e8aed568-d03c-49bf-beaf-68c731f05d26,Andre von Houck,6,Ranger,BlueTeam,3866,550,142.26590791515778,16,1,0,0,103.46611484738749,38.7997930677703,0.0,2,1,3,1
ereq_74b88e96-dfba-419f-a429-34d2b6988ad7,2026-09-17T22:28:36.516962Z,james-botts-gota:v13,40d72eea-ac61-44b0-aaf4-7828fbf30170,James Botts,7,Arcanist,BlueTeam,3866,475,122.86601138127263,19,0,0,0,122.86601138127263,0.0,0.0,1,0,3,1
ereq_74b88e96-dfba-419f-a429-34d2b6988ad7,2026-09-17T22:28:36.516962Z,red-kite:v34,a4590ed4-0b0c-4d86-8968-0844796f30e0,Andrew Brower,8,Druid Warden,BlueTeam,3866,325,84.06621831350233,13,0,0,2,84.06621831350233,0.0,0.0,1,0,3,1
ereq_74b88e96-dfba-419f-a429-34d2b6988ad7,2026-09-17T22:28:36.516962Z,gota-vanguard-rally-hold:v1,3ccd4955-3d9c-4c79-a243-e5dc12d650ad,daveey,9,Demon Hunter,BlueTeam,3866,775,200.46559751681323,13,1,3,1,84.06621831350233,38.7997930677703,77.5995861355406,2,1,3,1
ereq_a9dfad3a-f43e-451c-8bd5-76094c8ade4a,2026-09-17T22:28:36.517639Z,gota-g003:v2,8cea4626-a0f1-4dd0-b066-58e6bd194ad3,Scott Smith,0,Death Knight,RedTeam,28800,4200,145.83333333333334,56,14,7,23,48.611111111111114,72.91666666666667,24.305555555555557,30,14,80,0
ereq_a9dfad3a-f43e-451c-8bd5-76094c8ade4a,2026-09-17T22:28:36.517639Z,Polyworld GOTA base.bas:v1,e8aed568-d03c-49bf-beaf-68c731f05d26,Andre von Houck,1,Crossbowman,RedTeam,28800,3500,121.52777777777777,50,15,0,22,43.40277777777778,78.125,0.0,34,15,80,0
ereq_a9dfad3a-f43e-451c-8bd5-76094c8ade4a,2026-09-17T22:28:36.517639Z,richard-gods-of-the-arena:v78,881a807d-68ab-4a62-9b6c-e98694cf0bc3,richard,2,Lich,RedTeam,28800,5300,184.02777777777777,80,22,0,27,69.44444444444444,114.58333333333333,0.0,40,22,80,0
ereq_a9dfad3a-f43e-451c-8bd5-76094c8ade4a,2026-09-17T22:28:36.517639Z,Jordan-ply_bcb80069-fb0c-4ba5-a45c-06b647870aeb:v209,7ade377d-0492-4300-91f3-f23d94732a66,Jordan,3,Warlock,RedTeam,28800,3125,108.50694444444444,51,11,2,19,44.270833333333336,57.291666666666664,6.944444444444445,26,11,80,0
ereq_a9dfad3a-f43e-451c-8bd5-76094c8ade4a,2026-09-17T22:28:36.517639Z,aaron-gota-ir-coordinated-support-anchor-0916:v1,9cedf3ff-c7ce-4cff-897f-d48b44e049ad,Aaron's Co-play Coach,4,Berserker,RedTeam,28800,5225,181.42361111111111,87,17,5,24,75.52083333333333,88.54166666666667,17.36111111111111,21,17,80,0
ereq_a9dfad3a-f43e-451c-8bd5-76094c8ade4a,2026-09-17T22:28:36.517639Z,red-kite:v34,a4590ed4-0b0c-4d86-8968-0844796f30e0,Andrew Brower,5,Vanguard Knight,BlueTeam,28800,1600,55.55555555555556,52,2,0,9,45.138888888888886,10.416666666666666,0.0,8,2,115,0
ereq_a9dfad3a-f43e-451c-8bd5-76094c8ade4a,2026-09-17T22:28:36.517639Z,aaron-gota-ir-perimeter-blue_repair-0916-aaron:v1,b64f1ccb-02e1-4ad5-b75b-f374222e9e9a,Aaron,6,Ranger,BlueTeam,28800,15725,546.0069444444445,97,80,13,8,84.20138888888889,416.6666666666667,45.138888888888886,90,80,115,0
ereq_a9dfad3a-f43e-451c-8bd5-76094c8ade4a,2026-09-17T22:28:36.517639Z,gota-codex-side-aware-team-secondary-20260917:v1,a7551ee6-ef55-48f0-81bc-d1ba68ca54c2,daveey-2,7,Arcanist,BlueTeam,28800,2100,72.91666666666667,48,6,0,28,41.666666666666664,31.25,0.0,18,5,115,0
ereq_a9dfad3a-f43e-451c-8bd5-76094c8ade4a,2026-09-17T22:28:36.517639Z,james-botts-gota:v13,40d72eea-ac61-44b0-aaf4-7828fbf30170,James Botts,8,Druid Warden,BlueTeam,28800,2825,98.09027777777777,107,1,0,3,92.88194444444444,5.208333333333333,0.0,2,1,115,0
ereq_a9dfad3a-f43e-451c-8bd5-76094c8ade4a,2026-09-17T22:28:36.517639Z,gota-g002:v1,a30542cb-54de-4109-92e6-bcabca7db4d8,Alex Smith,9,Demon Hunter,BlueTeam,28800,5075,176.21527777777777,57,23,2,32,49.479166666666664,119.79166666666667,6.944444444444445,38,23,115,0
ereq_e970b846-a8df-4243-bd6b-8c925cbef734,2026-09-17T22:28:36.527374Z,black-kite:v16,d10d7d74-40a7-4f6c-8838-e09729160349,Andrew Brower B,0,Death Knight,RedTeam,10205,2250,220.48015678588928,72,3,0,6,176.38412542871143,44.09603135717786,0.0,7,3,29,0
ereq_e970b846-a8df-4243-bd6b-8c925cbef734,2026-09-17T22:28:36.527374Z,richard-gods-of-the-arena:v78,881a807d-68ab-4a62-9b6c-e98694cf0bc3,richard,1,Crossbowman,RedTeam,10205,2675,262.12640862322394,57,7,2,5,139.6374326310632,102.890739833415,19.598236158745713,16,7,29,0
ereq_e970b846-a8df-4243-bd6b-8c925cbef734,2026-09-17T22:28:36.527374Z,james-botts-gota:v13,40d72eea-ac61-44b0-aaf4-7828fbf30170,James Botts,2,Lich,RedTeam,10205,1575,154.3361097501225,39,4,0,2,95.54140127388536,58.79470847623714,0.0,14,4,29,0
ereq_e970b846-a8df-4243-bd6b-8c925cbef734,2026-09-17T22:28:36.527374Z,gota-g002:v1,a30542cb-54de-4109-92e6-bcabca7db4d8,Alex Smith,3,Warlock,RedTeam,10205,1300,127.38853503184713,34,3,0,7,83.29250367466928,44.09603135717786,0.0,10,3,29,0
ereq_e970b846-a8df-4243-bd6b-8c925cbef734,2026-09-17T22:28:36.527374Z,nancy-goa:v1,353b1313-e887-4496-9466-ef3cc016e53e,NanosaurusX,4,Berserker,RedTeam,10205,2350,230.27927486526212,30,8,4,2,73.49338559529642,117.58941695247428,39.19647231749143,13,8,29,0
ereq_e970b846-a8df-4243-bd6b-8c925cbef734,2026-09-17T22:28:36.527374Z,relh-gods-of-the-arena:v145,6daf9052-7877-4dc4-b1b3-e03f479b8b55,relh,5,Vanguard Knight,BlueTeam,10205,150,14.698677119059285,6,0,0,8,14.698677119059285,0.0,0.0,5,0,22,1
ereq_e970b846-a8df-4243-bd6b-8c925cbef734,2026-09-17T22:28:36.527374Z,red-kite:v34,a4590ed4-0b0c-4d86-8968-0844796f30e0,Andrew Brower,6,Ranger,BlueTeam,10205,2825,276.8250857422832,79,5,1,5,193.5325820676139,73.49338559529642,9.799118079372857,6,5,22,1
ereq_e970b846-a8df-4243-bd6b-8c925cbef734,2026-09-17T22:28:36.527374Z,gota-vanguard-rally-hold:v1,3ccd4955-3d9c-4c79-a243-e5dc12d650ad,daveey,7,Arcanist,BlueTeam,10205,3575,350.31847133757964,83,10,0,8,203.33170014698678,146.98677119059283,0.0,9,9,22,1
ereq_e970b846-a8df-4243-bd6b-8c925cbef734,2026-09-17T22:28:36.527374Z,gota-codex-side-aware-team-secondary-20260917:v1,a7551ee6-ef55-48f0-81bc-d1ba68ca54c2,daveey-2,8,Druid Warden,BlueTeam,10205,725,71.04360607545321,25,0,1,5,61.24448799608035,0.0,9.799118079372857,3,0,22,1
ereq_e970b846-a8df-4243-bd6b-8c925cbef734,2026-09-17T22:28:36.527374Z,aaron-gota-ir-coordinated-support-anchor-0916:v1,9cedf3ff-c7ce-4cff-897f-d48b44e049ad,Aaron's Co-play Coach,9,Demon Hunter,BlueTeam,10205,2550,249.87751102400784,50,6,4,3,122.4889759921607,88.19206271435571,39.19647231749143,8,6,22,1
ereq_1db1ca6d-32bb-4b17-9850-05c308e36f31,2026-09-17T22:28:36.521248Z,red-kite:v34,a4590ed4-0b0c-4d86-8968-0844796f30e0,Andrew Brower,0,Death Knight,RedTeam,6229,1550,248.8360892599133,50,2,0,3,200.67426553218814,48.16182372772516,0.0,3,2,11,0
ereq_1db1ca6d-32bb-4b17-9850-05c308e36f31,2026-09-17T22:28:36.521248Z,Polyworld GOTA base.bas:v1,e8aed568-d03c-49bf-beaf-68c731f05d26,Andre von Houck,1,Crossbowman,RedTeam,6229,2075,333.1192807834323,41,7,0,5,164.55289773639427,168.56638304703804,0.0,9,7,11,0
ereq_1db1ca6d-32bb-4b17-9850-05c308e36f31,2026-09-17T22:28:36.521248Z,gota-g002:v1,a30542cb-54de-4109-92e6-bcabca7db4d8,Alex Smith,2,Lich,RedTeam,6229,200,32.10788248515011,4,0,1,4,16.053941242575053,0.0,16.053941242575053,1,0,11,0
ereq_1db1ca6d-32bb-4b17-9850-05c308e36f31,2026-09-17T22:28:36.521248Z,james-botts-gota:v13,40d72eea-ac61-44b0-aaf4-7828fbf30170,James Botts,3,Warlock,RedTeam,6229,825,132.44501525124417,33,0,0,1,132.44501525124417,0.0,0.0,1,0,11,0
ereq_1db1ca6d-32bb-4b17-9850-05c308e36f31,2026-09-17T22:28:36.521248Z,relh-gods-of-the-arena:v145,6daf9052-7877-4dc4-b1b3-e03f479b8b55,relh,4,Berserker,RedTeam,6229,1275,204.68775084283192,37,1,2,5,148.49895649381924,24.08091186386258,32.10788248515011,3,1,11,0
ereq_1db1ca6d-32bb-4b17-9850-05c308e36f31,2026-09-17T22:28:36.521248Z,Jordan-ply_bcb80069-fb0c-4ba5-a45c-06b647870aeb:v209,7ade377d-0492-4300-91f3-f23d94732a66,Jordan,5,Vanguard Knight,BlueTeam,6229,250,40.13485310643763,10,0,0,3,40.13485310643763,0.0,0.0,4,0,18,1
ereq_1db1ca6d-32bb-4b17-9850-05c308e36f31,2026-09-17T22:28:36.521248Z,black-kite:v16,d10d7d74-40a7-4f6c-8838-e09729160349,Andrew Brower B,6,Ranger,BlueTeam,6229,2100,337.1327660940761,60,4,0,2,240.8091186386258,96.32364745545031,0.0,4,4,18,1
ereq_1db1ca6d-32bb-4b17-9850-05c308e36f31,2026-09-17T22:28:36.521248Z,richard-gods-of-the-arena:v78,881a807d-68ab-4a62-9b6c-e98694cf0bc3,richard,7,Arcanist,BlueTeam,6229,2350,377.2676192005137,36,7,4,2,144.48547118317546,168.56638304703804,64.21576497030021,12,7,18,1
ereq_1db1ca6d-32bb-4b17-9850-05c308e36f31,2026-09-17T22:28:36.521248Z,khors:v1,fa00903c-0ba4-4eec-b20f-4c082550d80f,Andre von Auto,8,Druid Warden,BlueTeam,6229,1150,184.6203242896131,12,3,4,1,48.16182372772516,72.24273559158773,64.21576497030021,13,3,18,1
ereq_1db1ca6d-32bb-4b17-9850-05c308e36f31,2026-09-17T22:28:36.521248Z,gota-g003:v2,8cea4626-a0f1-4dd0-b066-58e6bd194ad3,Scott Smith,9,Demon Hunter,BlueTeam,6229,1525,244.82260394926953,31,3,3,3,124.41804462995665,72.24273559158773,48.16182372772516,10,3,18,1
ereq_4777e053-c1d6-4d36-980a-7cbdf706359d,2026-09-17T22:28:36.526004Z,james-botts-gota:v13,40d72eea-ac61-44b0-aaf4-7828fbf30170,James Botts,0,Death Knight,RedTeam,8114,175,21.567660833127928,7,0,0,1,21.567660833127928,0.0,0.0,3,0,21,1
ereq_4777e053-c1d6-4d36-980a-7cbdf706359d,2026-09-17T22:28:36.526004Z,aaron-gota-ir-perimeter-blue_repair-0916-aaron:v1,b64f1ccb-02e1-4ad5-b75b-f374222e9e9a,Aaron,1,Crossbowman,RedTeam,8114,3875,477.56963273354694,53,13,6,1,163.29800345082575,240.32536356913977,73.94626571358147,14,13,21,1
ereq_4777e053-c1d6-4d36-980a-7cbdf706359d,2026-09-17T22:28:36.526004Z,gota-codex-side-aware-team-secondary-20260917:v1,a7551ee6-ef55-48f0-81bc-d1ba68ca54c2,daveey-2,2,Lich,RedTeam,8114,675,83.18954892777914,21,1,0,6,64.70298249938378,18.486566428395367,0.0,4,1,21,1
ereq_4777e053-c1d6-4d36-980a-7cbdf706359d,2026-09-17T22:28:36.526004Z,gota-vanguard-rally-hold:v1,3ccd4955-3d9c-4c79-a243-e5dc12d650ad,daveey,3,Warlock,RedTeam,8114,1325,163.29800345082575,35,3,0,5,107.83830416563964,55.4596992851861,0.0,4,3,21,1
ereq_4777e053-c1d6-4d36-980a-7cbdf706359d,2026-09-17T22:28:36.526004Z,richard-gods-of-the-arena:v78,881a807d-68ab-4a62-9b6c-e98694cf0bc3,richard,4,Berserker,RedTeam,8114,1450,178.70347547448853,48,1,1,5,147.89253142716294,18.486566428395367,12.324377618930244,3,1,21,1
ereq_4777e053-c1d6-4d36-980a-7cbdf706359d,2026-09-17T22:28:36.526004Z,Jordan-ply_bcb80069-fb0c-4ba5-a45c-06b647870aeb:v209,7ade377d-0492-4300-91f3-f23d94732a66,Jordan,5,Vanguard Knight,BlueTeam,8114,1100,135.5681538082327,28,2,1,1,86.27064333251171,36.973132856790734,12.324377618930244,2,2,18,0
ereq_4777e053-c1d6-4d36-980a-7cbdf706359d,2026-09-17T22:28:36.526004Z,red-kite:v34,a4590ed4-0b0c-4d86-8968-0844796f30e0,Andrew Brower,6,Ranger,BlueTeam,8114,1850,228.00098595020953,38,6,0,3,117.08158737983732,110.9193985703722,0.0,9,6,18,0
ereq_4777e053-c1d6-4d36-980a-7cbdf706359d,2026-09-17T22:28:36.526004Z,black-kite:v16,d10d7d74-40a7-4f6c-8838-e09729160349,Andrew Brower B,7,Arcanist,BlueTeam,8114,700,86.27064333251171,6,3,1,4,18.486566428395367,55.4596992851861,12.324377618930244,7,3,18,0
ereq_4777e053-c1d6-4d36-980a-7cbdf706359d,2026-09-17T22:28:36.526004Z,daf-gota-v1:v1,e7d1ba41-3be1-4785-815d-b3c9ad8f46b9,docxology,8,Druid Warden,BlueTeam,8114,875,107.83830416563964,29,1,0,9,89.35173773724426,18.486566428395367,0.0,1,1,18,0
ereq_4777e053-c1d6-4d36-980a-7cbdf706359d,2026-09-17T22:28:36.526004Z,aaron-gota-ir-coordinated-support-anchor-0916:v1,9cedf3ff-c7ce-4cff-897f-d48b44e049ad,Aaron's Co-play Coach,9,Demon Hunter,BlueTeam,8114,2725,335.83929011584917,55,5,6,4,169.46019226029085,92.43283214197683,73.94626571358147,6,5,18,0
ereq_8fd231e3-7121-4275-bfaf-f51caeb69e61,2026-09-17T22:28:36.521917Z,relh-gods-of-the-arena:v145,6daf9052-7877-4dc4-b1b3-e03f479b8b55,relh,0,Death Knight,RedTeam,4302,450,104.60251046025104,12,1,0,6,69.7350069735007,34.86750348675035,0.0,1,1,9,0
ereq_8fd231e3-7121-4275-bfaf-f51caeb69e61,2026-09-17T22:28:36.521917Z,black-kite:v16,d10d7d74-40a7-4f6c-8838-e09729160349,Andrew Brower B,1,Crossbowman,RedTeam,4302,1100,255.69502556950255,28,2,1,1,162.71501627150164,69.7350069735007,23.245002324500234,4,2,9,0
ereq_8fd231e3-7121-4275-bfaf-f51caeb69e61,2026-09-17T22:28:36.521917Z,gota-codex-side-aware-team-secondary-20260917:v1,a7551ee6-ef55-48f0-81bc-d1ba68ca54c2,daveey-2,2,Lich,RedTeam,4302,875,203.39377033937703,23,2,0,3,133.65876336587633,69.7350069735007,0.0,2,2,9,0
ereq_8fd231e3-7121-4275-bfaf-f51caeb69e61,2026-09-17T22:28:36.521917Z,red-kite:v34,a4590ed4-0b0c-4d86-8968-0844796f30e0,Andrew Brower,3,Warlock,RedTeam,4302,725,168.5262668526267,13,2,1,1,75.54625755462575,69.7350069735007,23.245002324500234,4,2,9,0
ereq_8fd231e3-7121-4275-bfaf-f51caeb69e61,2026-09-17T22:28:36.521917Z,james-botts-gota:v13,40d72eea-ac61-44b0-aaf4-7828fbf30170,James Botts,4,Berserker,RedTeam,4302,500,116.22501162250116,20,0,0,5,116.22501162250116,0.0,0.0,1,0,9,0
ereq_8fd231e3-7121-4275-bfaf-f51caeb69e61,2026-09-17T22:28:36.521917Z,richard-gods-of-the-arena:v78,881a807d-68ab-4a62-9b6c-e98694cf0bc3,richard,5,Vanguard Knight,BlueTeam,4302,25,5.8112505811250585,1,0,0,2,5.8112505811250585,0.0,0.0,2,0,16,1
ereq_8fd231e3-7121-4275-bfaf-f51caeb69e61,2026-09-17T22:28:36.521917Z,aaron-gota-ir-perimeter-blue_repair-0916-aaron:v1,b64f1ccb-02e1-4ad5-b75b-f374222e9e9a,Aaron,6,Ranger,BlueTeam,4302,2900,674.1050674105068,38,9,6,0,220.8275220827522,313.8075313807531,139.4700139470014,9,9,16,1
ereq_8fd231e3-7121-4275-bfaf-f51caeb69e61,2026-09-17T22:28:36.521917Z,gota-g003:v2,8cea4626-a0f1-4dd0-b066-58e6bd194ad3,Scott Smith,7,Arcanist,BlueTeam,4302,1700,395.16503951650395,36,4,2,2,209.20502092050208,139.4700139470014,46.49000464900047,5,4,16,1
ereq_8fd231e3-7121-4275-bfaf-f51caeb69e61,2026-09-17T22:28:36.521917Z,aaron-gota-ir-coordinated-support-anchor-0916:v1,9cedf3ff-c7ce-4cff-897f-d48b44e049ad,Aaron's Co-play Coach,8,Druid Warden,BlueTeam,4302,825,191.77126917712692,21,2,0,2,122.03626220362622,69.7350069735007,0.0,2,2,16,1
ereq_8fd231e3-7121-4275-bfaf-f51caeb69e61,2026-09-17T22:28:36.521917Z,Polyworld GOTA base.bas:v1,e8aed568-d03c-49bf-beaf-68c731f05d26,Andre von Houck,9,Demon Hunter,BlueTeam,4302,600,139.4700139470014,18,1,0,3,104.60251046025104,34.86750348675035,0.0,2,1,16,1
ereq_62fa2aa5-9b91-48a4-ae78-0b61f3a50c9f,2026-09-17T22:28:36.523286Z,black-kite:v16,d10d7d74-40a7-4f6c-8838-e09729160349,Andrew Brower B,0,Death Knight,RedTeam,10527,1000,94.99382540134891,12,4,1,3,28.498147620404673,56.996295240809346,9.49938254013489,10,4,49,1
ereq_62fa2aa5-9b91-48a4-ae78-0b61f3a50c9f,2026-09-17T22:28:36.523286Z,aaron-gota-ir-perimeter-blue_repair-0916-aaron:v1,b64f1ccb-02e1-4ad5-b75b-f374222e9e9a,Aaron,1,Crossbowman,RedTeam,10527,7975,757.5757575757576,81,33,10,1,192.36249643773155,470.2194357366771,94.99382540134891,34,33,49,1
ereq_62fa2aa5-9b91-48a4-ae78-0b61f3a50c9f,2026-09-17T22:28:36.523286Z,red-kite:v34,a4590ed4-0b0c-4d86-8968-0844796f30e0,Andrew Brower,2,Lich,RedTeam,10527,325,30.872993255438395,7,1,0,4,16.62391944523606,14.249073810202336,0.0,7,1,49,1
ereq_62fa2aa5-9b91-48a4-ae78-0b61f3a50c9f,2026-09-17T22:28:36.523286Z,relh-gods-of-the-arena:v145,6daf9052-7877-4dc4-b1b3-e03f479b8b55,relh,3,Warlock,RedTeam,10527,2625,249.35879167854088,77,4,1,5,182.86311389759666,56.996295240809346,9.49938254013489,5,4,49,1
ereq_62fa2aa5-9b91-48a4-ae78-0b61f3a50c9f,2026-09-17T22:28:36.523286Z,gota-codex-side-aware-team-secondary-20260917:v1,a7551ee6-ef55-48f0-81bc-d1ba68ca54c2,daveey-2,4,Berserker,RedTeam,10527,2100,199.48703334283272,62,3,1,7,147.2404293720908,42.74722143060701,9.49938254013489,7,3,49,1
ereq_62fa2aa5-9b91-48a4-ae78-0b61f3a50c9f,2026-09-17T22:28:36.523286Z,gota-g002:v1,a30542cb-54de-4109-92e6-bcabca7db4d8,Alex Smith,5,Vanguard Knight,BlueTeam,10527,1100,104.4932079414838,16,4,1,11,37.99753016053956,56.996295240809346,9.49938254013489,13,4,20,0
ereq_62fa2aa5-9b91-48a4-ae78-0b61f3a50c9f,2026-09-17T22:28:36.523286Z,james-botts-gota:v13,40d72eea-ac61-44b0-aaf4-7828fbf30170,James Botts,6,Ranger,BlueTeam,10527,2875,273.10724802887813,97,3,0,7,230.3600265982711,42.74722143060701,0.0,6,3,20,0
ereq_62fa2aa5-9b91-48a4-ae78-0b61f3a50c9f,2026-09-17T22:28:36.523286Z,aaron-gota-ir-coordinated-support-anchor-0916:v1,9cedf3ff-c7ce-4cff-897f-d48b44e049ad,Aaron's Co-play Coach,7,Arcanist,BlueTeam,10527,4750,451.2206706564073,98,8,11,2,232.73487223330483,113.99259048161869,104.4932079414838,10,8,20,0
ereq_62fa2aa5-9b91-48a4-ae78-0b61f3a50c9f,2026-09-17T22:28:36.523286Z,richard-gods-of-the-arena:v78,881a807d-68ab-4a62-9b6c-e98694cf0bc3,richard,8,Druid Warden,BlueTeam,10527,400,37.99753016053956,16,0,0,13,37.99753016053956,0.0,0.0,3,0,20,0
ereq_62fa2aa5-9b91-48a4-ae78-0b61f3a50c9f,2026-09-17T22:28:36.523286Z,gota-g003:v2,8cea4626-a0f1-4dd0-b066-58e6bd194ad3,Scott Smith,9,Demon Hunter,BlueTeam,10527,1925,182.86311389759666,53,4,0,16,125.8668186567873,56.996295240809346,0.0,9,4,20,0
ereq_d842de59-aa87-4dec-9e69-3d4bc7a31279,2026-09-17T22:28:36.533565Z,gota-g002:v1,a30542cb-54de-4109-92e6-bcabca7db4d8,Alex Smith,0,Death Knight,RedTeam,25084,5400,215.276670387498,106,17,2,13,105.64503269016106,101.65842768298516,7.973210014351778,33,17,64,1
ereq_d842de59-aa87-4dec-9e69-3d4bc7a31279,2026-09-17T22:28:36.533565Z,james-botts-gota:v13,40d72eea-ac61-44b0-aaf4-7828fbf30170,James Botts,1,Crossbowman,RedTeam,25084,5875,234.21304417158348,163,12,0,0,162.45415404241749,71.758890129166,0.0,22,12,64,1
ereq_d842de59-aa87-4dec-9e69-3d4bc7a31279,2026-09-17T22:28:36.533565Z,khors:v1,fa00903c-0ba4-4eec-b20f-4c082550d80f,Andre von Auto,2,Lich,RedTeam,25084,5425,216.273321639292,103,19,0,9,102.65507893477914,113.61824270451284,0.0,33,19,64,1
ereq_d842de59-aa87-4dec-9e69-3d4bc7a31279,2026-09-17T22:28:36.533565Z,aaron-gota-ir-perimeter-blue_repair-0916-aaron:v1,b64f1ccb-02e1-4ad5-b75b-f374222e9e9a,Aaron,3,Warlock,RedTeam,25084,5050,201.3235528623824,102,12,7,10,101.65842768298516,71.758890129166,27.906235050231224,15,12,64,1
ereq_d842de59-aa87-4dec-9e69-3d4bc7a31279,2026-09-17T22:28:36.533565Z,gota-codex-side-aware-team-secondary-20260917:v1,a7551ee6-ef55-48f0-81bc-d1ba68ca54c2,daveey-2,4,Berserker,RedTeam,25084,2425,96.6751714240153,73,4,0,19,72.75554138095997,23.919630043055335,0.0,17,4,64,1
ereq_d842de59-aa87-4dec-9e69-3d4bc7a31279,2026-09-17T22:28:36.533565Z,red-kite:v34,a4590ed4-0b0c-4d86-8968-0844796f30e0,Andrew Brower,5,Vanguard Knight,BlueTeam,25084,3850,153.48429277627173,142,2,0,12,141.52447775474405,11.959815021527668,0.0,5,2,51,0
ereq_d842de59-aa87-4dec-9e69-3d4bc7a31279,2026-09-17T22:28:36.533565Z,daf-gota-v1:v1,e7d1ba41-3be1-4785-815d-b3c9ad8f46b9,docxology,6,Ranger,BlueTeam,25084,8775,349.82458937968426,245,17,1,12,244.1795566895232,101.65842768298516,3.986605007175889,39,17,51,0
ereq_d842de59-aa87-4dec-9e69-3d4bc7a31279,2026-09-17T22:28:36.533565Z,richard-gods-of-the-arena:v78,881a807d-68ab-4a62-9b6c-e98694cf0bc3,richard,7,Arcanist,BlueTeam,25084,6400,255.1427204592569,144,18,1,14,143.517780258332,107.638335193749,3.986605007175889,29,18,51,0
ereq_d842de59-aa87-4dec-9e69-3d4bc7a31279,2026-09-17T22:28:36.533565Z,gota-g003:v2,8cea4626-a0f1-4dd0-b066-58e6bd194ad3,Scott Smith,8,Druid Warden,BlueTeam,25084,2275,90.69526391325148,49,7,0,10,48.83591133790464,41.85935257534683,0.0,29,7,51,0
ereq_d842de59-aa87-4dec-9e69-3d4bc7a31279,2026-09-17T22:28:36.533565Z,black-kite:v16,d10d7d74-40a7-4f6c-8838-e09729160349,Andrew Brower B,9,Demon Hunter,BlueTeam,25084,4850,193.3503428480306,154,6,1,16,153.48429277627173,35.879445064583,3.986605007175889,7,6,51,0
ereq_753796a0-23e3-42f9-b310-41fae9979c96,2026-09-17T22:28:36.509236Z,aaron-gota-ir-perimeter-blue_repair-0916-aaron:v1,b64f1ccb-02e1-4ad5-b75b-f374222e9e9a,Aaron,0,Death Knight,RedTeam,24020,5475,227.93505412156537,129,13,3,9,134.263114071607,81.18234804329725,12.489592006661116,25,12,84,1
ereq_753796a0-23e3-42f9-b310-41fae9979c96,2026-09-17T22:28:36.509236Z,gota-g002:v1,a30542cb-54de-4109-92e6-bcabca7db4d8,Alex Smith,1,Crossbowman,RedTeam,24020,5600,233.1390507910075,86,21,3,11,89.50874271440466,131.1407160699417,12.489592006661116,34,21,84,1
ereq_753796a0-23e3-42f9-b310-41fae9979c96,2026-09-17T22:28:36.509236Z,black-kite:v16,d10d7d74-40a7-4f6c-8838-e09729160349,Andrew Brower B,2,Lich,RedTeam,24020,4350,181.09908409658618,56,19,1,15,58.28476269775187,118.6511240632806,4.163197335553705,26,18,84,1
ereq_753796a0-23e3-42f9-b310-41fae9979c96,2026-09-17T22:28:36.509236Z,richard-gods-of-the-arena:v78,881a807d-68ab-4a62-9b6c-e98694cf0bc3,richard,3,Warlock,RedTeam,24020,4550,189.4254787676936,92,15,0,13,95.75353871773522,93.67194004995837,0.0,30,15,84,1
ereq_753796a0-23e3-42f9-b310-41fae9979c96,2026-09-17T22:28:36.509236Z,gota-vanguard-rally-hold:v1,3ccd4955-3d9c-4c79-a243-e5dc12d650ad,daveey,4,Berserker,RedTeam,24020,3900,162.3646960865945,92,10,1,6,95.75353871773522,62.44796003330558,4.163197335553705,18,10,84,1
ereq_753796a0-23e3-42f9-b310-41fae9979c96,2026-09-17T22:28:36.509236Z,red-kite:v34,a4590ed4-0b0c-4d86-8968-0844796f30e0,Andrew Brower,5,Vanguard Knight,BlueTeam,24020,6350,264.36303080766027,206,6,3,10,214.40466278101582,37.468776019983345,12.489592006661116,7,6,54,0
ereq_753796a0-23e3-42f9-b310-41fae9979c96,2026-09-17T22:28:36.509236Z,james-botts-gota:v13,40d72eea-ac61-44b0-aaf4-7828fbf30170,James Botts,6,Ranger,BlueTeam,24020,3950,164.44629475437137,158,0,0,5,164.44629475437137,0.0,0.0,4,0,54,0
ereq_753796a0-23e3-42f9-b310-41fae9979c96,2026-09-17T22:28:36.509236Z,khors:v1,fa00903c-0ba4-4eec-b20f-4c082550d80f,Andre von Auto,7,Arcanist,BlueTeam,24020,2750,114.4879267277269,58,8,1,24,60.366361365528725,49.958368026644465,4.163197335553705,20,8,54,0
ereq_753796a0-23e3-42f9-b310-41fae9979c96,2026-09-17T22:28:36.509236Z,Jordan-ply_bcb80069-fb0c-4ba5-a45c-06b647870aeb:v209,7ade377d-0492-4300-91f3-f23d94732a66,Jordan,8,Druid Warden,BlueTeam,24020,1450,60.366361365528725,54,0,1,23,56.20316402997502,0.0,4.163197335553705,12,0,54,0
ereq_753796a0-23e3-42f9-b310-41fae9979c96,2026-09-17T22:28:36.509236Z,gota-g003:v2,8cea4626-a0f1-4dd0-b066-58e6bd194ad3,Scott Smith,9,Demon Hunter,BlueTeam,24020,10350,430.8909242298085,186,38,0,22,193.58867610324728,237.3022481265612,0.0,44,38,54,0
ereq_f051051b-a89d-46b1-995c-f2f309ba2511,2026-09-17T22:28:36.534278Z,Jordan-ply_bcb80069-fb0c-4ba5-a45c-06b647870aeb:v209,7ade377d-0492-4300-91f3-f23d94732a66,Jordan,0,Death Knight,RedTeam,5829,400,68.62240521530279,16,0,0,6,68.62240521530279,0.0,0.0,1,0,5,0
ereq_f051051b-a89d-46b1-995c-f2f309ba2511,2026-09-17T22:28:36.534278Z,relh-gods-of-the-arena:v145,6daf9052-7877-4dc4-b1b3-e03f479b8b55,relh,1,Crossbowman,RedTeam,5829,2100,360.26762738033966,70,1,2,2,300.2230228169497,25.73340195573855,34.311202607651396,1,1,5,0
ereq_f051051b-a89d-46b1-995c-f2f309ba2511,2026-09-17T22:28:36.534278Z,james-botts-gota:v13,40d72eea-ac61-44b0-aaf4-7828fbf30170,James Botts,2,Lich,RedTeam,5829,850,145.82261108251845,22,2,0,3,94.35580717104135,51.4668039114771,0.0,4,2,5,0
ereq_f051051b-a89d-46b1-995c-f2f309ba2511,2026-09-17T22:28:36.534278Z,black-kite:v16,d10d7d74-40a7-4f6c-8838-e09729160349,Andrew Brower B,3,Warlock,RedTeam,5829,450,77.20020586721564,18,0,0,7,77.20020586721564,0.0,0.0,2,0,5,0
ereq_f051051b-a89d-46b1-995c-f2f309ba2511,2026-09-17T22:28:36.534278Z,richard-gods-of-the-arena:v78,881a807d-68ab-4a62-9b6c-e98694cf0bc3,richard,4,Berserker,RedTeam,5829,1125,193.0005146680391,39,1,0,7,167.26711271230056,25.73340195573855,0.0,2,1,5,0
ereq_f051051b-a89d-46b1-995c-f2f309ba2511,2026-09-17T22:28:36.534278Z,gota-g003:v2,8cea4626-a0f1-4dd0-b066-58e6bd194ad3,Scott Smith,5,Vanguard Knight,BlueTeam,5829,775,132.95591010464918,11,2,2,1,47.177903585520674,51.4668039114771,34.311202607651396,11,2,25,1
ereq_f051051b-a89d-46b1-995c-f2f309ba2511,2026-09-17T22:28:36.534278Z,aaron-gota-ir-perimeter-blue_repair-0916-aaron:v1,b64f1ccb-02e1-4ad5-b75b-f374222e9e9a,Aaron,6,Ranger,BlueTeam,5829,3100,531.8236404185967,50,9,5,1,214.44501629782124,231.60061760164695,85.7780065191285,12,9,25,1
ereq_f051051b-a89d-46b1-995c-f2f309ba2511,2026-09-17T22:28:36.534278Z,gota-vanguard-rally-hold:v1,3ccd4955-3d9c-4c79-a243-e5dc12d650ad,daveey,7,Arcanist,BlueTeam,5829,1425,244.46731857951622,31,3,2,1,132.95591010464918,77.20020586721564,34.311202607651396,12,3,25,1
ereq_f051051b-a89d-46b1-995c-f2f309ba2511,2026-09-17T22:28:36.534278Z,aaron-gota-ir-coordinated-support-anchor-0916:v1,9cedf3ff-c7ce-4cff-897f-d48b44e049ad,Aaron's Co-play Coach,8,Druid Warden,BlueTeam,5829,2100,360.26762738033966,42,5,3,1,180.13381369016983,128.66700977869274,51.4668039114771,9,5,25,1
ereq_f051051b-a89d-46b1-995c-f2f309ba2511,2026-09-17T22:28:36.534278Z,Polyworld GOTA base.bas:v1,e8aed568-d03c-49bf-beaf-68c731f05d26,Andre von Houck,9,Demon Hunter,BlueTeam,5829,1600,274.48962086121116,28,6,0,1,120.08920912677989,154.4004117344313,0.0,12,6,25,1
ereq_22707167-3cda-4287-9f3b-06e375410c73,2026-09-17T22:28:36.528687Z,black-kite:v16,d10d7d74-40a7-4f6c-8838-e09729160349,Andrew Brower B,0,Death Knight,RedTeam,21607,2450,113.38917943259129,84,1,2,10,97.19072522793539,6.942194659138242,9.256259545517656,1,1,20,1
ereq_22707167-3cda-4287-9f3b-06e375410c73,2026-09-17T22:28:36.528687Z,gota-vanguard-rally-hold:v1,3ccd4955-3d9c-4c79-a243-e5dc12d650ad,daveey,1,Crossbowman,RedTeam,21607,3100,143.47202295552367,90,5,1,20,104.13291988707364,34.71097329569121,4.628129772758828,13,5,20,1
ereq_22707167-3cda-4287-9f3b-06e375410c73,2026-09-17T22:28:36.528687Z,gota-codex-side-aware-team-secondary-20260917:v1,a7551ee6-ef55-48f0-81bc-d1ba68ca54c2,daveey-2,2,Lich,RedTeam,21607,4300,199.0095802286296,130,7,0,22,150.4142176146619,48.595362613967694,0.0,12,7,20,1
ereq_22707167-3cda-4287-9f3b-06e375410c73,2026-09-17T22:28:36.528687Z,aaron-gota-ir-coordinated-support-anchor-0916:v1,9cedf3ff-c7ce-4cff-897f-d48b44e049ad,Aaron's Co-play Coach,3,Warlock,RedTeam,21607,500,23.14064886379414,8,2,0,4,9.256259545517656,13.884389318276485,0.0,8,2,20,1
ereq_22707167-3cda-4287-9f3b-06e375410c73,2026-09-17T22:28:36.528687Z,james-botts-gota:v13,40d72eea-ac61-44b0-aaf4-7828fbf30170,James Botts,4,Berserker,RedTeam,21607,4125,190.91035312630166,147,3,0,6,170.08376914888694,20.826583977414728,0.0,6,3,20,1
ereq_22707167-3cda-4287-9f3b-06e375410c73,2026-09-17T22:28:36.528687Z,gota-g003:v2,8cea4626-a0f1-4dd0-b066-58e6bd194ad3,Scott Smith,5,Vanguard Knight,BlueTeam,21607,1475,68.26491414819272,47,2,0,4,54.38052482991623,13.884389318276485,0.0,18,2,62,0
ereq_22707167-3cda-4287-9f3b-06e375410c73,2026-09-17T22:28:36.528687Z,Polyworld GOTA base.bas:v1,e8aed568-d03c-49bf-beaf-68c731f05d26,Andre von Houck,6,Ranger,BlueTeam,21607,3625,167.76970426250753,97,8,0,3,112.23214698940158,55.53755727310594,0.0,24,8,62,0
ereq_22707167-3cda-4287-9f3b-06e375410c73,2026-09-17T22:28:36.528687Z,aaron-gota-ir-perimeter-blue_repair-0916-aaron:v1,b64f1ccb-02e1-4ad5-b75b-f374222e9e9a,Aaron,7,Arcanist,BlueTeam,21607,12250,566.9458971629565,234,40,4,7,270.74559170639145,277.6877863655297,18.512519091035312,43,40,62,0
ereq_22707167-3cda-4287-9f3b-06e375410c73,2026-09-17T22:28:36.528687Z,nancy-goa:v1,353b1313-e887-4496-9466-ef3cc016e53e,NanosaurusX,8,Druid Warden,BlueTeam,21607,1025,47.43833017077799,15,3,2,3,17.355486647845606,20.826583977414728,9.256259545517656,22,3,62,0
ereq_22707167-3cda-4287-9f3b-06e375410c73,2026-09-17T22:28:36.528687Z,khors:v1,fa00903c-0ba4-4eec-b20f-4c082550d80f,Andre von Auto,9,Demon Hunter,BlueTeam,21607,3325,153.88531494423103,71,9,2,3,82.1493034664692,62.47975193224418,9.256259545517656,21,9,62,0
ereq_a0e0496a-b088-407d-855d-8f05e2afe9c7,2026-09-17T22:28:36.524669Z,aaron-gota-ir-perimeter-blue_repair-0916-aaron:v1,b64f1ccb-02e1-4ad5-b75b-f374222e9e9a,Aaron,0,Death Knight,RedTeam,7837,1750,223.29973204032154,52,1,3,3,165.87980094423887,19.139977032027563,38.279954064055126,5,1,28,1
ereq_a0e0496a-b088-407d-855d-8f05e2afe9c7,2026-09-17T22:28:36.524669Z,macromackie-gota:v3,e3a136c1-ad8d-44c7-b9d7-e4c65a3185cf,macromackie,1,Crossbowman,RedTeam,7837,2150,274.33967079239505,32,7,3,2,102.07987750414699,133.97983922419294,38.279954064055126,11,7,28,1
ereq_a0e0496a-b088-407d-855d-8f05e2afe9c7,2026-09-17T22:28:36.524669Z,Jordan-ply_bcb80069-fb0c-4ba5-a45c-06b647870aeb:v209,7ade377d-0492-4300-91f3-f23d94732a66,Jordan,2,Lich,RedTeam,7837,2600,331.75960188847773,32,10,3,1,102.07987750414699,191.39977032027562,38.279954064055126,17,10,28,1
ereq_a0e0496a-b088-407d-855d-8f05e2afe9c7,2026-09-17T22:28:36.524669Z,Polyworld GOTA base.bas:v1,e8aed568-d03c-49bf-beaf-68c731f05d26,Andre von Houck,3,Warlock,RedTeam,7837,875,111.64986602016077,19,2,1,4,60.609927268087276,38.279954064055126,12.759984688018374,3,2,28,1
ereq_a0e0496a-b088-407d-855d-8f05e2afe9c7,2026-09-17T22:28:36.524669Z,gota-g002:v1,a30542cb-54de-4109-92e6-bcabca7db4d8,Alex Smith,4,Berserker,RedTeam,7837,1475,188.209774148271,27,4,2,2,86.12989664412403,76.55990812811025,25.519969376036748,11,4,28,1
ereq_a0e0496a-b088-407d-855d-8f05e2afe9c7,2026-09-17T22:28:36.524669Z,richard-gods-of-the-arena:v78,881a807d-68ab-4a62-9b6c-e98694cf0bc3,richard,5,Vanguard Knight,BlueTeam,7837,1250,159.49980860022967,26,4,0,9,82.93990047211943,76.55990812811025,0.0,8,4,12,0
ereq_a0e0496a-b088-407d-855d-8f05e2afe9c7,2026-09-17T22:28:36.524669Z,games-bond-gota:v6,58af3f96-f479-4fc3-b777-276e53f48b06,Games Bond,6,Ranger,BlueTeam,7837,700,89.31989281612861,10,3,0,11,31.899961720045937,57.419931096082685,0.0,6,3,12,0
ereq_a0e0496a-b088-407d-855d-8f05e2afe9c7,2026-09-17T22:28:36.524669Z,aaron-gota-ir-coordinated-support-anchor-0916:v1,9cedf3ff-c7ce-4cff-897f-d48b44e049ad,Aaron's Co-play Coach,7,Arcanist,BlueTeam,7837,1400,178.63978563225723,24,2,5,2,76.55990812811025,38.279954064055126,63.799923440091874,2,1,12,0
ereq_a0e0496a-b088-407d-855d-8f05e2afe9c7,2026-09-17T22:28:36.524669Z,james-botts-gota:v13,40d72eea-ac61-44b0-aaf4-7828fbf30170,James Botts,8,Druid Warden,BlueTeam,7837,2075,264.7696822763813,83,0,0,0,264.7696822763813,0.0,0.0,1,0,12,0
ereq_a0e0496a-b088-407d-855d-8f05e2afe9c7,2026-09-17T22:28:36.524669Z,relh-gods-of-the-arena:v145,6daf9052-7877-4dc4-b1b3-e03f479b8b55,relh,9,Demon Hunter,BlueTeam,7837,1750,223.29973204032154,54,2,1,6,172.25979328824806,38.279954064055126,12.759984688018374,4,2,12,0
ereq_2e2e38a8-86a4-41d7-a486-cde305bee0f9,2026-09-17T22:28:36.532214Z,daf-gota-v1:v1,e7d1ba41-3be1-4785-815d-b3c9ad8f46b9,docxology,0,Death Knight,RedTeam,9534,1600,167.82043213761276,40,2,3,6,104.88777008600798,31.46633102580239,31.46633102580239,13,2,35,1
ereq_2e2e38a8-86a4-41d7-a486-cde305bee0f9,2026-09-17T22:28:36.532214Z,Jordan-ply_bcb80069-fb0c-4ba5-a45c-06b647870aeb:v209,7ade377d-0492-4300-91f3-f23d94732a66,Jordan,1,Crossbowman,RedTeam,9534,2800,293.68575624082234,26,13,2,3,68.17705055590518,204.53115166771553,20.977554017201594,21,13,35,1
ereq_2e2e38a8-86a4-41d7-a486-cde305bee0f9,2026-09-17T22:28:36.532214Z,aaron-gota-ir-perimeter-blue_repair-0916-aaron:v1,b64f1ccb-02e1-4ad5-b75b-f374222e9e9a,Aaron,2,Lich,RedTeam,9534,4625,485.10593664778685,113,10,3,3,296.3079504929725,157.33165512901195,31.46633102580239,10,10,35,1
ereq_2e2e38a8-86a4-41d7-a486-cde305bee0f9,2026-09-17T22:28:36.532214Z,khors:v1,fa00903c-0ba4-4eec-b20f-4c082550d80f,Andre von Auto,3,Warlock,RedTeam,9534,825,86.53241032095657,21,2,0,5,55.06607929515418,31.46633102580239,0.0,11,2,35,1
ereq_2e2e38a8-86a4-41d7-a486-cde305bee0f9,2026-09-17T22:28:36.532214Z,gota-g002:v1,a30542cb-54de-4109-92e6-bcabca7db4d8,Alex Smith,4,Berserker,RedTeam,9534,2025,212.39773442416615,33,8,0,6,86.53241032095657,125.86532410320956,0.0,15,8,35,1
ereq_2e2e38a8-86a4-41d7-a486-cde305bee0f9,2026-09-17T22:28:36.532214Z,richard-gods-of-the-arena:v78,881a807d-68ab-4a62-9b6c-e98694cf0bc3,richard,5,Vanguard Knight,BlueTeam,9534,400,41.95510803440319,16,0,0,14,41.95510803440319,0.0,0.0,4,0,23,0
ereq_2e2e38a8-86a4-41d7-a486-cde305bee0f9,2026-09-17T22:28:36.532214Z,gota-g003:v2,8cea4626-a0f1-4dd0-b066-58e6bd194ad3,Scott Smith,6,Ranger,BlueTeam,9534,4425,464.1283826305853,79,15,2,7,207.15334591986576,235.99748269351792,20.977554017201594,17,15,23,0
ereq_2e2e38a8-86a4-41d7-a486-cde305bee0f9,2026-09-17T22:28:36.532214Z,red-kite:v34,a4590ed4-0b0c-4d86-8968-0844796f30e0,Andrew Brower,7,Arcanist,BlueTeam,9534,3025,317.2855045101741,85,4,3,4,222.88651143276695,62.93266205160478,31.46633102580239,4,4,23,0
ereq_2e2e38a8-86a4-41d7-a486-cde305bee0f9,2026-09-17T22:28:36.532214Z,gota-codex-side-aware-team-secondary-20260917:v1,a7551ee6-ef55-48f0-81bc-d1ba68ca54c2,daveey-2,8,Druid Warden,BlueTeam,9534,450,47.199496538703585,12,1,0,6,31.46633102580239,15.733165512901195,0.0,6,1,23,0
ereq_2e2e38a8-86a4-41d7-a486-cde305bee0f9,2026-09-17T22:28:36.532214Z,james-botts-gota:v13,40d72eea-ac61-44b0-aaf4-7828fbf30170,James Botts,9,Demon Hunter,BlueTeam,9534,2200,230.75309418921753,82,1,0,4,215.01992867631634,15.733165512901195,0.0,12,1,23,0
ereq_47667070-1647-4d44-88f9-3d236c12a3d3,2026-09-17T22:28:36.505249Z,khors:v1,fa00903c-0ba4-4eec-b20f-4c082550d80f,Andre von Auto,0,Death Knight,RedTeam,8017,2250,280.65361107646254,74,2,1,2,230.75963577398028,37.42048147686167,12.473493825620556,4,2,13,0
ereq_47667070-1647-4d44-88f9-3d236c12a3d3,2026-09-17T22:28:36.505249Z,james-botts-gota:v13,40d72eea-ac61-44b0-aaf4-7828fbf30170,James Botts,1,Crossbowman,RedTeam,8017,1600,199.5759012099289,52,2,0,3,162.15541973306722,37.42048147686167,0.0,3,2,13,0
ereq_47667070-1647-4d44-88f9-3d236c12a3d3,2026-09-17T22:28:36.505249Z,macromackie-gota:v3,e3a136c1-ad8d-44c7-b9d7-e4c65a3185cf,macromackie,2,Lich,RedTeam,8017,1325,165.27379318947237,43,1,1,6,134.090058625421,18.710240738430834,12.473493825620556,3,1,13,0
ereq_47667070-1647-4d44-88f9-3d236c12a3d3,2026-09-17T22:28:36.505249Z,gota-g002:v1,a30542cb-54de-4109-92e6-bcabca7db4d8,Alex Smith,3,Warlock,RedTeam,8017,575,71.7225894973182,5,3,0,8,15.591867282025696,56.1307222152925,0.0,4,3,13,0
ereq_47667070-1647-4d44-88f9-3d236c12a3d3,2026-09-17T22:28:36.505249Z,Jordan-ply_bcb80069-fb0c-4ba5-a45c-06b647870aeb:v209,7ade377d-0492-4300-91f3-f23d94732a66,Jordan,4,Berserker,RedTeam,8017,100,12.473493825620556,4,0,0,8,12.473493825620556,0.0,0.0,1,0,13,0
ereq_47667070-1647-4d44-88f9-3d236c12a3d3,2026-09-17T22:28:36.505249Z,aaron-gota-ir-coordinated-support-anchor-0916:v1,9cedf3ff-c7ce-4cff-897f-d48b44e049ad,Aaron's Co-play Coach,5,Vanguard Knight,BlueTeam,8017,1400,174.6289135586878,24,4,2,3,74.84096295372333,74.84096295372333,24.946987651241113,8,4,27,1
ereq_47667070-1647-4d44-88f9-3d236c12a3d3,2026-09-17T22:28:36.505249Z,red-kite:v34,a4590ed4-0b0c-4d86-8968-0844796f30e0,Andrew Brower,6,Ranger,BlueTeam,8017,3725,464.6376450043657,59,13,3,1,183.9840339279032,243.23312959960086,37.42048147686167,20,13,27,1
ereq_47667070-1647-4d44-88f9-3d236c12a3d3,2026-09-17T22:28:36.505249Z,gota-g003:v2,8cea4626-a0f1-4dd0-b066-58e6bd194ad3,Scott Smith,7,Arcanist,BlueTeam,8017,2975,371.08644131221155,65,9,0,3,202.69427466633405,168.39216664587752,0.0,14,9,27,1
ereq_47667070-1647-4d44-88f9-3d236c12a3d3,2026-09-17T22:28:36.505249Z,black-kite:v16,d10d7d74-40a7-4f6c-8838-e09729160349,Andrew Brower B,8,Druid Warden,BlueTeam,8017,625,77.95933641012847,11,1,2,2,34.30210802045653,18.710240738430834,24.946987651241113,12,1,27,1
ereq_47667070-1647-4d44-88f9-3d236c12a3d3,2026-09-17T22:28:36.505249Z,gota-codex-side-aware-team-secondary-20260917:v1,a7551ee6-ef55-48f0-81bc-d1ba68ca54c2,daveey-2,9,Demon Hunter,BlueTeam,8017,800,99.78795060496445,28,0,1,4,87.3144567793439,0.0,12.473493825620556,0,0,27,1
ereq_7bd85e5b-0b6e-4a5a-a7d4-3ccc2caafffc,2026-09-17T22:28:36.507004Z,red-kite:v34,a4590ed4-0b0c-4d86-8968-0844796f30e0,Andrew Brower,0,Death Knight,RedTeam,3740,500,133.6898395721925,14,1,0,4,93.58288770053476,40.106951871657756,0.0,2,1,4,1
ereq_7bd85e5b-0b6e-4a5a-a7d4-3ccc2caafffc,2026-09-17T22:28:36.507004Z,gota-codex-side-aware-team-secondary-20260917:v1,a7551ee6-ef55-48f0-81bc-d1ba68ca54c2,daveey-2,1,Crossbowman,RedTeam,3740,950,254.01069518716577,28,1,1,0,187.1657754010695,40.106951871657756,26.737967914438503,1,1,4,1
ereq_7bd85e5b-0b6e-4a5a-a7d4-3ccc2caafffc,2026-09-17T22:28:36.507004Z,Jordan-ply_bcb80069-fb0c-4ba5-a45c-06b647870aeb:v209,7ade377d-0492-4300-91f3-f23d94732a66,Jordan,2,Lich,RedTeam,3740,450,120.32085561497327,8,1,1,1,53.475935828877006,40.106951871657756,26.737967914438503,1,1,4,1
ereq_7bd85e5b-0b6e-4a5a-a7d4-3ccc2caafffc,2026-09-17T22:28:36.507004Z,james-botts-gota:v13,40d72eea-ac61-44b0-aaf4-7828fbf30170,James Botts,3,Warlock,RedTeam,3740,450,120.32085561497327,12,1,0,2,80.21390374331551,40.106951871657756,0.0,1,1,4,1
ereq_7bd85e5b-0b6e-4a5a-a7d4-3ccc2caafffc,2026-09-17T22:28:36.507004Z,macromackie-gota:v3,e3a136c1-ad8d-44c7-b9d7-e4c65a3185cf,macromackie,4,Berserker,RedTeam,3740,475,127.00534759358288,7,0,3,1,46.79144385026738,0.0,80.21390374331551,0,0,4,1
ereq_7bd85e5b-0b6e-4a5a-a7d4-3ccc2caafffc,2026-09-17T22:28:36.507004Z,gota-g003:v2,8cea4626-a0f1-4dd0-b066-58e6bd194ad3,Scott Smith,5,Vanguard Knight,BlueTeam,3740,825,220.58823529411765,15,3,0,1,100.26737967914438,120.32085561497327,0.0,7,3,8,0
ereq_7bd85e5b-0b6e-4a5a-a7d4-3ccc2caafffc,2026-09-17T22:28:36.507004Z,black-kite:v16,d10d7d74-40a7-4f6c-8838-e09729160349,Andrew Brower B,6,Ranger,BlueTeam,3740,1200,320.85561497326205,30,1,3,0,200.53475935828877,40.106951871657756,80.21390374331551,1,1,8,0
ereq_7bd85e5b-0b6e-4a5a-a7d4-3ccc2caafffc,2026-09-17T22:28:36.507004Z,aaron-gota-ir-coordinated-support-anchor-0916:v1,9cedf3ff-c7ce-4cff-897f-d48b44e049ad,Aaron's Co-play Coach,7,Arcanist,BlueTeam,3740,500,133.6898395721925,6,1,2,1,40.106951871657756,40.106951871657756,53.475935828877006,2,1,8,0
ereq_7bd85e5b-0b6e-4a5a-a7d4-3ccc2caafffc,2026-09-17T22:28:36.507004Z,gota-vanguard-rally-hold:v1,3ccd4955-3d9c-4c79-a243-e5dc12d650ad,daveey,8,Druid Warden,BlueTeam,3740,900,240.64171122994654,14,3,1,0,93.58288770053476,120.32085561497327,26.737967914438503,7,3,8,0
ereq_7bd85e5b-0b6e-4a5a-a7d4-3ccc2caafffc,2026-09-17T22:28:36.507004Z,gota-g002:v1,a30542cb-54de-4109-92e6-bcabca7db4d8,Alex Smith,9,Demon Hunter,BlueTeam,3740,225,60.160427807486634,9,0,0,2,60.160427807486634,0.0,0.0,1,0,8,0
ereq_8480f72e-a427-4bfb-8f01-2da9f52d5023,2026-09-17T22:28:36.506307Z,richard-gods-of-the-arena:v78,881a807d-68ab-4a62-9b6c-e98694cf0bc3,richard,0,Death Knight,RedTeam,10615,775,73.00989166274141,9,3,1,11,21.19642016015073,42.39284032030146,9.420631182289213,8,3,28,0
ereq_8480f72e-a427-4bfb-8f01-2da9f52d5023,2026-09-17T22:28:36.506307Z,gota-g002:v1,a30542cb-54de-4109-92e6-bcabca7db4d8,Alex Smith,1,Crossbowman,RedTeam,10615,2475,233.16062176165804,41,9,1,8,96.56146961846444,127.17852096090438,9.420631182289213,16,9,28,0
ereq_8480f72e-a427-4bfb-8f01-2da9f52d5023,2026-09-17T22:28:36.506307Z,james-botts-gota:v13,40d72eea-ac61-44b0-aaf4-7828fbf30170,James Botts,2,Lich,RedTeam,10615,2575,242.58125294394725,67,6,0,1,157.79557230334433,84.78568064060292,0.0,18,6,28,0
ereq_8480f72e-a427-4bfb-8f01-2da9f52d5023,2026-09-17T22:28:36.506307Z,relh-gods-of-the-arena:v145,6daf9052-7877-4dc4-b1b3-e03f479b8b55,relh,3,Warlock,RedTeam,10615,2850,268.48798869524256,102,2,0,11,240.22609514837495,28.26189354686764,0.0,3,2,28,0
ereq_8480f72e-a427-4bfb-8f01-2da9f52d5023,2026-09-17T22:28:36.506307Z,aaron-gota-ir-perimeter-blue_repair-0916-aaron:v1,b64f1ccb-02e1-4ad5-b75b-f374222e9e9a,Aaron,4,Berserker,RedTeam,10615,2425,228.45030617051341,63,5,1,6,148.37494112105512,70.6547338671691,9.420631182289213,8,5,28,0
ereq_8480f72e-a427-4bfb-8f01-2da9f52d5023,2026-09-17T22:28:36.506307Z,red-kite:v34,a4590ed4-0b0c-4d86-8968-0844796f30e0,Andrew Brower,5,Vanguard Knight,BlueTeam,10615,1100,103.62694300518135,20,4,0,4,47.103155911446066,56.52378709373528,0.0,4,4,37,1
ereq_8480f72e-a427-4bfb-8f01-2da9f52d5023,2026-09-17T22:28:36.506307Z,Polyworld GOTA base.bas:v1,e8aed568-d03c-49bf-beaf-68c731f05d26,Andre von Houck,6,Ranger,BlueTeam,10615,1250,117.75788977861517,26,4,0,8,61.234102684879886,56.52378709373528,0.0,10,4,37,1
ereq_8480f72e-a427-4bfb-8f01-2da9f52d5023,2026-09-17T22:28:36.506307Z,khors:v1,fa00903c-0ba4-4eec-b20f-4c082550d80f,Andre von Auto,7,Arcanist,BlueTeam,10615,2325,219.0296749882242,41,8,1,5,96.56146961846444,113.04757418747056,9.420631182289213,14,8,37,1
ereq_8480f72e-a427-4bfb-8f01-2da9f52d5023,2026-09-17T22:28:36.506307Z,black-kite:v16,d10d7d74-40a7-4f6c-8838-e09729160349,Andrew Brower B,8,Druid Warden,BlueTeam,10615,1475,138.9543099387659,47,2,0,7,110.69241639189826,28.26189354686764,0.0,10,2,37,1
ereq_8480f72e-a427-4bfb-8f01-2da9f52d5023,2026-09-17T22:28:36.506307Z,aaron-gota-ir-coordinated-support-anchor-0916:v1,9cedf3ff-c7ce-4cff-897f-d48b44e049ad,Aaron's Co-play Coach,9,Demon Hunter,BlueTeam,10615,5200,489.8728214790391,56,18,11,4,131.88883655204899,254.35704192180876,103.62694300518135,19,18,37,1
ereq_a46bdc69-1e94-41c6-adca-bd093e1fe174,2026-09-17T22:28:36.508481Z,gota-codex-side-aware-team-secondary-20260917:v1,a7551ee6-ef55-48f0-81bc-d1ba68ca54c2,daveey-2,0,Death Knight,RedTeam,16097,925,57.46412374976704,37,0,0,10,57.46412374976704,0.0,0.0,6,0,42,1
ereq_a46bdc69-1e94-41c6-adca-bd093e1fe174,2026-09-17T22:28:36.508481Z,richard-gods-of-the-arena:v78,881a807d-68ab-4a62-9b6c-e98694cf0bc3,richard,1,Crossbowman,RedTeam,16097,4450,276.44902776914955,84,15,1,9,130.45909175622788,139.77759831024414,6.212337702677518,16,15,42,1
ereq_a46bdc69-1e94-41c6-adca-bd093e1fe174,2026-09-17T22:28:36.508481Z,gota-vanguard-rally-hold:v1,3ccd4955-3d9c-4c79-a243-e5dc12d650ad,daveey,2,Lich,RedTeam,16097,2925,181.7108778033174,59,9,1,5,91.63198111449339,83.86655898614649,6.212337702677518,13,9,42,1
ereq_a46bdc69-1e94-41c6-adca-bd093e1fe174,2026-09-17T22:28:36.508481Z,aaron-gota-ir-perimeter-blue_repair-0916-aaron:v1,b64f1ccb-02e1-4ad5-b75b-f374222e9e9a,Aaron,3,Warlock,RedTeam,16097,4925,305.95763185686775,107,7,12,5,166.1800335466236,65.22954587811394,74.5480524321302,13,7,42,1
ereq_a46bdc69-1e94-41c6-adca-bd093e1fe174,2026-09-17T22:28:36.508481Z,red-kite:v34,a4590ed4-0b0c-4d86-8968-0844796f30e0,Andrew Brower,4,Berserker,RedTeam,16097,2700,167.73311797229297,60,8,0,8,93.18506554016277,74.5480524321302,0.0,19,8,42,1
ereq_a46bdc69-1e94-41c6-adca-bd093e1fe174,2026-09-17T22:28:36.508481Z,james-botts-gota:v13,40d72eea-ac61-44b0-aaf4-7828fbf30170,James Botts,5,Vanguard Knight,BlueTeam,16097,1150,71.44188358079145,40,1,0,5,62.123377026775174,9.318506554016276,0.0,10,1,37,0
ereq_a46bdc69-1e94-41c6-adca-bd093e1fe174,2026-09-17T22:28:36.508481Z,macromackie-gota:v3,e3a136c1-ad8d-44c7-b9d7-e4c65a3185cf,macromackie,6,Ranger,BlueTeam,16097,4400,273.34285891781076,140,2,6,13,217.4318195937131,18.63701310803255,37.2740262160651,3,2,37,0
ereq_a46bdc69-1e94-41c6-adca-bd093e1fe174,2026-09-17T22:28:36.508481Z,games-bond-gota:v6,58af3f96-f479-4fc3-b777-276e53f48b06,Games Bond,7,Arcanist,BlueTeam,16097,3075,191.02938435733367,33,15,0,10,51.25178604708952,139.77759831024414,0.0,20,14,37,0
ereq_a46bdc69-1e94-41c6-adca-bd093e1fe174,2026-09-17T22:28:36.508481Z,aaron-gota-ir-coordinated-support-anchor-0916:v1,9cedf3ff-c7ce-4cff-897f-d48b44e049ad,Aaron's Co-play Coach,8,Druid Warden,BlueTeam,16097,2225,138.22451388457478,61,4,1,6,94.73814996583214,37.2740262160651,6.212337702677518,9,4,37,0
ereq_a46bdc69-1e94-41c6-adca-bd093e1fe174,2026-09-17T22:28:36.508481Z,Jordan-ply_bcb80069-fb0c-4ba5-a45c-06b647870aeb:v209,7ade377d-0492-4300-91f3-f23d94732a66,Jordan,9,Demon Hunter,BlueTeam,16097,5175,321.48847611356155,115,14,2,8,178.60470895197864,130.45909175622788,12.424675405355035,16,14,37,0
ereq_ab6c57a2-b739-46b5-8ed8-38cda7d28484,2026-09-17T22:28:36.516287Z,khors:v1,fa00903c-0ba4-4eec-b20f-4c082550d80f,Andre von Auto,0,Death Knight,RedTeam,12426,2225,179.060035409625,53,4,3,5,106.63125704168678,48.285852245292126,24.142926122646063,12,4,53,1
ereq_ab6c57a2-b739-46b5-8ed8-38cda7d28484,2026-09-17T22:28:36.516287Z,aaron-gota-ir-coordinated-support-anchor-0916:v1,9cedf3ff-c7ce-4cff-897f-d48b44e049ad,Aaron's Co-play Coach,1,Crossbowman,RedTeam,12426,7975,641.7994527603412,107,30,8,2,215.2744245935941,362.143891839691,64.38113632705617,33,30,53,1
ereq_ab6c57a2-b739-46b5-8ed8-38cda7d28484,2026-09-17T22:28:36.516287Z,relh-gods-of-the-arena:v145,6daf9052-7877-4dc4-b1b3-e03f479b8b55,relh,2,Lich,RedTeam,12426,1900,152.9051987767584,54,3,1,6,108.6431675519073,36.2143891839691,8.047642040882021,5,3,53,1
ereq_ab6c57a2-b739-46b5-8ed8-38cda7d28484,2026-09-17T22:28:36.516287Z,gota-g002:v1,a30542cb-54de-4109-92e6-bcabca7db4d8,Alex Smith,3,Warlock,RedTeam,12426,2725,219.2982456140351,43,11,0,5,86.51215193948173,132.78609367455334,0.0,15,11,53,1
ereq_ab6c57a2-b739-46b5-8ed8-38cda7d28484,2026-09-17T22:28:36.516287Z,red-kite:v34,a4590ed4-0b0c-4d86-8968-0844796f30e0,Andrew Brower,4,Berserker,RedTeam,12426,1800,144.8575567358764,60,2,0,4,120.71463061323033,24.142926122646063,0.0,6,2,53,1
ereq_ab6c57a2-b739-46b5-8ed8-38cda7d28484,2026-09-17T22:28:36.516287Z,Polyworld GOTA base.bas:v1,e8aed568-d03c-49bf-beaf-68c731f05d26,Andre von Houck,5,Vanguard Knight,BlueTeam,12426,600,48.285852245292126,18,1,0,14,36.2143891839691,12.071463061323032,0.0,7,1,22,0
ereq_ab6c57a2-b739-46b5-8ed8-38cda7d28484,2026-09-17T22:28:36.516287Z,james-botts-gota:v13,40d72eea-ac61-44b0-aaf4-7828fbf30170,James Botts,6,Ranger,BlueTeam,12426,2375,191.131498470948,95,0,0,6,191.131498470948,0.0,0.0,5,0,22,0
ereq_ab6c57a2-b739-46b5-8ed8-38cda7d28484,2026-09-17T22:28:36.516287Z,Jordan-ply_bcb80069-fb0c-4ba5-a45c-06b647870aeb:v209,7ade377d-0492-4300-91f3-f23d94732a66,Jordan,7,Arcanist,BlueTeam,12426,950,76.4525993883792,22,2,1,13,44.26203122485112,24.142926122646063,8.047642040882021,2,2,22,0
ereq_ab6c57a2-b739-46b5-8ed8-38cda7d28484,2026-09-17T22:28:36.516287Z,black-kite:v16,d10d7d74-40a7-4f6c-8838-e09729160349,Andrew Brower B,8,Druid Warden,BlueTeam,12426,4500,362.143891839691,134,7,1,5,269.59600836954775,84.50024142926122,8.047642040882021,7,7,22,0
ereq_ab6c57a2-b739-46b5-8ed8-38cda7d28484,2026-09-17T22:28:36.516287Z,nancy-goa:v1,353b1313-e887-4496-9466-ef3cc016e53e,NanosaurusX,9,Demon Hunter,BlueTeam,12426,3725,299.7746660228553,79,11,1,15,158.94093030741993,132.78609367455334,8.047642040882021,11,11,22,0
ereq_88dfa3e8-1a28-494e-b2d1-d622e4772656,2026-09-17T22:28:36.530098Z,gota-g002:v1,a30542cb-54de-4109-92e6-bcabca7db4d8,Alex Smith,0,Death Knight,RedTeam,12811,1075,83.91226289907111,9,5,1,6,17.563031769573023,58.54343923191008,7.80579189758801,8,5,34,1
ereq_88dfa3e8-1a28-494e-b2d1-d622e4772656,2026-09-17T22:28:36.530098Z,khors:v1,fa00903c-0ba4-4eec-b20f-4c082550d80f,Andre von Auto,1,Crossbowman,RedTeam,12811,3125,243.93099679962532,91,5,1,5,177.58176567012723,58.54343923191008,7.80579189758801,11,5,34,1
ereq_88dfa3e8-1a28-494e-b2d1-d622e4772656,2026-09-17T22:28:36.530098Z,black-kite:v16,d10d7d74-40a7-4f6c-8838-e09729160349,Andrew Brower B,2,Lich,RedTeam,12811,3250,253.68823667161033,62,10,2,6,120.98977441261415,117.08687846382016,15.61158379517602,12,10,34,1
ereq_88dfa3e8-1a28-494e-b2d1-d622e4772656,2026-09-17T22:28:36.530098Z,richard-gods-of-the-arena:v78,881a807d-68ab-4a62-9b6c-e98694cf0bc3,richard,3,Warlock,RedTeam,12811,2700,210.75638123487627,62,5,4,6,120.98977441261415,58.54343923191008,31.22316759035204,11,5,34,1
ereq_88dfa3e8-1a28-494e-b2d1-d622e4772656,2026-09-17T22:28:36.530098Z,gota-codex-side-aware-team-secondary-20260917:v1,a7551ee6-ef55-48f0-81bc-d1ba68ca54c2,daveey-2,4,Berserker,RedTeam,12811,2150,167.82452579814222,44,7,0,7,85.86371087346811,81.96081492467411,0.0,9,7,34,1
ereq_88dfa3e8-1a28-494e-b2d1-d622e4772656,2026-09-17T22:28:36.530098Z,aaron-gota-ir-perimeter-blue_repair-0916-aaron:v1,b64f1ccb-02e1-4ad5-b75b-f374222e9e9a,Aaron,5,Vanguard Knight,BlueTeam,12811,1300,101.47529466864414,24,4,1,8,46.834751385528065,46.834751385528065,7.80579189758801,10,4,30,0
ereq_88dfa3e8-1a28-494e-b2d1-d622e4772656,2026-09-17T22:28:36.530098Z,james-botts-gota:v13,40d72eea-ac61-44b0-aaf4-7828fbf30170,James Botts,6,Ranger,BlueTeam,12811,3325,259.54258059480134,109,4,0,1,212.70782920927329,46.834751385528065,0.0,5,4,30,0
ereq_88dfa3e8-1a28-494e-b2d1-d622e4772656,2026-09-17T22:28:36.530098Z,red-kite:v34,a4590ed4-0b0c-4d86-8968-0844796f30e0,Andrew Brower,7,Arcanist,BlueTeam,12811,2900,226.3679650300523,68,6,3,6,132.6984622589962,70.25212707829209,23.417375692764033,8,6,30,0
ereq_88dfa3e8-1a28-494e-b2d1-d622e4772656,2026-09-17T22:28:36.530098Z,Jordan-ply_bcb80069-fb0c-4ba5-a45c-06b647870aeb:v209,7ade377d-0492-4300-91f3-f23d94732a66,Jordan,8,Druid Warden,BlueTeam,12811,2550,199.04769338849425,72,5,0,3,140.50425415658418,58.54343923191008,0.0,5,5,30,0
ereq_88dfa3e8-1a28-494e-b2d1-d622e4772656,2026-09-17T22:28:36.530098Z,gota-vanguard-rally-hold:v1,3ccd4955-3d9c-4c79-a243-e5dc12d650ad,daveey,9,Demon Hunter,BlueTeam,12811,2550,199.04769338849425,60,7,0,16,117.08687846382016,81.96081492467411,0.0,14,7,30,0
ereq_4b9b0151-2cfd-4eee-9602-31655b04b15e,2026-09-17T22:28:36.507694Z,aaron-gota-ir-perimeter-blue_repair-0916-aaron:v1,b64f1ccb-02e1-4ad5-b75b-f374222e9e9a,Aaron,0,Death Knight,RedTeam,4534,1175,259.1530657256286,41,1,0,1,226.06969563299515,33.08337009263344,0.0,3,1,8,0
ereq_4b9b0151-2cfd-4eee-9602-31655b04b15e,2026-09-17T22:28:36.507694Z,macromackie-gota:v3,e3a136c1-ad8d-44c7-b9d7-e4c65a3185cf,macromackie,1,Crossbowman,RedTeam,4534,725,159.9029554477283,15,1,2,1,82.70842523158359,33.08337009263344,44.11116012351125,3,1,8,0
ereq_4b9b0151-2cfd-4eee-9602-31655b04b15e,2026-09-17T22:28:36.507694Z,richard-gods-of-the-arena:v78,881a807d-68ab-4a62-9b6c-e98694cf0bc3,richard,2,Lich,RedTeam,4534,925,204.01411557123953,21,2,1,1,115.79179532421702,66.16674018526687,22.055580061755624,4,2,8,0
ereq_4b9b0151-2cfd-4eee-9602-31655b04b15e,2026-09-17T22:28:36.507694Z,gota-g003:v2,8cea4626-a0f1-4dd0-b066-58e6bd194ad3,Scott Smith,3,Warlock,RedTeam,4534,1125,248.12527569475077,21,4,0,4,115.79179532421702,132.33348037053375,0.0,5,4,8,0
ereq_4b9b0151-2cfd-4eee-9602-31655b04b15e,2026-09-17T22:28:36.507694Z,james-botts-gota:v13,40d72eea-ac61-44b0-aaf4-7828fbf30170,James Botts,4,Berserker,RedTeam,4534,425,93.7362152624614,17,0,0,3,93.7362152624614,0.0,0.0,0,0,8,0
ereq_4b9b0151-2cfd-4eee-9602-31655b04b15e,2026-09-17T22:28:36.507694Z,gota-codex-side-aware-team-secondary-20260917:v1,a7551ee6-ef55-48f0-81bc-d1ba68ca54c2,daveey-2,5,Vanguard Knight,BlueTeam,4534,500,110.27790030877811,16,0,1,2,88.2223202470225,0.0,22.055580061755624,0,0,10,1
ereq_4b9b0151-2cfd-4eee-9602-31655b04b15e,2026-09-17T22:28:36.507694Z,aaron-gota-ir-coordinated-support-anchor-0916:v1,9cedf3ff-c7ce-4cff-897f-d48b44e049ad,Aaron's Co-play Coach,6,Ranger,BlueTeam,4534,2750,606.5284516982797,46,6,7,0,253.6391707101897,198.5002205558006,154.38906043228937,6,6,10,1
ereq_4b9b0151-2cfd-4eee-9602-31655b04b15e,2026-09-17T22:28:36.507694Z,black-kite:v16,d10d7d74-40a7-4f6c-8838-e09729160349,Andrew Brower B,7,Arcanist,BlueTeam,4534,250,55.13895015438906,4,1,0,2,22.055580061755624,33.08337009263344,0.0,2,1,10,1
ereq_4b9b0151-2cfd-4eee-9602-31655b04b15e,2026-09-17T22:28:36.507694Z,relh-gods-of-the-arena:v145,6daf9052-7877-4dc4-b1b3-e03f479b8b55,relh,8,Druid Warden,BlueTeam,4534,700,154.38906043228937,12,2,1,2,66.16674018526687,66.16674018526687,22.055580061755624,2,2,10,1
ereq_4b9b0151-2cfd-4eee-9602-31655b04b15e,2026-09-17T22:28:36.507694Z,gota-g002:v1,a30542cb-54de-4109-92e6-bcabca7db4d8,Alex Smith,9,Demon Hunter,BlueTeam,4534,1100,242.61138067931188,34,1,1,2,187.4724305249228,33.08337009263344,22.055580061755624,1,1,10,1
ereq_6cd6aa34-5fb5-4e25-93d2-7facdc3005b3,2026-09-17T22:28:36.513516Z,aaron-gota-ir-coordinated-support-anchor-0916:v1,9cedf3ff-c7ce-4cff-897f-d48b44e049ad,Aaron's Co-play Coach,0,Death Knight,RedTeam,17957,2475,137.82925878487498,35,10,1,5,48.72751573202651,83.53288411204544,5.56885894080303,16,10,52,0
ereq_6cd6aa34-5fb5-4e25-93d2-7facdc3005b3,2026-09-17T22:28:36.513516Z,gota-vanguard-rally-hold:v1,3ccd4955-3d9c-4c79-a243-e5dc12d650ad,daveey,1,Crossbowman,RedTeam,17957,5200,289.58066492175755,82,21,0,15,114.1616082864621,175.41905663529542,0.0,32,21,52,0
ereq_6cd6aa34-5fb5-4e25-93d2-7facdc3005b3,2026-09-17T22:28:36.513516Z,james-botts-gota:v13,40d72eea-ac61-44b0-aaf4-7828fbf30170,James Botts,2,Lich,RedTeam,17957,2750,153.14362087208332,86,4,0,9,119.73046722726514,33.41315364481817,0.0,26,4,52,0
ereq_6cd6aa34-5fb5-4e25-93d2-7facdc3005b3,2026-09-17T22:28:36.513516Z,macromackie-gota:v3,e3a136c1-ad8d-44c7-b9d7-e4c65a3185cf,macromackie,3,Warlock,RedTeam,17957,1675,93.27838725845075,31,6,0,16,43.15865679122348,50.119730467227264,0.0,16,6,52,0
ereq_6cd6aa34-5fb5-4e25-93d2-7facdc3005b3,2026-09-17T22:28:36.513516Z,red-kite:v34,a4590ed4-0b0c-4d86-8968-0844796f30e0,Andrew Brower,4,Berserker,RedTeam,17957,4775,265.91301442334463,119,10,3,6,165.67355348889012,83.53288411204544,16.706576822409087,10,10,52,0
ereq_6cd6aa34-5fb5-4e25-93d2-7facdc3005b3,2026-09-17T22:28:36.513516Z,aaron-gota-ir-perimeter-blue_repair-0916-aaron:v1,b64f1ccb-02e1-4ad5-b75b-f374222e9e9a,Aaron,5,Vanguard Knight,BlueTeam,17957,3300,183.77234504649996,70,9,2,10,97.45503146405302,75.17959570084089,11.13771788160606,14,9,51,1
ereq_6cd6aa34-5fb5-4e25-93d2-7facdc3005b3,2026-09-17T22:28:36.513516Z,Jordan-ply_bcb80069-fb0c-4ba5-a45c-06b647870aeb:v209,7ade377d-0492-4300-91f3-f23d94732a66,Jordan,6,Ranger,BlueTeam,17957,3750,208.8322102801136,60,13,3,11,83.53288411204544,108.59274934565907,16.706576822409087,20,13,51,1
ereq_6cd6aa34-5fb5-4e25-93d2-7facdc3005b3,2026-09-17T22:28:36.513516Z,black-kite:v16,d10d7d74-40a7-4f6c-8838-e09729160349,Andrew Brower B,7,Arcanist,BlueTeam,17957,2775,154.53583560728407,33,13,0,11,45.94308626162499,108.59274934565907,0.0,17,13,51,1
ereq_6cd6aa34-5fb5-4e25-93d2-7facdc3005b3,2026-09-17T22:28:36.513516Z,nancy-goa:v1,353b1313-e887-4496-9466-ef3cc016e53e,NanosaurusX,8,Druid Warden,BlueTeam,17957,2300,128.08375563846968,68,4,0,4,94.6706019936515,33.41315364481817,0.0,14,4,51,1
ereq_6cd6aa34-5fb5-4e25-93d2-7facdc3005b3,2026-09-17T22:28:36.513516Z,gota-g002:v1,a30542cb-54de-4109-92e6-bcabca7db4d8,Alex Smith,9,Demon Hunter,BlueTeam,17957,3850,214.40106922091664,84,11,1,16,116.94603775686362,91.88617252324998,5.56885894080303,19,11,51,1
ereq_53c235b4-63e9-4748-9a0b-db8f82f3b862,2026-09-17T22:28:36.526663Z,Polyworld GOTA base.bas:v1,e8aed568-d03c-49bf-beaf-68c731f05d26,Andre von Houck,0,Death Knight,RedTeam,9644,2000,207.3828287017835,46,5,1,4,119.24512650352551,77.76856076316881,10.369141435089174,10,5,28,0
ereq_53c235b4-63e9-4748-9a0b-db8f82f3b862,2026-09-17T22:28:36.526663Z,james-botts-gota:v13,40d72eea-ac61-44b0-aaf4-7828fbf30170,James Botts,1,Crossbowman,RedTeam,9644,1900,197.01368726669432,52,4,0,1,134.79883865615926,62.21484861053505,0.0,7,4,28,0
ereq_53c235b4-63e9-4748-9a0b-db8f82f3b862,2026-09-17T22:28:36.526663Z,aaron-gota-ir-coordinated-support-anchor-0916:v1,9cedf3ff-c7ce-4cff-897f-d48b44e049ad,Aaron's Co-play Coach,2,Lich,RedTeam,9644,5000,518.4570717544588,94,15,4,3,243.6748237245956,233.30568228950642,41.4765657403567,15,15,28,0
ereq_53c235b4-63e9-4748-9a0b-db8f82f3b862,2026-09-17T22:28:36.526663Z,daf-gota-v1:v1,e7d1ba41-3be1-4785-815d-b3c9ad8f46b9,docxology,3,Warlock,RedTeam,9644,1075,111.46827042720862,31,2,0,5,80.36084612194111,31.107424305267525,0.0,7,2,28,0
ereq_53c235b4-63e9-4748-9a0b-db8f82f3b862,2026-09-17T22:28:36.526663Z,Jordan-ply_bcb80069-fb0c-4ba5-a45c-06b647870aeb:v209,7ade377d-0492-4300-91f3-f23d94732a66,Jordan,4,Berserker,RedTeam,9644,1325,137.39112401493156,47,1,0,7,121.8374118622978,15.553712152633762,0.0,6,1,28,0
ereq_53c235b4-63e9-4748-9a0b-db8f82f3b862,2026-09-17T22:28:36.526663Z,gota-codex-side-aware-team-secondary-20260917:v1,a7551ee6-ef55-48f0-81bc-d1ba68ca54c2,daveey-2,5,Vanguard Knight,BlueTeam,9644,825,85.5454168394857,27,1,0,4,69.99170468685193,15.553712152633762,0.0,1,1,20,1
ereq_53c235b4-63e9-4748-9a0b-db8f82f3b862,2026-09-17T22:28:36.526663Z,nancy-goa:v1,353b1313-e887-4496-9466-ef3cc016e53e,NanosaurusX,6,Ranger,BlueTeam,9644,2000,207.3828287017835,56,4,0,6,145.16798009124844,62.21484861053505,0.0,6,4,20,1
ereq_53c235b4-63e9-4748-9a0b-db8f82f3b862,2026-09-17T22:28:36.526663Z,aaron-gota-ir-perimeter-blue_repair-0916-aaron:v1,b64f1ccb-02e1-4ad5-b75b-f374222e9e9a,Aaron,7,Arcanist,BlueTeam,9644,4325,448.4653670676068,91,9,7,2,235.89796764827872,139.98340937370386,72.58399004562422,10,9,20,1
ereq_53c235b4-63e9-4748-9a0b-db8f82f3b862,2026-09-17T22:28:36.526663Z,khors:v1,fa00903c-0ba4-4eec-b20f-4c082550d80f,Andre von Auto,8,Druid Warden,BlueTeam,9644,850,88.13770219825798,22,2,0,5,57.03027789299046,31.107424305267525,0.0,8,2,20,1
ereq_53c235b4-63e9-4748-9a0b-db8f82f3b862,2026-09-17T22:28:36.526663Z,red-kite:v34,a4590ed4-0b0c-4d86-8968-0844796f30e0,Andrew Brower,9,Demon Hunter,BlueTeam,9644,1650,171.0908336789714,54,2,0,11,139.98340937370386,31.107424305267525,0.0,2,2,20,1
ereq_1887fc7e-3153-44da-a058-052c71161026,2026-09-17T22:28:36.514186Z,gota-codex-side-aware-team-secondary-20260917:v1,a7551ee6-ef55-48f0-81bc-d1ba68ca54c2,daveey-2,0,Death Knight,RedTeam,9644,850,88.13770219825798,16,3,0,3,41.4765657403567,46.661136457901286,0.0,11,3,50,0
ereq_1887fc7e-3153-44da-a058-052c71161026,2026-09-17T22:28:36.514186Z,richard-gods-of-the-arena:v78,881a807d-68ab-4a62-9b6c-e98694cf0bc3,richard,1,Crossbowman,RedTeam,9644,3875,401.80423060970554,39,18,2,3,101.09912899211945,279.96681874740773,20.73828287017835,28,18,50,0
ereq_1887fc7e-3153-44da-a058-052c71161026,2026-09-17T22:28:36.514186Z,red-kite:v34,a4590ed4-0b0c-4d86-8968-0844796f30e0,Andrew Brower,2,Lich,RedTeam,9644,3925,406.9888013272501,37,20,0,3,95.91455827457486,311.07424305267523,0.0,36,20,50,0
ereq_1887fc7e-3153-44da-a058-052c71161026,2026-09-17T22:28:36.514186Z,james-botts-gota:v13,40d72eea-ac61-44b0-aaf4-7828fbf30170,James Botts,3,Warlock,RedTeam,9644,2050,212.56739941932807,82,0,0,5,212.56739941932807,0.0,0.0,0,0,50,0
ereq_1887fc7e-3153-44da-a058-052c71161026,2026-09-17T22:28:36.514186Z,aaron-gota-ir-coordinated-support-anchor-0916:v1,9cedf3ff-c7ce-4cff-897f-d48b44e049ad,Aaron's Co-play Coach,4,Berserker,RedTeam,9644,2900,300.7051016175861,40,8,7,4,103.69141435089175,124.4296972210701,72.58399004562422,17,8,50,0
ereq_1887fc7e-3153-44da-a058-052c71161026,2026-09-17T22:28:36.514186Z,gota-g002:v1,a30542cb-54de-4109-92e6-bcabca7db4d8,Alex Smith,5,Vanguard Knight,BlueTeam,9644,650,67.39941932807963,20,1,0,14,51.845707175445874,15.553712152633762,0.0,3,1,18,1
ereq_1887fc7e-3153-44da-a058-052c71161026,2026-09-17T22:28:36.514186Z,aaron-gota-ir-perimeter-blue_repair-0916-aaron:v1,b64f1ccb-02e1-4ad5-b75b-f374222e9e9a,Aaron,6,Ranger,BlueTeam,9644,4425,458.834508502696,97,6,11,0,251.45167980091247,93.32227291580257,114.06055578598092,6,6,18,1
ereq_1887fc7e-3153-44da-a058-052c71161026,2026-09-17T22:28:36.514186Z,Jordan-ply_bcb80069-fb0c-4ba5-a45c-06b647870aeb:v209,7ade377d-0492-4300-91f3-f23d94732a66,Jordan,7,Arcanist,BlueTeam,9644,900,93.32227291580257,18,3,0,10,46.661136457901286,46.661136457901286,0.0,6,3,18,1
ereq_1887fc7e-3153-44da-a058-052c71161026,2026-09-17T22:28:36.514186Z,macromackie-gota:v3,e3a136c1-ad8d-44c7-b9d7-e4c65a3185cf,macromackie,8,Druid Warden,BlueTeam,9644,675,69.99170468685193,15,2,0,13,38.884280381584404,31.107424305267525,0.0,6,2,18,1
ereq_1887fc7e-3153-44da-a058-052c71161026,2026-09-17T22:28:36.514186Z,black-kite:v16,d10d7d74-40a7-4f6c-8838-e09729160349,Andrew Brower B,9,Demon Hunter,BlueTeam,9644,1625,168.4985483201991,41,4,0,13,106.28369970966403,62.21484861053505,0.0,5,4,18,1
ereq_4562e814-ff4e-48a6-9668-231390924301,2026-09-17T22:28:36.510655Z,aaron-gota-ir-coordinated-support-anchor-0916:v1,9cedf3ff-c7ce-4cff-897f-d48b44e049ad,Aaron's Co-play Coach,0,Death Knight,RedTeam,8890,2025,227.7840269966254,41,4,4,2,115.29808773903262,67.49156355455568,44.99437570303712,6,4,23,0
ereq_4562e814-ff4e-48a6-9668-231390924301,2026-09-17T22:28:36.510655Z,gota-g002:v1,a30542cb-54de-4109-92e6-bcabca7db4d8,Alex Smith,1,Crossbowman,RedTeam,8890,2950,331.83352080989874,54,10,1,5,151.85601799775029,168.7289088863892,11.24859392575928,11,10,23,0
ereq_4562e814-ff4e-48a6-9668-231390924301,2026-09-17T22:28:36.510655Z,black-kite:v16,d10d7d74-40a7-4f6c-8838-e09729160349,Andrew Brower B,2,Lich,RedTeam,8890,1675,188.41394825646793,45,3,1,2,126.5466816647919,50.61867266591676,11.24859392575928,6,3,23,0
ereq_4562e814-ff4e-48a6-9668-231390924301,2026-09-17T22:28:36.510655Z,gota-g003:v2,8cea4626-a0f1-4dd0-b066-58e6bd194ad3,Scott Smith,3,Warlock,RedTeam,8890,1025,115.29808773903262,29,2,0,3,81.55230596175478,33.74578177727784,0.0,6,2,23,0
ereq_4562e814-ff4e-48a6-9668-231390924301,2026-09-17T22:28:36.510655Z,aaron-gota-ir-perimeter-blue_repair-0916-aaron:v1,b64f1ccb-02e1-4ad5-b75b-f374222e9e9a,Aaron,4,Berserker,RedTeam,8890,1050,118.11023622047244,26,2,1,4,73.11586051743532,33.74578177727784,11.24859392575928,5,2,23,0
ereq_4562e814-ff4e-48a6-9668-231390924301,2026-09-17T22:28:36.510655Z,red-kite:v34,a4590ed4-0b0c-4d86-8968-0844796f30e0,Andrew Brower,5,Vanguard Knight,BlueTeam,8890,925,104.04949381327334,27,1,1,6,75.92800899887514,16.87289088863892,11.24859392575928,6,1,16,1
ereq_4562e814-ff4e-48a6-9668-231390924301,2026-09-17T22:28:36.510655Z,Jordan-ply_bcb80069-fb0c-4ba5-a45c-06b647870aeb:v209,7ade377d-0492-4300-91f3-f23d94732a66,Jordan,6,Ranger,BlueTeam,8890,3875,435.88301462317213,85,9,4,3,239.0326209223847,151.85601799775029,44.99437570303712,10,9,16,1
ereq_4562e814-ff4e-48a6-9668-231390924301,2026-09-17T22:28:36.510655Z,relh-gods-of-the-arena:v145,6daf9052-7877-4dc4-b1b3-e03f479b8b55,relh,7,Arcanist,BlueTeam,8890,1900,213.72328458942633,44,4,2,7,123.73453318335208,67.49156355455568,22.49718785151856,6,4,16,1
ereq_4562e814-ff4e-48a6-9668-231390924301,2026-09-17T22:28:36.510655Z,james-botts-gota:v13,40d72eea-ac61-44b0-aaf4-7828fbf30170,James Botts,8,Druid Warden,BlueTeam,8890,650,73.11586051743532,26,0,0,1,73.11586051743532,0.0,0.0,3,0,16,1
ereq_4562e814-ff4e-48a6-9668-231390924301,2026-09-17T22:28:36.510655Z,gota-codex-side-aware-team-secondary-20260917:v1,a7551ee6-ef55-48f0-81bc-d1ba68ca54c2,daveey-2,9,Demon Hunter,BlueTeam,8890,1575,177.16535433070865,51,2,0,6,143.4195725534308,33.74578177727784,0.0,3,2,16,1
ereq_4595bc84-9cef-4347-a84c-eb604af5fe65,2026-09-17T22:28:36.519012Z,james-botts-gota:v13,40d72eea-ac61-44b0-aaf4-7828fbf30170,James Botts,0,Death Knight,RedTeam,9625,925,96.1038961038961,37,0,0,3,96.1038961038961,0.0,0.0,9,0,32,0
ereq_4595bc84-9cef-4347-a84c-eb604af5fe65,2026-09-17T22:28:36.519012Z,red-kite:v34,a4590ed4-0b0c-4d86-8968-0844796f30e0,Andrew Brower,1,Crossbowman,RedTeam,9625,3175,329.87012987012986,91,6,0,4,236.36363636363637,93.50649350649351,0.0,13,6,32,0
ereq_4595bc84-9cef-4347-a84c-eb604af5fe65,2026-09-17T22:28:36.519012Z,aaron-gota-ir-coordinated-support-anchor-0916:v1,9cedf3ff-c7ce-4cff-897f-d48b44e049ad,Aaron's Co-play Coach,2,Lich,RedTeam,9625,4425,459.7402597402597,89,12,4,2,231.16883116883116,187.01298701298703,41.55844155844156,12,12,32,0
ereq_4595bc84-9cef-4347-a84c-eb604af5fe65,2026-09-17T22:28:36.519012Z,gota-g003:v2,8cea4626-a0f1-4dd0-b066-58e6bd194ad3,Scott Smith,3,Warlock,RedTeam,9625,1950,202.5974025974026,30,8,0,3,77.92207792207792,124.67532467532467,0.0,15,8,32,0
ereq_4595bc84-9cef-4347-a84c-eb604af5fe65,2026-09-17T22:28:36.519012Z,Polyworld GOTA base.bas:v1,e8aed568-d03c-49bf-beaf-68c731f05d26,Andre von Houck,4,Berserker,RedTeam,9625,1850,192.2077922077922,42,4,2,3,109.0909090909091,62.33766233766234,20.77922077922078,11,4,32,0
ereq_4595bc84-9cef-4347-a84c-eb604af5fe65,2026-09-17T22:28:36.519012Z,gota-codex-side-aware-team-secondary-20260917:v1,a7551ee6-ef55-48f0-81bc-d1ba68ca54c2,daveey-2,5,Vanguard Knight,BlueTeam,9625,525,54.54545454545455,17,0,1,5,44.15584415584416,0.0,10.38961038961039,3,0,15,1
ereq_4595bc84-9cef-4347-a84c-eb604af5fe65,2026-09-17T22:28:36.519012Z,gota-g002:v1,a30542cb-54de-4109-92e6-bcabca7db4d8,Alex Smith,6,Ranger,BlueTeam,9625,2875,298.7012987012987,59,8,2,6,153.24675324675326,124.67532467532467,20.77922077922078,11,8,15,1
ereq_4595bc84-9cef-4347-a84c-eb604af5fe65,2026-09-17T22:28:36.519012Z,relh-gods-of-the-arena:v145,6daf9052-7877-4dc4-b1b3-e03f479b8b55,relh,7,Arcanist,BlueTeam,9625,2600,270.12987012987014,80,4,0,6,207.7922077922078,62.33766233766234,0.0,6,4,15,1
ereq_4595bc84-9cef-4347-a84c-eb604af5fe65,2026-09-17T22:28:36.519012Z,richard-gods-of-the-arena:v78,881a807d-68ab-4a62-9b6c-e98694cf0bc3,richard,8,Druid Warden,BlueTeam,9625,500,51.94805194805195,20,0,0,10,51.94805194805195,0.0,0.0,3,0,15,1
ereq_4595bc84-9cef-4347-a84c-eb604af5fe65,2026-09-17T22:28:36.519012Z,aaron-gota-ir-perimeter-blue_repair-0916-aaron:v1,b64f1ccb-02e1-4ad5-b75b-f374222e9e9a,Aaron,9,Demon Hunter,BlueTeam,9625,2750,285.7142857142857,62,2,9,5,161.03896103896105,31.16883116883117,93.50649350649351,2,2,15,1
ereq_01156e5b-4bdd-4ce9-a973-02ef04fdc618,2026-09-17T22:28:36.504366Z,james-botts-gota:v13,40d72eea-ac61-44b0-aaf4-7828fbf30170,James Botts,0,Death Knight,RedTeam,21381,3375,157.8504279500491,123,2,0,3,143.81927879893362,14.031149151115477,0.0,7,2,66,0
ereq_01156e5b-4bdd-4ce9-a973-02ef04fdc618,2026-09-17T22:28:36.504366Z,black-kite:v16,d10d7d74-40a7-4f6c-8838-e09729160349,Andrew Brower B,1,Crossbowman,RedTeam,21381,9075,424.44226182124316,179,30,1,15,209.2979748374725,210.46723726673216,4.677049717038492,39,30,66,0
ereq_01156e5b-4bdd-4ce9-a973-02ef04fdc618,2026-09-17T22:28:36.504366Z,gota-vanguard-rally-hold:v1,3ccd4955-3d9c-4c79-a243-e5dc12d650ad,daveey,2,Lich,RedTeam,21381,2800,130.95739207707777,52,10,0,13,60.8016463215004,70.15574575557739,0.0,15,10,66,0
ereq_01156e5b-4bdd-4ce9-a973-02ef04fdc618,2026-09-17T22:28:36.504366Z,aaron-gota-ir-perimeter-blue_repair-0916-aaron:v1,b64f1ccb-02e1-4ad5-b75b-f374222e9e9a,Aaron,3,Warlock,RedTeam,21381,5750,268.9303587297133,156,11,2,11,182.40493896450118,77.17132033113512,9.354099434076984,14,11,66,0
ereq_01156e5b-4bdd-4ce9-a973-02ef04fdc618,2026-09-17T22:28:36.504366Z,gota-g003:v2,8cea4626-a0f1-4dd0-b066-58e6bd194ad3,Scott Smith,4,Berserker,RedTeam,21381,2550,119.26476778448155,54,8,0,17,63.14017118001964,56.12459660446191,0.0,20,7,66,0
ereq_01156e5b-4bdd-4ce9-a973-02ef04fdc618,2026-09-17T22:28:36.504366Z,gota-g002:v1,a30542cb-54de-4109-92e6-bcabca7db4d8,Alex Smith,5,Vanguard Knight,BlueTeam,21381,950,44.43197231186568,16,3,1,16,18.708198868153968,21.046723726673214,4.677049717038492,9,3,59,1
ereq_01156e5b-4bdd-4ce9-a973-02ef04fdc618,2026-09-17T22:28:36.504366Z,macromackie-gota:v3,e3a136c1-ad8d-44c7-b9d7-e4c65a3185cf,macromackie,6,Ranger,BlueTeam,21381,4675,218.6520742715495,131,8,2,17,153.17337823301062,56.12459660446191,9.354099434076984,15,8,59,1
ereq_01156e5b-4bdd-4ce9-a973-02ef04fdc618,2026-09-17T22:28:36.504366Z,aaron-gota-ir-coordinated-support-anchor-0916:v1,9cedf3ff-c7ce-4cff-897f-d48b44e049ad,Aaron's Co-play Coach,7,Arcanist,BlueTeam,21381,9025,422.10373696272393,133,34,6,9,155.51190309152986,238.5295355689631,28.062298302230953,36,34,59,1
ereq_01156e5b-4bdd-4ce9-a973-02ef04fdc618,2026-09-17T22:28:36.504366Z,richard-gods-of-the-arena:v78,881a807d-68ab-4a62-9b6c-e98694cf0bc3,richard,8,Druid Warden,BlueTeam,21381,2175,101.72583134558721,81,1,0,13,94.71025677002946,7.015574575557738,0.0,15,1,59,1
ereq_01156e5b-4bdd-4ce9-a973-02ef04fdc618,2026-09-17T22:28:36.504366Z,red-kite:v34,a4590ed4-0b0c-4d86-8968-0844796f30e0,Andrew Brower,9,Demon Hunter,BlueTeam,21381,7475,349.6094663486273,215,12,3,11,251.39142229081895,84.18689490669286,14.031149151115477,13,12,59,1
ereq_a692b447-1e77-48ff-ab63-ed8cdf6bf506,2026-09-17T22:28:36.534950Z,games-bond-gota:v6,58af3f96-f479-4fc3-b777-276e53f48b06,Games Bond,0,Death Knight,RedTeam,4485,100,22.296544035674472,4,0,0,4,22.296544035674472,0.0,0.0,3,0,6,0
ereq_a692b447-1e77-48ff-ab63-ed8cdf6bf506,2026-09-17T22:28:36.534950Z,black-kite:v16,d10d7d74-40a7-4f6c-8838-e09729160349,Andrew Brower B,1,Crossbowman,RedTeam,4485,450,100.33444816053512,14,0,1,1,78.03790412486065,0.0,22.296544035674472,3,0,6,0
ereq_a692b447-1e77-48ff-ab63-ed8cdf6bf506,2026-09-17T22:28:36.534950Z,Jordan-ply_bcb80069-fb0c-4ba5-a45c-06b647870aeb:v209,7ade377d-0492-4300-91f3-f23d94732a66,Jordan,2,Lich,RedTeam,4485,600,133.77926421404683,18,1,0,3,100.33444816053512,33.44481605351171,0.0,4,1,6,0
ereq_a692b447-1e77-48ff-ab63-ed8cdf6bf506,2026-09-17T22:28:36.534950Z,james-botts-gota:v13,40d72eea-ac61-44b0-aaf4-7828fbf30170,James Botts,3,Warlock,RedTeam,4485,1175,261.98439241917504,41,1,0,0,228.53957636566332,33.44481605351171,0.0,1,1,6,0
ereq_a692b447-1e77-48ff-ab63-ed8cdf6bf506,2026-09-17T22:28:36.534950Z,macromackie-gota:v3,e3a136c1-ad8d-44c7-b9d7-e4c65a3185cf,macromackie,4,Berserker,RedTeam,4485,1975,440.3567447045708,43,4,3,1,239.68784838350055,133.77926421404683,66.88963210702342,5,4,6,0
ereq_a692b447-1e77-48ff-ab63-ed8cdf6bf506,2026-09-17T22:28:36.534950Z,aaron-gota-ir-perimeter-blue_repair-0916-aaron:v1,b64f1ccb-02e1-4ad5-b75b-f374222e9e9a,Aaron,5,Vanguard Knight,BlueTeam,4485,350,78.03790412486065,6,0,2,1,33.44481605351171,0.0,44.593088071348944,2,0,9,1
ereq_a692b447-1e77-48ff-ab63-ed8cdf6bf506,2026-09-17T22:28:36.534950Z,khors:v1,fa00903c-0ba4-4eec-b20f-4c082550d80f,Andre von Auto,6,Ranger,BlueTeam,4485,1125,250.83612040133778,23,3,1,1,128.2051282051282,100.33444816053512,22.296544035674472,6,3,9,1
ereq_a692b447-1e77-48ff-ab63-ed8cdf6bf506,2026-09-17T22:28:36.534950Z,richard-gods-of-the-arena:v78,881a807d-68ab-4a62-9b6c-e98694cf0bc3,richard,7,Arcanist,BlueTeam,4485,1575,351.1705685618729,27,4,3,1,150.50167224080266,133.77926421404683,66.88963210702342,7,4,9,1
ereq_a692b447-1e77-48ff-ab63-ed8cdf6bf506,2026-09-17T22:28:36.534950Z,aaron-gota-ir-coordinated-support-anchor-0916:v1,9cedf3ff-c7ce-4cff-897f-d48b44e049ad,Aaron's Co-play Coach,8,Druid Warden,BlueTeam,4485,700,156.0758082497213,18,1,1,2,100.33444816053512,33.44481605351171,22.296544035674472,1,1,9,1
ereq_a692b447-1e77-48ff-ab63-ed8cdf6bf506,2026-09-17T22:28:36.534950Z,red-kite:v34,a4590ed4-0b0c-4d86-8968-0844796f30e0,Andrew Brower,9,Demon Hunter,BlueTeam,4485,1250,278.70680044593087,44,1,0,1,245.26198439241918,33.44481605351171,0.0,1,1,9,1
ereq_612f1488-4fad-42c9-aba4-f137c5d707cc,2026-09-17T22:28:36.512131Z,james-botts-gota:v13,40d72eea-ac61-44b0-aaf4-7828fbf30170,James Botts,0,Death Knight,RedTeam,20846,1475,70.75697975630817,59,0,0,0,70.75697975630817,0.0,0.0,3,0,76,1
ereq_612f1488-4fad-42c9-aba4-f137c5d707cc,2026-09-17T22:28:36.512131Z,Polyworld GOTA base.bas:v1,e8aed568-d03c-49bf-beaf-68c731f05d26,Andre von Houck,1,Crossbowman,RedTeam,20846,7050,338.19437781828645,64,33,5,7,76.75333397294445,237.4556269787969,23.98541686654514,56,33,76,1
ereq_612f1488-4fad-42c9-aba4-f137c5d707cc,2026-09-17T22:28:36.512131Z,nancy-goa:v1,353b1313-e887-4496-9466-ef3cc016e53e,NanosaurusX,2,Lich,RedTeam,20846,4225,202.67677252230644,49,20,0,11,58.764271323035594,143.91250119927085,0.0,53,20,76,1
ereq_612f1488-4fad-42c9-aba4-f137c5d707cc,2026-09-17T22:28:36.512131Z,relh-gods-of-the-arena:v145,6daf9052-7877-4dc4-b1b3-e03f479b8b55,relh,3,Warlock,RedTeam,20846,5375,257.84323131536024,181,3,4,11,217.06802264223353,21.586875179890626,19.18833349323611,9,3,76,1
ereq_612f1488-4fad-42c9-aba4-f137c5d707cc,2026-09-17T22:28:36.512131Z,gota-g002:v1,a30542cb-54de-4109-92e6-bcabca7db4d8,Alex Smith,4,Berserker,RedTeam,20846,4275,205.07531420896095,63,18,0,14,75.55406312961719,129.52125107934376,0.0,37,17,76,1
ereq_612f1488-4fad-42c9-aba4-f137c5d707cc,2026-09-17T22:28:36.512131Z,Jordan-ply_bcb80069-fb0c-4ba5-a45c-06b647870aeb:v209,7ade377d-0492-4300-91f3-f23d94732a66,Jordan,5,Vanguard Knight,BlueTeam,20846,2425,116.32927180274393,75,3,1,16,89.94531324954427,21.586875179890626,4.797083373309028,6,3,43,0
ereq_612f1488-4fad-42c9-aba4-f137c5d707cc,2026-09-17T22:28:36.512131Z,macromackie-gota:v3,e3a136c1-ad8d-44c7-b9d7-e4c65a3185cf,macromackie,6,Ranger,BlueTeam,20846,7275,348.98781540823177,191,14,4,16,229.06073107550608,100.7387508394896,19.18833349323611,21,14,43,0
ereq_612f1488-4fad-42c9-aba4-f137c5d707cc,2026-09-17T22:28:36.512131Z,gota-codex-side-aware-team-secondary-20260917:v1,a7551ee6-ef55-48f0-81bc-d1ba68ca54c2,daveey-2,7,Arcanist,BlueTeam,20846,2725,130.72052192267103,61,8,0,19,73.15552144296268,57.56500047970834,0.0,10,8,43,0
ereq_612f1488-4fad-42c9-aba4-f137c5d707cc,2026-09-17T22:28:36.512131Z,red-kite:v34,a4590ed4-0b0c-4d86-8968-0844796f30e0,Andrew Brower,8,Druid Warden,BlueTeam,20846,4025,193.0826057756884,75,13,2,7,89.94531324954427,93.54312577952605,9.594166746618056,15,13,43,0
ereq_612f1488-4fad-42c9-aba4-f137c5d707cc,2026-09-17T22:28:36.512131Z,richard-gods-of-the-arena:v78,881a807d-68ab-4a62-9b6c-e98694cf0bc3,richard,9,Demon Hunter,BlueTeam,20846,2725,130.72052192267103,79,5,0,18,94.7423966228533,35.97812529981771,0.0,11,5,43,0
ereq_7ea859f2-2a8e-4481-abef-7dcc8d3441a6,2026-09-17T22:28:36.520398Z,red-kite:v34,a4590ed4-0b0c-4d86-8968-0844796f30e0,Andrew Brower,0,Death Knight,RedTeam,7962,2000,251.19316754584275,56,2,3,2,175.83521728208993,37.67897513187641,37.67897513187641,3,2,19,1
ereq_7ea859f2-2a8e-4481-abef-7dcc8d3441a6,2026-09-17T22:28:36.520398Z,richard-gods-of-the-arena:v78,881a807d-68ab-4a62-9b6c-e98694cf0bc3,richard,1,Crossbowman,RedTeam,7962,1450,182.115046470736,36,3,1,8,113.03692539562924,56.51846269781462,12.559658377292138,8,3,19,1
ereq_7ea859f2-2a8e-4481-abef-7dcc8d3441a6,2026-09-17T22:28:36.520398Z,james-botts-gota:v13,40d72eea-ac61-44b0-aaf4-7828fbf30170,James Botts,2,Lich,RedTeam,7962,2000,251.19316754584275,38,7,0,3,119.3167545842753,131.87641296156744,0.0,13,7,19,1
ereq_7ea859f2-2a8e-4481-abef-7dcc8d3441a6,2026-09-17T22:28:36.520398Z,macromackie-gota:v3,e3a136c1-ad8d-44c7-b9d7-e4c65a3185cf,macromackie,3,Warlock,RedTeam,7962,850,106.75709620698316,12,3,1,7,37.67897513187641,56.51846269781462,12.559658377292138,9,3,19,1
ereq_7ea859f2-2a8e-4481-abef-7dcc8d3441a6,2026-09-17T22:28:36.520398Z,relh-gods-of-the-arena:v145,6daf9052-7877-4dc4-b1b3-e03f479b8b55,relh,4,Berserker,RedTeam,7962,1200,150.71590052750565,28,2,2,5,87.91760864104496,37.67897513187641,25.119316754584275,4,2,19,1
ereq_7ea859f2-2a8e-4481-abef-7dcc8d3441a6,2026-09-17T22:28:36.520398Z,aaron-gota-ir-coordinated-support-anchor-0916:v1,9cedf3ff-c7ce-4cff-897f-d48b44e049ad,Aaron's Co-play Coach,5,Vanguard Knight,BlueTeam,7962,575,72.2180356694298,13,1,1,4,40.818889726199444,18.839487565938207,12.559658377292138,6,1,25,0
ereq_7ea859f2-2a8e-4481-abef-7dcc8d3441a6,2026-09-17T22:28:36.520398Z,gota-g002:v1,a30542cb-54de-4109-92e6-bcabca7db4d8,Alex Smith,6,Ranger,BlueTeam,7962,1600,200.9545340366742,34,5,0,5,106.75709620698316,94.19743782969103,0.0,9,5,25,0
ereq_7ea859f2-2a8e-4481-abef-7dcc8d3441a6,2026-09-17T22:28:36.520398Z,black-kite:v16,d10d7d74-40a7-4f6c-8838-e09729160349,Andrew Brower B,7,Arcanist,BlueTeam,7962,1500,188.39487565938205,30,5,0,1,94.19743782969103,94.19743782969103,0.0,6,5,25,0
ereq_7ea859f2-2a8e-4481-abef-7dcc8d3441a6,2026-09-17T22:28:36.520398Z,Jordan-ply_bcb80069-fb0c-4ba5-a45c-06b647870aeb:v209,7ade377d-0492-4300-91f3-f23d94732a66,Jordan,8,Druid Warden,BlueTeam,7962,2500,313.99145943230343,30,11,1,3,94.19743782969103,207.23436322532027,12.559658377292138,15,11,25,0
ereq_7ea859f2-2a8e-4481-abef-7dcc8d3441a6,2026-09-17T22:28:36.520398Z,aaron-gota-ir-perimeter-blue_repair-0916-aaron:v1,b64f1ccb-02e1-4ad5-b75b-f374222e9e9a,Aaron,9,Demon Hunter,BlueTeam,7962,1225,153.8558151218287,21,2,4,6,65.93820648078372,37.67897513187641,50.23863350916855,7,2,25,0
ereq_dbc2b121-9b3e-4dbf-9821-0bd0d0eef98d,2026-09-17T22:28:36.535669Z,red-kite:v34,a4590ed4-0b0c-4d86-8968-0844796f30e0,Andrew Brower,0,Death Knight,RedTeam,2805,925,329.7682709447415,33,0,1,0,294.11764705882354,0.0,35.650623885918,0,0,4,0
ereq_dbc2b121-9b3e-4dbf-9821-0bd0d0eef98d,2026-09-17T22:28:36.535669Z,Jordan-ply_bcb80069-fb0c-4ba5-a45c-06b647870aeb:v209,7ade377d-0492-4300-91f3-f23d94732a66,Jordan,1,Crossbowman,RedTeam,2805,675,240.64171122994654,17,1,1,0,151.5151515151515,53.475935828877006,35.650623885918,1,1,4,0
ereq_dbc2b121-9b3e-4dbf-9821-0bd0d0eef98d,2026-09-17T22:28:36.535669Z,aaron-gota-ir-coordinated-support-anchor-0916:v1,9cedf3ff-c7ce-4cff-897f-d48b44e049ad,Aaron's Co-play Coach,2,Lich,RedTeam,2805,350,124.77718360071302,2,2,0,2,17.825311942959,106.95187165775401,0.0,2,2,4,0
ereq_dbc2b121-9b3e-4dbf-9821-0bd0d0eef98d,2026-09-17T22:28:36.535669Z,relh-gods-of-the-arena:v145,6daf9052-7877-4dc4-b1b3-e03f479b8b55,relh,3,Warlock,RedTeam,2805,400,142.602495543672,16,0,0,1,142.602495543672,0.0,0.0,0,0,4,0
ereq_dbc2b121-9b3e-4dbf-9821-0bd0d0eef98d,2026-09-17T22:28:36.535669Z,james-botts-gota:v13,40d72eea-ac61-44b0-aaf4-7828fbf30170,James Botts,4,Berserker,RedTeam,2805,0,0.0,0,0,0,0,0.0,0.0,0.0,1,0,4,0
ereq_dbc2b121-9b3e-4dbf-9821-0bd0d0eef98d,2026-09-17T22:28:36.535669Z,gota-vanguard-rally-hold:v1,3ccd4955-3d9c-4c79-a243-e5dc12d650ad,daveey,5,Vanguard Knight,BlueTeam,2805,100,35.650623885918,4,0,0,2,35.650623885918,0.0,0.0,1,0,3,1
ereq_dbc2b121-9b3e-4dbf-9821-0bd0d0eef98d,2026-09-17T22:28:36.535669Z,gota-g003:v2,8cea4626-a0f1-4dd0-b066-58e6bd194ad3,Scott Smith,6,Ranger,BlueTeam,2805,650,231.729055258467,16,1,1,0,142.602495543672,53.475935828877006,35.650623885918,2,1,3,1
ereq_dbc2b121-9b3e-4dbf-9821-0bd0d0eef98d,2026-09-17T22:28:36.535669Z,khors:v1,fa00903c-0ba4-4eec-b20f-4c082550d80f,Andre von Auto,7,Arcanist,BlueTeam,2805,450,160.42780748663102,10,0,2,0,89.12655971479501,0.0,71.301247771836,2,0,3,1
ereq_dbc2b121-9b3e-4dbf-9821-0bd0d0eef98d,2026-09-17T22:28:36.535669Z,richard-gods-of-the-arena:v78,881a807d-68ab-4a62-9b6c-e98694cf0bc3,richard,8,Druid Warden,BlueTeam,2805,375,133.6898395721925,1,1,2,1,8.9126559714795,53.475935828877006,71.301247771836,1,1,3,1
ereq_dbc2b121-9b3e-4dbf-9821-0bd0d0eef98d,2026-09-17T22:28:36.535669Z,black-kite:v16,d10d7d74-40a7-4f6c-8838-e09729160349,Andrew Brower B,9,Demon Hunter,BlueTeam,2805,300,106.95187165775401,12,0,0,1,106.95187165775401,0.0,0.0,0,0,3,1
ereq_1056c9ba-3d0b-42f3-b722-d3da489c3912,2026-09-17T22:28:36.532884Z,james-botts-gota:v13,40d72eea-ac61-44b0-aaf4-7828fbf30170,James Botts,0,Death Knight,RedTeam,7672,750,97.75808133472367,30,0,0,1,97.75808133472367,0.0,0.0,7,0,26,0
ereq_1056c9ba-3d0b-42f3-b722-d3da489c3912,2026-09-17T22:28:36.532884Z,aaron-gota-ir-perimeter-blue_repair-0916-aaron:v1,b64f1ccb-02e1-4ad5-b75b-f374222e9e9a,Aaron,1,Crossbowman,RedTeam,7672,3225,420.3597497393118,57,10,3,1,185.74035453597497,195.51616266944734,39.10323253388947,12,10,26,0
ereq_1056c9ba-3d0b-42f3-b722-d3da489c3912,2026-09-17T22:28:36.532884Z,gota-vanguard-rally-hold:v1,3ccd4955-3d9c-4c79-a243-e5dc12d650ad,daveey,2,Lich,RedTeam,7672,3000,391.0323253388947,68,8,1,5,221.58498435870698,156.41293013555787,13.034410844629823,12,8,26,0
ereq_1056c9ba-3d0b-42f3-b722-d3da489c3912,2026-09-17T22:28:36.532884Z,gota-g003:v2,8cea4626-a0f1-4dd0-b066-58e6bd194ad3,Scott Smith,3,Warlock,RedTeam,7672,1175,153.1543274244004,29,3,0,5,94.49947862356622,58.6548488008342,0.0,13,3,26,0
ereq_1056c9ba-3d0b-42f3-b722-d3da489c3912,2026-09-17T22:28:36.532884Z,Jordan-ply_bcb80069-fb0c-4ba5-a45c-06b647870aeb:v209,7ade377d-0492-4300-91f3-f23d94732a66,Jordan,4,Berserker,RedTeam,7672,1450,188.99895724713244,30,4,1,2,97.75808133472367,78.20646506777894,13.034410844629823,10,4,26,0
ereq_1056c9ba-3d0b-42f3-b722-d3da489c3912,2026-09-17T22:28:36.532884Z,gota-codex-side-aware-team-secondary-20260917:v1,a7551ee6-ef55-48f0-81bc-d1ba68ca54c2,daveey-2,5,Vanguard Knight,BlueTeam,7672,475,61.91345151199166,13,1,0,5,42.361835245046926,19.551616266944734,0.0,3,1,14,1
ereq_1056c9ba-3d0b-42f3-b722-d3da489c3912,2026-09-17T22:28:36.532884Z,macromackie-gota:v3,e3a136c1-ad8d-44c7-b9d7-e4c65a3185cf,macromackie,6,Ranger,BlueTeam,7672,875,114.05109489051095,11,4,0,5,35.84462982273201,78.20646506777894,0.0,4,4,14,1
ereq_1056c9ba-3d0b-42f3-b722-d3da489c3912,2026-09-17T22:28:36.532884Z,relh-gods-of-the-arena:v145,6daf9052-7877-4dc4-b1b3-e03f479b8b55,relh,7,Arcanist,BlueTeam,7672,2250,293.274244004171,62,4,1,8,202.03336809176224,78.20646506777894,13.034410844629823,4,4,14,1
ereq_1056c9ba-3d0b-42f3-b722-d3da489c3912,2026-09-17T22:28:36.532884Z,richard-gods-of-the-arena:v78,881a807d-68ab-4a62-9b6c-e98694cf0bc3,richard,8,Druid Warden,BlueTeam,7672,675,87.9822732012513,15,2,0,5,48.879040667361835,39.10323253388947,0.0,2,2,14,1
ereq_1056c9ba-3d0b-42f3-b722-d3da489c3912,2026-09-17T22:28:36.532884Z,aaron-gota-ir-coordinated-support-anchor-0916:v1,9cedf3ff-c7ce-4cff-897f-d48b44e049ad,Aaron's Co-play Coach,9,Demon Hunter,BlueTeam,7672,2475,322.6016684045881,51,2,9,3,166.18873826903024,39.10323253388947,117.3096976016684,6,2,14,1
ereq_a954d997-80da-48ab-9755-a4311f2299e4,2026-09-17T22:28:36.531546Z,richard-gods-of-the-arena:v78,881a807d-68ab-4a62-9b6c-e98694cf0bc3,richard,0,Death Knight,RedTeam,8702,925,106.29740289588601,21,2,1,5,60.330958400367734,34.4748333716387,11.491611123879569,8,2,24,1
ereq_a954d997-80da-48ab-9755-a4311f2299e4,2026-09-17T22:28:36.531546Z,Jordan-ply_bcb80069-fb0c-4ba5-a45c-06b647870aeb:v209,7ade377d-0492-4300-91f3-f23d94732a66,Jordan,1,Crossbowman,RedTeam,8702,4600,528.6141116984601,72,14,7,0,206.84900022983223,241.32383360147094,80.44127786715697,17,14,24,1
ereq_a954d997-80da-48ab-9755-a4311f2299e4,2026-09-17T22:28:36.531546Z,Polyworld GOTA base.bas:v1,e8aed568-d03c-49bf-beaf-68c731f05d26,Andre von Houck,2,Lich,RedTeam,8702,1250,143.6451390484946,40,1,1,6,114.91611123879568,17.23741668581935,11.491611123879569,6,1,24,1
ereq_a954d997-80da-48ab-9755-a4311f2299e4,2026-09-17T22:28:36.531546Z,gota-g002:v1,a30542cb-54de-4109-92e6-bcabca7db4d8,Alex Smith,3,Warlock,RedTeam,8702,425,48.83934727648816,11,1,0,10,31.60193059066881,17.23741668581935,0.0,6,1,24,1
ereq_a954d997-80da-48ab-9755-a4311f2299e4,2026-09-17T22:28:36.531546Z,gota-codex-side-aware-team-secondary-20260917:v1,a7551ee6-ef55-48f0-81bc-d1ba68ca54c2,daveey-2,4,Berserker,RedTeam,8702,1875,215.4677085727419,45,5,0,5,129.28062514364515,86.18708342909676,0.0,8,5,24,1
ereq_a954d997-80da-48ab-9755-a4311f2299e4,2026-09-17T22:28:36.531546Z,gota-g003:v2,8cea4626-a0f1-4dd0-b066-58e6bd194ad3,Scott Smith,5,Vanguard Knight,BlueTeam,8702,1200,137.8993334865548,18,3,3,6,51.71225005745806,51.71225005745806,34.4748333716387,13,3,26,0
ereq_a954d997-80da-48ab-9755-a4311f2299e4,2026-09-17T22:28:36.531546Z,black-kite:v16,d10d7d74-40a7-4f6c-8838-e09729160349,Andrew Brower B,6,Ranger,BlueTeam,8702,4250,488.39347276488166,78,14,2,3,224.08641691565157,241.32383360147094,22.983222247759137,15,14,26,0
ereq_a954d997-80da-48ab-9755-a4311f2299e4,2026-09-17T22:28:36.531546Z,khors:v1,fa00903c-0ba4-4eec-b20f-4c082550d80f,Andre von Auto,7,Arcanist,BlueTeam,8702,1800,206.84900022983223,32,6,1,5,91.93288899103655,103.42450011491611,11.491611123879569,14,6,26,0
ereq_a954d997-80da-48ab-9755-a4311f2299e4,2026-09-17T22:28:36.531546Z,james-botts-gota:v13,40d72eea-ac61-44b0-aaf4-7828fbf30170,James Botts,8,Druid Warden,BlueTeam,8702,1875,215.4677085727419,75,0,0,0,215.4677085727419,0.0,0.0,0,0,26,0
ereq_a954d997-80da-48ab-9755-a4311f2299e4,2026-09-17T22:28:36.531546Z,gota-vanguard-rally-hold:v1,3ccd4955-3d9c-4c79-a243-e5dc12d650ad,daveey,9,Demon Hunter,BlueTeam,8702,950,109.17030567685589,22,2,1,10,63.20386118133762,34.4748333716387,11.491611123879569,5,2,26,0
ereq_87059c84-2e40-456f-8aac-2703315429f7,2026-09-17T22:28:36.528036Z,aaron-gota-ir-perimeter-blue_repair-0916-aaron:v1,b64f1ccb-02e1-4ad5-b75b-f374222e9e9a,Aaron,0,Death Knight,RedTeam,8809,1675,190.14644113974344,33,3,4,3,93.65421727778408,51.084118515154955,45.408105346804405,5,3,20,0
ereq_87059c84-2e40-456f-8aac-2703315429f7,2026-09-17T22:28:36.528036Z,black-kite:v16,d10d7d74-40a7-4f6c-8838-e09729160349,Andrew Brower B,1,Crossbowman,RedTeam,8809,2225,252.5825859915995,57,4,2,2,161.7663752979907,68.1121580202066,22.704052673402202,7,4,20,0
ereq_87059c84-2e40-456f-8aac-2703315429f7,2026-09-17T22:28:36.528036Z,gota-g003:v2,8cea4626-a0f1-4dd0-b066-58e6bd194ad3,Scott Smith,2,Lich,RedTeam,8809,3300,374.61686911113634,84,8,0,6,238.39255307072312,136.2243160404132,0.0,10,8,20,0
ereq_87059c84-2e40-456f-8aac-2703315429f7,2026-09-17T22:28:36.528036Z,james-botts-gota:v13,40d72eea-ac61-44b0-aaf4-7828fbf30170,James Botts,3,Warlock,RedTeam,8809,1025,116.35826995118629,41,0,0,2,116.35826995118629,0.0,0.0,3,0,20,0
ereq_87059c84-2e40-456f-8aac-2703315429f7,2026-09-17T22:28:36.528036Z,relh-gods-of-the-arena:v145,6daf9052-7877-4dc4-b1b3-e03f479b8b55,relh,4,Berserker,RedTeam,8809,2100,238.39255307072312,60,4,0,2,170.28039505051652,68.1121580202066,0.0,6,4,20,0
ereq_87059c84-2e40-456f-8aac-2703315429f7,2026-09-17T22:28:36.528036Z,red-kite:v34,a4590ed4-0b0c-4d86-8968-0844796f30e0,Andrew Brower,5,Vanguard Knight,BlueTeam,8809,850,96.49222386195936,28,1,0,4,79.46418435690771,17.02803950505165,0.0,3,1,15,1
ereq_87059c84-2e40-456f-8aac-2703315429f7,2026-09-17T22:28:36.528036Z,Jordan-ply_bcb80069-fb0c-4ba5-a45c-06b647870aeb:v209,7ade377d-0492-4300-91f3-f23d94732a66,Jordan,6,Ranger,BlueTeam,8809,2600,295.15268475422863,80,2,3,1,227.04052673402202,34.0560790101033,34.0560790101033,3,2,15,1
ereq_87059c84-2e40-456f-8aac-2703315429f7,2026-09-17T22:28:36.528036Z,richard-gods-of-the-arena:v78,881a807d-68ab-4a62-9b6c-e98694cf0bc3,richard,7,Arcanist,BlueTeam,8809,1325,150.4143489612896,41,2,0,7,116.35826995118629,34.0560790101033,0.0,6,2,15,1
ereq_87059c84-2e40-456f-8aac-2703315429f7,2026-09-17T22:28:36.528036Z,aaron-gota-ir-coordinated-support-anchor-0916:v1,9cedf3ff-c7ce-4cff-897f-d48b44e049ad,Aaron's Co-play Coach,8,Druid Warden,BlueTeam,8809,1925,218.5265069814962,37,4,4,3,105.00624361448519,68.1121580202066,45.408105346804405,6,4,15,1
ereq_87059c84-2e40-456f-8aac-2703315429f7,2026-09-17T22:28:36.528036Z,Polyworld GOTA base.bas:v1,e8aed568-d03c-49bf-beaf-68c731f05d26,Andre von Houck,9,Demon Hunter,BlueTeam,8809,2100,238.39255307072312,46,5,2,5,130.54830287206266,85.14019752525826,22.704052673402202,7,5,15,1
ereq_310c7102-5c24-449d-a809-423194b7d80c,2026-09-17T22:28:36.515565Z,gota-g002:v1,a30542cb-54de-4109-92e6-bcabca7db4d8,Alex Smith,0,Death Knight,RedTeam,11917,1175,98.5986405974658,29,3,0,8,60.83745909205337,37.76118150541244,0.0,10,3,29,0
ereq_310c7102-5c24-449d-a809-423194b7d80c,2026-09-17T22:28:36.515565Z,gota-vanguard-rally-hold:v1,3ccd4955-3d9c-4c79-a243-e5dc12d650ad,daveey,1,Crossbowman,RedTeam,11917,1475,123.7727616010741,31,4,1,2,65.03314592598808,50.348242007216584,8.39137366786943,12,4,29,0
ereq_310c7102-5c24-449d-a809-423194b7d80c,2026-09-17T22:28:36.515565Z,gota-g003:v2,8cea4626-a0f1-4dd0-b066-58e6bd194ad3,Scott Smith,2,Lich,RedTeam,11917,1850,155.24041285558445,32,5,3,3,67.13098934295544,62.93530250902073,25.174121003608292,10,5,29,0
ereq_310c7102-5c24-449d-a809-423194b7d80c,2026-09-17T22:28:36.515565Z,black-kite:v16,d10d7d74-40a7-4f6c-8838-e09729160349,Andrew Brower B,3,Warlock,RedTeam,11917,3625,304.18729546026685,105,6,1,9,220.27355878157255,75.52236301082488,8.39137366786943,6,6,29,0
ereq_310c7102-5c24-449d-a809-423194b7d80c,2026-09-17T22:28:36.515565Z,gota-codex-side-aware-team-secondary-20260917:v1,a7551ee6-ef55-48f0-81bc-d1ba68ca54c2,daveey-2,4,Berserker,RedTeam,11917,4050,339.8506335487119,96,11,0,9,201.39296802886633,138.4576655198456,0.0,14,11,29,0
ereq_310c7102-5c24-449d-a809-423194b7d80c,2026-09-17T22:28:36.515565Z,james-botts-gota:v13,40d72eea-ac61-44b0-aaf4-7828fbf30170,James Botts,5,Vanguard Knight,BlueTeam,11917,2125,178.3166904422254,79,1,0,2,165.72962994042123,12.587060501804146,0.0,4,1,31,1
ereq_310c7102-5c24-449d-a809-423194b7d80c,2026-09-17T22:28:36.515565Z,aaron-gota-ir-coordinated-support-anchor-0916:v1,9cedf3ff-c7ce-4cff-897f-d48b44e049ad,Aaron's Co-play Coach,6,Ranger,BlueTeam,11917,5550,465.72123856675336,76,21,5,4,159.43609968951918,264.3282705378871,41.95686833934715,21,21,31,1
ereq_310c7102-5c24-449d-a809-423194b7d80c,2026-09-17T22:28:36.515565Z,richard-gods-of-the-arena:v78,881a807d-68ab-4a62-9b6c-e98694cf0bc3,richard,7,Arcanist,BlueTeam,11917,2600,218.1757153646052,72,4,2,10,151.04472602164975,50.348242007216584,16.78274733573886,8,4,31,1
ereq_310c7102-5c24-449d-a809-423194b7d80c,2026-09-17T22:28:36.515565Z,red-kite:v34,a4590ed4-0b0c-4d86-8968-0844796f30e0,Andrew Brower,8,Druid Warden,BlueTeam,11917,300,25.174121003608292,12,0,0,5,25.174121003608292,0.0,0.0,5,0,31,1
ereq_310c7102-5c24-449d-a809-423194b7d80c,2026-09-17T22:28:36.515565Z,Jordan-ply_bcb80069-fb0c-4ba5-a45c-06b647870aeb:v209,7ade377d-0492-4300-91f3-f23d94732a66,Jordan,9,Demon Hunter,BlueTeam,11917,625,52.44608542418394,19,1,0,8,39.859024922379795,12.587060501804146,0.0,3,1,31,1
ereq_166cb1bf-f907-400e-a47b-33a2088235b6,2026-09-17T22:28:36.530763Z,daf-gota-v1:v1,e7d1ba41-3be1-4785-815d-b3c9ad8f46b9,docxology,0,Death Knight,RedTeam,20106,1850,92.01233462647966,62,2,0,16,77.09141549786133,14.920919128618323,0.0,9,2,38,0
ereq_166cb1bf-f907-400e-a47b-33a2088235b6,2026-09-17T22:28:36.530763Z,Polyworld GOTA base.bas:v1,e8aed568-d03c-49bf-beaf-68c731f05d26,Andre von Houck,1,Crossbowman,RedTeam,20106,4325,215.10991743758083,115,9,1,14,142.99214164925894,67.14413607878245,4.973639709539441,18,9,38,0
ereq_166cb1bf-f907-400e-a47b-33a2088235b6,2026-09-17T22:28:36.530763Z,gota-g002:v1,a30542cb-54de-4109-92e6-bcabca7db4d8,Alex Smith,2,Lich,RedTeam,20106,2725,135.53168208494978,61,8,0,18,75.84800557047647,59.68367651447329,0.0,14,8,38,0
ereq_166cb1bf-f907-400e-a47b-33a2088235b6,2026-09-17T22:28:36.530763Z,macromackie-gota:v3,e3a136c1-ad8d-44c7-b9d7-e4c65a3185cf,macromackie,3,Warlock,RedTeam,20106,2450,121.8541728837163,62,6,0,10,77.09141549786133,44.76275738585497,0.0,11,6,38,0
ereq_166cb1bf-f907-400e-a47b-33a2088235b6,2026-09-17T22:28:36.530763Z,aaron-gota-ir-perimeter-blue_repair-0916-aaron:v1,b64f1ccb-02e1-4ad5-b75b-f374222e9e9a,Aaron,4,Berserker,RedTeam,20106,4850,241.22152591266288,98,12,6,9,121.8541728837163,89.52551477170994,29.841838257236645,13,12,38,0
ereq_166cb1bf-f907-400e-a47b-33a2088235b6,2026-09-17T22:28:36.530763Z,red-kite:v34,a4590ed4-0b0c-4d86-8968-0844796f30e0,Andrew Brower,5,Vanguard Knight,BlueTeam,20106,875,43.51934745847011,19,2,1,8,23.624788620312344,14.920919128618323,4.973639709539441,13,2,67,1
ereq_166cb1bf-f907-400e-a47b-33a2088235b6,2026-09-17T22:28:36.530763Z,black-kite:v16,d10d7d74-40a7-4f6c-8838-e09729160349,Andrew Brower B,6,Ranger,BlueTeam,20106,7850,390.43071719884614,128,29,3,5,159.1564707052621,216.35332736496568,14.920919128618323,30,29,67,1
ereq_166cb1bf-f907-400e-a47b-33a2088235b6,2026-09-17T22:28:36.530763Z,james-botts-gota:v13,40d72eea-ac61-44b0-aaf4-7828fbf30170,James Botts,7,Arcanist,BlueTeam,20106,4275,212.6230975828111,111,10,0,1,138.0185019397195,74.60459564309161,0.0,20,10,67,1
ereq_166cb1bf-f907-400e-a47b-33a2088235b6,2026-09-17T22:28:36.530763Z,aaron-gota-ir-coordinated-support-anchor-0916:v1,9cedf3ff-c7ce-4cff-897f-d48b44e049ad,Aaron's Co-play Coach,8,Druid Warden,BlueTeam,20106,2450,121.8541728837163,74,4,0,9,92.01233462647966,29.841838257236645,0.0,16,4,67,1
ereq_166cb1bf-f907-400e-a47b-33a2088235b6,2026-09-17T22:28:36.530763Z,khors:v1,fa00903c-0ba4-4eec-b20f-4c082550d80f,Andre von Auto,9,Demon Hunter,BlueTeam,20106,7100,353.1284193773003,164,20,0,15,203.91922809111708,149.20919128618323,0.0,31,20,67,1
ereq_16c431d9-0089-4129-9ded-ceab86294770,2026-09-17T22:28:36.522577Z,gota-vanguard-rally-hold:v1,3ccd4955-3d9c-4c79-a243-e5dc12d650ad,daveey,0,Death Knight,RedTeam,12679,1425,112.39056707942267,39,3,0,11,76.89880905434183,35.49175802508084,0.0,11,3,28,0
ereq_16c431d9-0089-4129-9ded-ceab86294770,2026-09-17T22:28:36.522577Z,aaron-gota-ir-coordinated-support-anchor-0916:v1,9cedf3ff-c7ce-4cff-897f-d48b44e049ad,Aaron's Co-play Coach,1,Crossbowman,RedTeam,12679,4250,335.1999369035413,76,13,4,4,149.85408943923022,153.79761810868365,31.548229355627416,13,13,28,0
ereq_16c431d9-0089-4129-9ded-ceab86294770,2026-09-17T22:28:36.522577Z,macromackie-gota:v3,e3a136c1-ad8d-44c7-b9d7-e4c65a3185cf,macromackie,2,Lich,RedTeam,12679,3650,287.87759287010016,104,7,0,9,205.0634908115782,82.81410205852197,0.0,11,7,28,0
ereq_16c431d9-0089-4129-9ded-ceab86294770,2026-09-17T22:28:36.522577Z,gota-g002:v1,a30542cb-54de-4109-92e6-bcabca7db4d8,Alex Smith,3,Warlock,RedTeam,12679,1025,80.84233772379525,17,4,0,16,33.51999369035413,47.32234403344113,0.0,8,4,28,0
ereq_16c431d9-0089-4129-9ded-ceab86294770,2026-09-17T22:28:36.522577Z,aaron-gota-ir-perimeter-blue_repair-0916-aaron:v1,b64f1ccb-02e1-4ad5-b75b-f374222e9e9a,Aaron,4,Berserker,RedTeam,12679,1550,122.24938875305624,62,0,0,7,122.24938875305624,0.0,0.0,5,0,28,0
ereq_16c431d9-0089-4129-9ded-ceab86294770,2026-09-17T22:28:36.522577Z,james-botts-gota:v13,40d72eea-ac61-44b0-aaf4-7828fbf30170,James Botts,5,Vanguard Knight,BlueTeam,12679,850,67.03998738070825,34,0,0,5,67.03998738070825,0.0,0.0,8,0,47,1
ereq_16c431d9-0089-4129-9ded-ceab86294770,2026-09-17T22:28:36.522577Z,Jordan-ply_bcb80069-fb0c-4ba5-a45c-06b647870aeb:v209,7ade377d-0492-4300-91f3-f23d94732a66,Jordan,6,Ranger,BlueTeam,12679,6350,500.82814102058524,88,25,4,4,173.5152614559508,295.764650209007,31.548229355627416,28,25,47,1
ereq_16c431d9-0089-4129-9ded-ceab86294770,2026-09-17T22:28:36.522577Z,gota-g003:v2,8cea4626-a0f1-4dd0-b066-58e6bd194ad3,Scott Smith,7,Arcanist,BlueTeam,12679,3975,313.5105292215474,99,10,0,7,195.20466913794462,118.30586008360281,0.0,11,10,47,1
ereq_16c431d9-0089-4129-9ded-ceab86294770,2026-09-17T22:28:36.522577Z,gota-codex-side-aware-team-secondary-20260917:v1,a7551ee6-ef55-48f0-81bc-d1ba68ca54c2,daveey-2,8,Druid Warden,BlueTeam,12679,1325,104.50350974051581,41,0,3,5,80.84233772379525,0.0,23.661172016720563,2,0,47,1
ereq_16c431d9-0089-4129-9ded-ceab86294770,2026-09-17T22:28:36.522577Z,red-kite:v34,a4590ed4-0b0c-4d86-8968-0844796f30e0,Andrew Brower,9,Demon Hunter,BlueTeam,12679,1900,149.85408943923022,24,8,1,7,47.32234403344113,94.64468806688225,7.887057338906854,15,8,47,1
ereq_c2d6fdd9-ad47-4b27-b23a-b19fea3138f7,2026-09-17T22:28:36.514898Z,red-kite:v34,a4590ed4-0b0c-4d86-8968-0844796f30e0,Andrew Brower,0,Death Knight,RedTeam,6434,825,128.22505439850792,33,0,0,9,128.22505439850792,0.0,0.0,2,0,12,0
ereq_c2d6fdd9-ad47-4b27-b23a-b19fea3138f7,2026-09-17T22:28:36.514898Z,aaron-gota-ir-coordinated-support-anchor-0916:v1,9cedf3ff-c7ce-4cff-897f-d48b44e049ad,Aaron's Co-play Coach,1,Crossbowman,RedTeam,6434,1350,209.82281628846752,26,4,1,2,101.02580043518806,93.25458501709667,15.54243083618278,5,4,12,0
ereq_c2d6fdd9-ad47-4b27-b23a-b19fea3138f7,2026-09-17T22:28:36.514898Z,gota-codex-side-aware-team-secondary-20260917:v1,a7551ee6-ef55-48f0-81bc-d1ba68ca54c2,daveey-2,2,Lich,RedTeam,6434,1650,256.45010879701584,36,5,0,7,139.88187752564502,116.56823127137085,0.0,5,4,12,0
ereq_c2d6fdd9-ad47-4b27-b23a-b19fea3138f7,2026-09-17T22:28:36.514898Z,relh-gods-of-the-arena:v145,6daf9052-7877-4dc4-b1b3-e03f479b8b55,relh,3,Warlock,RedTeam,6434,1075,167.08113148896487,23,2,2,1,89.36897730805097,46.62729250854834,31.08486167236556,3,1,12,0
ereq_c2d6fdd9-ad47-4b27-b23a-b19fea3138f7,2026-09-17T22:28:36.514898Z,james-botts-gota:v13,40d72eea-ac61-44b0-aaf4-7828fbf30170,James Botts,4,Berserker,RedTeam,6434,400,62.16972334473112,16,0,0,1,62.16972334473112,0.0,0.0,0,0,12,0
ereq_c2d6fdd9-ad47-4b27-b23a-b19fea3138f7,2026-09-17T22:28:36.514898Z,Polyworld GOTA base.bas:v1,e8aed568-d03c-49bf-beaf-68c731f05d26,Andre von Houck,5,Vanguard Knight,BlueTeam,6434,650,101.02580043518806,12,1,2,3,46.62729250854834,23.31364625427417,31.08486167236556,4,1,20,1
ereq_c2d6fdd9-ad47-4b27-b23a-b19fea3138f7,2026-09-17T22:28:36.514898Z,black-kite:v16,d10d7d74-40a7-4f6c-8838-e09729160349,Andrew Brower B,6,Ranger,BlueTeam,6434,2775,431.30245570407214,55,8,2,0,213.70842399751322,186.50917003419335,31.08486167236556,10,8,20,1
ereq_c2d6fdd9-ad47-4b27-b23a-b19fea3138f7,2026-09-17T22:28:36.514898Z,gota-g003:v2,8cea4626-a0f1-4dd0-b066-58e6bd194ad3,Scott Smith,7,Arcanist,BlueTeam,6434,2950,458.501709667392,64,7,3,1,248.67889337892447,163.19552377991917,46.62729250854834,10,7,20,1
ereq_c2d6fdd9-ad47-4b27-b23a-b19fea3138f7,2026-09-17T22:28:36.514898Z,richard-gods-of-the-arena:v78,881a807d-68ab-4a62-9b6c-e98694cf0bc3,richard,8,Druid Warden,BlueTeam,6434,500,77.7121541809139,14,1,0,4,54.398507926639724,23.31364625427417,0.0,3,1,20,1
ereq_c2d6fdd9-ad47-4b27-b23a-b19fea3138f7,2026-09-17T22:28:36.514898Z,gota-g002:v1,a30542cb-54de-4109-92e6-bcabca7db4d8,Alex Smith,9,Demon Hunter,BlueTeam,6434,725,112.68262356232515,7,3,1,4,27.199253963319862,69.94093876282251,15.54243083618278,5,3,20,1
ereq_3af089d2-f2de-4ee5-b477-81f1a95ab304,2026-09-17T22:28:36.529431Z,daf-gota-v1:v1,e7d1ba41-3be1-4785-815d-b3c9ad8f46b9,docxology,0,Death Knight,RedTeam,6165,1525,247.36415247364152,37,4,0,3,150.0405515004055,97.32360097323601,0.0,6,4,29,1
ereq_3af089d2-f2de-4ee5-b477-81f1a95ab304,2026-09-17T22:28:36.529431Z,aaron-gota-ir-perimeter-blue_repair-0916-aaron:v1,b64f1ccb-02e1-4ad5-b75b-f374222e9e9a,Aaron,1,Crossbowman,RedTeam,6165,3925,636.6585563665856,21,20,4,0,85.15815085158151,486.61800486618006,64.882400648824,20,20,29,1
ereq_3af089d2-f2de-4ee5-b477-81f1a95ab304,2026-09-17T22:28:36.529431Z,gota-g002:v1,a30542cb-54de-4109-92e6-bcabca7db4d8,Alex Smith,2,Lich,RedTeam,6165,2175,352.7980535279805,45,5,3,3,182.4817518248175,121.65450121654501,48.661800486618006,7,5,29,1
ereq_3af089d2-f2de-4ee5-b477-81f1a95ab304,2026-09-17T22:28:36.529431Z,macromackie-gota:v3,e3a136c1-ad8d-44c7-b9d7-e4c65a3185cf,macromackie,3,Warlock,RedTeam,6165,375,60.82725060827251,11,0,1,3,44.6066504460665,0.0,16.220600162206,4,0,29,1
ereq_3af089d2-f2de-4ee5-b477-81f1a95ab304,2026-09-17T22:28:36.529431Z,aaron-gota-ir-coordinated-support-anchor-0916:v1,9cedf3ff-c7ce-4cff-897f-d48b44e049ad,Aaron's Co-play Coach,4,Berserker,RedTeam,6165,650,105.43390105433902,26,0,0,2,105.43390105433902,0.0,0.0,3,0,29,1
ereq_3af089d2-f2de-4ee5-b477-81f1a95ab304,2026-09-17T22:28:36.529431Z,james-botts-gota:v13,40d72eea-ac61-44b0-aaf4-7828fbf30170,James Botts,5,Vanguard Knight,BlueTeam,6165,150,24.330900243309003,6,0,0,6,24.330900243309003,0.0,0.0,3,0,11,0
ereq_3af089d2-f2de-4ee5-b477-81f1a95ab304,2026-09-17T22:28:36.529431Z,black-kite:v16,d10d7d74-40a7-4f6c-8838-e09729160349,Andrew Brower B,6,Ranger,BlueTeam,6165,1850,300.081103000811,56,3,0,1,227.08840227088402,72.99270072992701,0.0,3,3,11,0
ereq_3af089d2-f2de-4ee5-b477-81f1a95ab304,2026-09-17T22:28:36.529431Z,richard-gods-of-the-arena:v78,881a807d-68ab-4a62-9b6c-e98694cf0bc3,richard,7,Arcanist,BlueTeam,6165,1475,239.25385239253853,37,3,1,7,150.0405515004055,72.99270072992701,16.220600162206,4,3,11,0
ereq_3af089d2-f2de-4ee5-b477-81f1a95ab304,2026-09-17T22:28:36.529431Z,Polyworld GOTA base.bas:v1,e8aed568-d03c-49bf-beaf-68c731f05d26,Andre von Houck,8,Druid Warden,BlueTeam,6165,625,101.37875101378751,15,1,1,7,60.82725060827251,24.330900243309003,16.220600162206,5,1,11,0
ereq_3af089d2-f2de-4ee5-b477-81f1a95ab304,2026-09-17T22:28:36.529431Z,Jordan-ply_bcb80069-fb0c-4ba5-a45c-06b647870aeb:v209,7ade377d-0492-4300-91f3-f23d94732a66,Jordan,9,Demon Hunter,BlueTeam,6165,650,105.43390105433902,14,2,0,8,56.772100567721004,48.661800486618006,0.0,2,2,11,0
ereq_c8b6bda3-9dac-408b-8aaa-c9f329cf2416,2026-09-17T23:46:27.112078Z,black-kite:v16,d10d7d74-40a7-4f6c-8838-e09729160349,Andrew Brower B,0,Death Knight,RedTeam,10451,2675,255.95636781169267,83,4,0,5,198.5455937230887,57.41077408860396,0.0,9,4,23,1
ereq_c8b6bda3-9dac-408b-8aaa-c9f329cf2416,2026-09-17T23:46:27.112078Z,khors:v1,fa00903c-0ba4-4eec-b20f-4c082550d80f,Andre von Auto,1,Crossbowman,RedTeam,10451,2025,193.76136254903838,45,6,0,10,107.64520141613242,86.11616113290594,0.0,8,6,23,1
ereq_c8b6bda3-9dac-408b-8aaa-c9f329cf2416,2026-09-17T23:46:27.112078Z,gota-vanguard-rally-hold:v1,3ccd4955-3d9c-4c79-a243-e5dc12d650ad,daveey,2,Lich,RedTeam,10451,1700,162.66385991771122,44,4,0,10,105.25308582910726,57.41077408860396,0.0,10,4,23,1
ereq_c8b6bda3-9dac-408b-8aaa-c9f329cf2416,2026-09-17T23:46:27.112078Z,relh-gods-of-the-arena:v154,99ff8b49-8bb6-4ee2-9204-ff24a8efda4e,relh,3,Warlock,RedTeam,10451,1250,119.60577935125825,40,1,1,6,95.6846234810066,14.35269352215099,9.56846234810066,4,1,23,1
ereq_c8b6bda3-9dac-408b-8aaa-c9f329cf2416,2026-09-17T23:46:27.112078Z,aaron-gota-ir-coordinated-support-anchor-0916:v1,9cedf3ff-c7ce-4cff-897f-d48b44e049ad,Aaron's Co-play Coach,4,Berserker,RedTeam,10451,1925,184.19290020093771,29,6,3,6,69.37135202372978,86.11616113290594,28.70538704430198,6,6,23,1
ereq_c8b6bda3-9dac-408b-8aaa-c9f329cf2416,2026-09-17T23:46:27.112078Z,gota-g003:v2,8cea4626-a0f1-4dd0-b066-58e6bd194ad3,Scott Smith,5,Vanguard Knight,BlueTeam,10451,2625,251.17213663764232,51,9,0,4,121.99789493828342,129.1742416993589,0.0,15,9,37,0
ereq_c8b6bda3-9dac-408b-8aaa-c9f329cf2416,2026-09-17T23:46:27.112078Z,red-kite:v34,a4590ed4-0b0c-4d86-8968-0844796f30e0,Andrew Brower,6,Ranger,BlueTeam,10451,4425,423.4044589034542,97,12,2,3,232.03521194144102,172.2323222658119,19.13692469620132,13,12,37,0
ereq_c8b6bda3-9dac-408b-8aaa-c9f329cf2416,2026-09-17T23:46:27.112078Z,james-botts-gota:v13,40d72eea-ac61-44b0-aaf4-7828fbf30170,James Botts,7,Arcanist,BlueTeam,10451,1775,169.84020667878673,65,1,0,0,155.48751315663574,14.35269352215099,0.0,16,1,37,0
ereq_c8b6bda3-9dac-408b-8aaa-c9f329cf2416,2026-09-17T23:46:27.112078Z,nancy-goa:v2,2777766f-4931-4fd9-83f2-44a3f509ede1,NanosaurusX,8,Druid Warden,BlueTeam,10451,1400,133.95847287340925,28,4,1,6,66.97923643670462,57.41077408860396,9.56846234810066,12,4,37,0
ereq_c8b6bda3-9dac-408b-8aaa-c9f329cf2416,2026-09-17T23:46:27.112078Z,gota-g002:v1,a30542cb-54de-4109-92e6-bcabca7db4d8,Alex Smith,9,Demon Hunter,BlueTeam,10451,2075,198.5455937230887,29,9,0,10,69.37135202372978,129.1742416993589,0.0,10,9,37,0
ereq_0e2e8471-7c60-4c20-a503-40d06ce59e8e,2026-09-17T23:46:27.127612Z,gota-g003:v2,8cea4626-a0f1-4dd0-b066-58e6bd194ad3,Scott Smith,0,Death Knight,RedTeam,6045,1675,277.0885028949545,33,5,1,1,136.47642679900744,124.06947890818859,16.542597187758478,9,5,18,1
ereq_0e2e8471-7c60-4c20-a503-40d06ce59e8e,2026-09-17T23:46:27.127612Z,aaron-gota-ir-perimeter-blue_repair-0916-aaron:v1,b64f1ccb-02e1-4ad5-b75b-f374222e9e9a,Aaron,1,Crossbowman,RedTeam,6045,1625,268.81720430107526,39,3,2,1,161.29032258064515,74.44168734491315,33.085194375516956,3,3,18,1
ereq_0e2e8471-7c60-4c20-a503-40d06ce59e8e,2026-09-17T23:46:27.127612Z,relh-gods-of-the-arena:v154,99ff8b49-8bb6-4ee2-9204-ff24a8efda4e,relh,2,Lich,RedTeam,6045,1575,260.545905707196,39,2,3,1,161.29032258064515,49.62779156327544,49.62779156327544,3,2,18,1
ereq_0e2e8471-7c60-4c20-a503-40d06ce59e8e,2026-09-17T23:46:27.127612Z,gota-g002:v1,a30542cb-54de-4109-92e6-bcabca7db4d8,Alex Smith,3,Warlock,RedTeam,6045,1325,219.18941273779984,23,5,0,2,95.11993382961126,124.06947890818859,0.0,8,5,18,1
ereq_0e2e8471-7c60-4c20-a503-40d06ce59e8e,2026-09-17T23:46:27.127612Z,khors:v1,fa00903c-0ba4-4eec-b20f-4c082550d80f,Andre von Auto,4,Berserker,RedTeam,6045,625,103.3912324234905,19,1,0,2,78.57733664185277,24.81389578163772,0.0,6,1,18,1
ereq_0e2e8471-7c60-4c20-a503-40d06ce59e8e,2026-09-17T23:46:27.127612Z,macromackie-gota:v4,1a78a3f9-8112-4c2c-831a-f0ffee8dbacc,macromackie,5,Vanguard Knight,BlueTeam,6045,375,62.03473945409429,15,0,0,3,62.03473945409429,0.0,0.0,0,0,7,0
ereq_0e2e8471-7c60-4c20-a503-40d06ce59e8e,2026-09-17T23:46:27.127612Z,black-kite:v16,d10d7d74-40a7-4f6c-8838-e09729160349,Andrew Brower B,6,Ranger,BlueTeam,6045,1750,289.49545078577336,54,2,1,3,223.32506203473946,49.62779156327544,16.542597187758478,3,2,7,0
ereq_0e2e8471-7c60-4c20-a503-40d06ce59e8e,2026-09-17T23:46:27.127612Z,james-botts-gota:v13,40d72eea-ac61-44b0-aaf4-7828fbf30170,James Botts,7,Arcanist,BlueTeam,6045,700,115.79818031430935,22,1,0,1,90.98428453267162,24.81389578163772,0.0,3,1,7,0
ereq_0e2e8471-7c60-4c20-a503-40d06ce59e8e,2026-09-17T23:46:27.127612Z,red-kite:v34,a4590ed4-0b0c-4d86-8968-0844796f30e0,Andrew Brower,8,Druid Warden,BlueTeam,6045,1150,190.2398676592225,42,0,1,3,173.697270471464,0.0,16.542597187758478,1,0,7,0
ereq_0e2e8471-7c60-4c20-a503-40d06ce59e8e,2026-09-17T23:46:27.127612Z,richard-gods-of-the-arena:v78,881a807d-68ab-4a62-9b6c-e98694cf0bc3,richard,9,Demon Hunter,BlueTeam,6045,775,128.2051282051282,23,0,2,8,95.11993382961126,0.0,33.085194375516956,1,0,7,0
ereq_3882d9f1-1bf3-411d-bc81-b8cc902e6492,2026-09-17T23:46:27.103075Z,black-kite:v16,d10d7d74-40a7-4f6c-8838-e09729160349,Andrew Brower B,0,Death Knight,RedTeam,28800,3275,113.71527777777777,89,7,0,18,77.25694444444444,36.458333333333336,0.0,23,7,76,0
ereq_3882d9f1-1bf3-411d-bc81-b8cc902e6492,2026-09-17T23:46:27.103075Z,red-kite:v34,a4590ed4-0b0c-4d86-8968-0844796f30e0,Andrew Brower,1,Crossbowman,RedTeam,28800,7675,266.49305555555554,93,35,1,17,80.72916666666667,182.29166666666666,3.4722222222222223,53,35,76,0
ereq_3882d9f1-1bf3-411d-bc81-b8cc902e6492,2026-09-17T23:46:27.103075Z,richard-gods-of-the-arena:v78,881a807d-68ab-4a62-9b6c-e98694cf0bc3,richard,2,Lich,RedTeam,28800,6100,211.80555555555554,144,16,1,20,125.0,83.33333333333333,3.4722222222222223,35,16,76,0
ereq_3882d9f1-1bf3-411d-bc81-b8cc902e6492,2026-09-17T23:46:27.103075Z,aaron-gota-ir-coordinated-support-anchor-0916:v1,9cedf3ff-c7ce-4cff-897f-d48b44e049ad,Aaron's Co-play Coach,3,Warlock,RedTeam,28800,6300,218.75,178,9,5,13,154.51388888888889,46.875,17.36111111111111,10,9,76,0
ereq_3882d9f1-1bf3-411d-bc81-b8cc902e6492,2026-09-17T23:46:27.103075Z,aaron-gota-ir-perimeter-blue_repair-0916-aaron:v1,b64f1ccb-02e1-4ad5-b75b-f374222e9e9a,Aaron,4,Berserker,RedTeam,28800,6550,227.43055555555554,214,8,0,12,185.76388888888889,41.666666666666664,0.0,9,8,76,0
ereq_3882d9f1-1bf3-411d-bc81-b8cc902e6492,2026-09-17T23:46:27.103075Z,james-botts-gota:v13,40d72eea-ac61-44b0-aaf4-7828fbf30170,James Botts,5,Vanguard Knight,BlueTeam,28800,5300,184.02777777777777,200,2,0,3,173.61111111111111,10.416666666666666,0.0,13,2,80,0
ereq_3882d9f1-1bf3-411d-bc81-b8cc902e6492,2026-09-17T23:46:27.103075Z,Polyworld GOTA base.bas:v1,e8aed568-d03c-49bf-beaf-68c731f05d26,Andre von Houck,6,Ranger,BlueTeam,28800,10675,370.65972222222223,195,38,1,15,169.27083333333334,197.91666666666666,3.4722222222222223,61,38,80,0
ereq_3882d9f1-1bf3-411d-bc81-b8cc902e6492,2026-09-17T23:46:27.103075Z,gota-vanguard-rally-hold:v1,3ccd4955-3d9c-4c79-a243-e5dc12d650ad,daveey,7,Arcanist,BlueTeam,28800,4075,141.49305555555554,81,13,1,16,70.3125,67.70833333333333,3.4722222222222223,39,13,80,0
ereq_3882d9f1-1bf3-411d-bc81-b8cc902e6492,2026-09-17T23:46:27.103075Z,gota-codex-side-aware-team-secondary-20260917:v1,a7551ee6-ef55-48f0-81bc-d1ba68ca54c2,daveey-2,8,Druid Warden,BlueTeam,28800,4975,172.74305555555554,157,7,0,21,136.28472222222223,36.458333333333336,0.0,18,7,80,0
ereq_3882d9f1-1bf3-411d-bc81-b8cc902e6492,2026-09-17T23:46:27.103075Z,khors:v1,fa00903c-0ba4-4eec-b20f-4c082550d80f,Andre von Auto,9,Demon Hunter,BlueTeam,28800,5900,204.86111111111111,140,16,0,21,121.52777777777777,83.33333333333333,0.0,38,16,80,0
ereq_f2b75dc9-2d76-4c4b-8348-c8a245494346,2026-09-17T23:46:27.113480Z,gota-vanguard-rally-hold:v1,3ccd4955-3d9c-4c79-a243-e5dc12d650ad,daveey,0,Death Knight,RedTeam,26311,3400,129.22351868039982,60,12,1,14,57.010375888411694,68.41245106609404,3.800691725894113,26,12,94,1
ereq_f2b75dc9-2d76-4c4b-8348-c8a245494346,2026-09-17T23:46:27.113480Z,aaron-gota-ir-coordinated-support-anchor-0916:v1,9cedf3ff-c7ce-4cff-897f-d48b44e049ad,Aaron's Co-play Coach,1,Crossbowman,RedTeam,26311,9625,365.8165786173083,157,32,9,8,149.17715024134392,182.4332028429174,34.20622553304702,35,32,94,1
ereq_f2b75dc9-2d76-4c4b-8348-c8a245494346,2026-09-17T23:46:27.113480Z,gota-g003:v2,8cea4626-a0f1-4dd0-b066-58e6bd194ad3,Scott Smith,2,Lich,RedTeam,26311,6025,228.99167648512028,113,20,2,11,107.36954125650868,114.02075177682339,7.601383451788226,30,20,94,1
ereq_f2b75dc9-2d76-4c4b-8348-c8a245494346,2026-09-17T23:46:27.113480Z,aaron-gota-ir-perimeter-blue_repair-0916-aaron:v1,b64f1ccb-02e1-4ad5-b75b-f374222e9e9a,Aaron,3,Warlock,RedTeam,26311,7175,272.6996313329026,211,10,4,8,200.48648854091445,57.010375888411694,15.202766903576451,16,10,94,1
ereq_f2b75dc9-2d76-4c4b-8348-c8a245494346,2026-09-17T23:46:27.113480Z,gota-codex-side-aware-team-secondary-20260917:v1,a7551ee6-ef55-48f0-81bc-d1ba68ca54c2,daveey-2,4,Berserker,RedTeam,26311,5050,191.9349321576527,100,17,0,19,95.01729314735282,96.91763901029988,0.0,24,17,94,1
ereq_f2b75dc9-2d76-4c4b-8348-c8a245494346,2026-09-17T23:46:27.113480Z,Jordan-ply_bcb80069-fb0c-4ba5-a45c-06b647870aeb:v218,f1cf890b-42d5-4cca-98cc-782774a7e9a7,Jordan,5,Vanguard Knight,BlueTeam,26311,2475,94.06712021587929,53,7,1,26,50.359165368096996,39.907263121888185,3.800691725894113,15,7,60,0
ereq_f2b75dc9-2d76-4c4b-8348-c8a245494346,2026-09-17T23:46:27.113480Z,khors:v1,fa00903c-0ba4-4eec-b20f-4c082550d80f,Andre von Auto,6,Ranger,BlueTeam,26311,11325,430.4283379575083,215,39,1,15,204.28718026680855,222.3404659648056,3.800691725894113,46,38,60,0
ereq_f2b75dc9-2d76-4c4b-8348-c8a245494346,2026-09-17T23:46:27.113480Z,red-kite:v34,a4590ed4-0b0c-4d86-8968-0844796f30e0,Andrew Brower,7,Arcanist,BlueTeam,26311,7525,286.00205237353197,259,7,0,22,246.0947892516438,39.907263121888185,0.0,7,7,60,0
ereq_f2b75dc9-2d76-4c4b-8348-c8a245494346,2026-09-17T23:46:27.113480Z,gota-g002:v1,a30542cb-54de-4109-92e6-bcabca7db4d8,Alex Smith,8,Druid Warden,BlueTeam,26311,2100,79.81452624377637,54,5,0,24,51.30933829957052,28.505187944205847,0.0,19,5,60,0
ereq_f2b75dc9-2d76-4c4b-8348-c8a245494346,2026-09-17T23:46:27.113480Z,james-botts-gota:v13,40d72eea-ac61-44b0-aaf4-7828fbf30170,James Botts,9,Demon Hunter,BlueTeam,26311,6150,233.74254114248794,246,0,0,7,233.74254114248794,0.0,0.0,6,0,60,0
ereq_2875526a-96b5-40f4-b517-23623863a413,2026-09-17T23:46:27.121422Z,james-botts-gota:v13,40d72eea-ac61-44b0-aaf4-7828fbf30170,James Botts,0,Death Knight,RedTeam,4306,325,75.47607988852764,7,1,0,1,40.64096609382257,34.835113794705066,0.0,3,1,13,0
ereq_2875526a-96b5-40f4-b517-23623863a413,2026-09-17T23:46:27.121422Z,aaron-gota-ir-perimeter-blue_repair-0916-aaron:v1,b64f1ccb-02e1-4ad5-b75b-f374222e9e9a,Aaron,1,Crossbowman,RedTeam,4306,1700,394.7979563399907,38,3,3,0,220.6223873664654,104.50534138411518,69.67022758941013,5,3,13,0
ereq_2875526a-96b5-40f4-b517-23623863a413,2026-09-17T23:46:27.121422Z,nancy-goa:v2,2777766f-4931-4fd9-83f2-44a3f509ede1,NanosaurusX,2,Lich,RedTeam,4306,425,98.69948908499768,11,1,0,0,63.864375290292614,34.835113794705066,0.0,7,1,13,0
ereq_2875526a-96b5-40f4-b517-23623863a413,2026-09-17T23:46:27.121422Z,gota-vanguard-rally-hold:v1,3ccd4955-3d9c-4c79-a243-e5dc12d650ad,daveey,3,Warlock,RedTeam,4306,775,179.98142127264282,11,2,2,3,63.864375290292614,69.67022758941013,46.44681839294008,6,2,13,0
ereq_2875526a-96b5-40f4-b517-23623863a413,2026-09-17T23:46:27.121422Z,gota-g002:v1,a30542cb-54de-4109-92e6-bcabca7db4d8,Alex Smith,4,Berserker,RedTeam,4306,1650,383.1862517417557,18,6,3,1,104.50534138411518,209.01068276823037,69.67022758941013,9,6,13,0
ereq_2875526a-96b5-40f4-b517-23623863a413,2026-09-17T23:46:27.121422Z,red-kite:v34,a4590ed4-0b0c-4d86-8968-0844796f30e0,Andrew Brower,5,Vanguard Knight,BlueTeam,4306,1000,232.2340919647004,26,1,2,0,150.95215977705527,34.835113794705066,46.44681839294008,2,1,5,1
ereq_2875526a-96b5-40f4-b517-23623863a413,2026-09-17T23:46:27.121422Z,macromackie-gota:v4,1a78a3f9-8112-4c2c-831a-f0ffee8dbacc,macromackie,6,Ranger,BlueTeam,4306,450,104.50534138411518,12,1,0,1,69.67022758941013,34.835113794705066,0.0,2,1,5,1
ereq_2875526a-96b5-40f4-b517-23623863a413,2026-09-17T23:46:27.121422Z,aaron-gota-ir-coordinated-support-anchor-0916:v1,9cedf3ff-c7ce-4cff-897f-d48b44e049ad,Aaron's Co-play Coach,7,Arcanist,BlueTeam,4306,650,150.95215977705527,12,1,2,1,69.67022758941013,34.835113794705066,46.44681839294008,3,1,5,1
ereq_2875526a-96b5-40f4-b517-23623863a413,2026-09-17T23:46:27.121422Z,khors:v1,fa00903c-0ba4-4eec-b20f-4c082550d80f,Andre von Auto,8,Druid Warden,BlueTeam,4306,625,145.14630747793777,19,1,0,4,110.3111936832327,34.835113794705066,0.0,2,1,5,1
ereq_2875526a-96b5-40f4-b517-23623863a413,2026-09-17T23:46:27.121422Z,richard-gods-of-the-arena:v78,881a807d-68ab-4a62-9b6c-e98694cf0bc3,richard,9,Demon Hunter,BlueTeam,4306,575,133.53460287970273,17,1,0,7,98.69948908499768,34.835113794705066,0.0,1,1,5,1
ereq_4becb4c1-0353-4447-b712-f6f9b0b990a4,2026-09-17T23:46:27.122123Z,richard-gods-of-the-arena:v78,881a807d-68ab-4a62-9b6c-e98694cf0bc3,richard,0,Death Knight,RedTeam,6974,400,57.355893318038426,16,0,0,6,57.355893318038426,0.0,0.0,3,0,15,1
ereq_4becb4c1-0353-4447-b712-f6f9b0b990a4,2026-09-17T23:46:27.122123Z,james-botts-gota:v13,40d72eea-ac61-44b0-aaf4-7828fbf30170,James Botts,1,Crossbowman,RedTeam,6974,2575,369.2285632348724,73,5,0,1,261.6862632635503,107.54229997132205,0.0,5,5,15,1
ereq_4becb4c1-0353-4447-b712-f6f9b0b990a4,2026-09-17T23:46:27.122123Z,aaron-gota-ir-perimeter-blue_repair-0916-aaron:v1,b64f1ccb-02e1-4ad5-b75b-f374222e9e9a,Aaron,2,Lich,RedTeam,6974,2825,405.0759965586464,63,5,5,1,225.8388299397763,107.54229997132205,71.69486664754804,5,5,15,1
ereq_4becb4c1-0353-4447-b712-f6f9b0b990a4,2026-09-17T23:46:27.122123Z,red-kite:v34,a4590ed4-0b0c-4d86-8968-0844796f30e0,Andrew Brower,3,Warlock,RedTeam,6974,1025,146.97447662747348,19,3,1,7,68.11012331517064,64.52537998279323,14.338973329509606,6,3,15,1
ereq_4becb4c1-0353-4447-b712-f6f9b0b990a4,2026-09-17T23:46:27.122123Z,Jordan-ply_bcb80069-fb0c-4ba5-a45c-06b647870aeb:v218,f1cf890b-42d5-4cca-98cc-782774a7e9a7,Jordan,4,Berserker,RedTeam,6974,850,121.88127330083167,28,1,0,6,100.37281330656725,21.50845999426441,0.0,3,1,15,1
ereq_4becb4c1-0353-4447-b712-f6f9b0b990a4,2026-09-17T23:46:27.122123Z,gota-g002:v1,a30542cb-54de-4109-92e6-bcabca7db4d8,Alex Smith,5,Vanguard Knight,BlueTeam,6974,475,68.11012331517064,7,2,0,3,25.093203326641813,43.01691998852882,0.0,10,2,21,0
ereq_4becb4c1-0353-4447-b712-f6f9b0b990a4,2026-09-17T23:46:27.122123Z,relh-gods-of-the-arena:v154,99ff8b49-8bb6-4ee2-9204-ff24a8efda4e,relh,6,Ranger,BlueTeam,6974,725,103.95755663894465,29,0,0,7,103.95755663894465,0.0,0.0,0,0,21,0
ereq_4becb4c1-0353-4447-b712-f6f9b0b990a4,2026-09-17T23:46:27.122123Z,aaron-gota-ir-coordinated-support-anchor-0916:v1,9cedf3ff-c7ce-4cff-897f-d48b44e049ad,Aaron's Co-play Coach,7,Arcanist,BlueTeam,6974,1950,279.60997992543736,30,4,6,1,107.54229997132205,86.03383997705764,86.03383997705764,6,4,21,0
ereq_4becb4c1-0353-4447-b712-f6f9b0b990a4,2026-09-17T23:46:27.122123Z,gota-g003:v2,8cea4626-a0f1-4dd0-b066-58e6bd194ad3,Scott Smith,8,Druid Warden,BlueTeam,6974,850,121.88127330083167,18,2,1,1,64.52537998279323,43.01691998852882,14.338973329509606,13,2,21,0
ereq_4becb4c1-0353-4447-b712-f6f9b0b990a4,2026-09-17T23:46:27.122123Z,macromackie-gota:v4,1a78a3f9-8112-4c2c-831a-f0ffee8dbacc,macromackie,9,Demon Hunter,BlueTeam,6974,3325,476.77086320619446,61,10,3,3,218.6693432750215,215.0845999426441,43.01691998852882,15,10,21,0
ereq_b53e7c72-6fcb-45db-9e52-3512fdca26bf,2026-09-17T23:46:27.118551Z,gota-g003:v2,8cea4626-a0f1-4dd0-b066-58e6bd194ad3,Scott Smith,0,Death Knight,RedTeam,7999,1650,206.27578447305913,38,2,4,2,118.76484560570071,37.50468808601075,50.00625078134767,13,2,33,1
ereq_b53e7c72-6fcb-45db-9e52-3512fdca26bf,2026-09-17T23:46:27.118551Z,khors:v1,fa00903c-0ba4-4eec-b20f-4c082550d80f,Andre von Auto,1,Crossbowman,RedTeam,7999,1875,234.4043005375672,25,5,5,2,78.13476684585574,93.76172021502688,62.50781347668458,16,5,33,1
ereq_b53e7c72-6fcb-45db-9e52-3512fdca26bf,2026-09-17T23:46:27.118551Z,black-kite:v16,d10d7d74-40a7-4f6c-8838-e09729160349,Andrew Brower B,2,Lich,RedTeam,7999,3325,415.67695961995247,65,10,2,1,203.1503937992249,187.52344043005377,25.003125390673834,11,10,33,1
ereq_b53e7c72-6fcb-45db-9e52-3512fdca26bf,2026-09-17T23:46:27.118551Z,richard-gods-of-the-arena:v78,881a807d-68ab-4a62-9b6c-e98694cf0bc3,richard,3,Warlock,RedTeam,7999,1425,178.14726840855107,23,5,1,4,71.88398549818727,93.76172021502688,12.501562695336917,8,5,33,1
ereq_b53e7c72-6fcb-45db-9e52-3512fdca26bf,2026-09-17T23:46:27.118551Z,gota-g002:v1,a30542cb-54de-4109-92e6-bcabca7db4d8,Alex Smith,4,Berserker,RedTeam,7999,2675,334.41680210026254,53,9,0,4,165.64570571321414,168.77109638704837,0.0,14,9,33,1
ereq_b53e7c72-6fcb-45db-9e52-3512fdca26bf,2026-09-17T23:46:27.118551Z,daf-gota-v1:v1,e7d1ba41-3be1-4785-815d-b3c9ad8f46b9,docxology,5,Vanguard Knight,BlueTeam,7999,1450,181.2726590823853,40,3,0,9,125.01562695336916,56.257032129016125,0.0,8,3,13,0
ereq_b53e7c72-6fcb-45db-9e52-3512fdca26bf,2026-09-17T23:46:27.118551Z,james-botts-gota:v13,40d72eea-ac61-44b0-aaf4-7828fbf30170,James Botts,6,Ranger,BlueTeam,7999,1725,215.65195649456183,69,0,0,1,215.65195649456183,0.0,0.0,3,0,13,0
ereq_b53e7c72-6fcb-45db-9e52-3512fdca26bf,2026-09-17T23:46:27.118551Z,Polyworld GOTA base.bas:v1,e8aed568-d03c-49bf-beaf-68c731f05d26,Andre von Houck,7,Arcanist,BlueTeam,7999,1150,143.76797099637454,22,4,0,10,68.75859482435304,75.0093761720215,0.0,8,4,13,0
ereq_b53e7c72-6fcb-45db-9e52-3512fdca26bf,2026-09-17T23:46:27.118551Z,macromackie-gota:v4,1a78a3f9-8112-4c2c-831a-f0ffee8dbacc,macromackie,8,Druid Warden,BlueTeam,7999,500,62.50781347668458,20,0,0,6,62.50781347668458,0.0,0.0,4,0,13,0
ereq_b53e7c72-6fcb-45db-9e52-3512fdca26bf,2026-09-17T23:46:27.118551Z,Jordan-ply_bcb80069-fb0c-4ba5-a45c-06b647870aeb:v218,f1cf890b-42d5-4cca-98cc-782774a7e9a7,Jordan,9,Demon Hunter,BlueTeam,7999,1000,125.01562695336916,28,2,0,7,87.51093886735842,37.50468808601075,0.0,4,2,13,0
ereq_e3d62aa5-f34e-48dd-9476-2299aa8d961a,2026-09-17T23:46:27.104641Z,khors:v1,fa00903c-0ba4-4eec-b20f-4c082550d80f,Andre von Auto,0,Death Knight,RedTeam,10313,450,43.634248036458835,12,1,0,4,29.089498690972558,14.544749345486279,0.0,9,1,27,0
ereq_e3d62aa5-f34e-48dd-9476-2299aa8d961a,2026-09-17T23:46:27.104641Z,daf-gota-v1:v1,e7d1ba41-3be1-4785-815d-b3c9ad8f46b9,docxology,1,Crossbowman,RedTeam,10313,2800,271.50198778241054,68,6,2,3,164.84049258217783,87.26849607291767,19.39299912731504,14,6,27,0
ereq_e3d62aa5-f34e-48dd-9476-2299aa8d961a,2026-09-17T23:46:27.104641Z,richard-gods-of-the-arena:v78,881a807d-68ab-4a62-9b6c-e98694cf0bc3,richard,2,Lich,RedTeam,10313,3025,293.31911180064,53,10,2,3,128.47861921846214,145.4474934548628,19.39299912731504,13,10,27,0
ereq_e3d62aa5-f34e-48dd-9476-2299aa8d961a,2026-09-17T23:46:27.104641Z,macromackie-gota:v4,1a78a3f9-8112-4c2c-831a-f0ffee8dbacc,macromackie,3,Warlock,RedTeam,10313,1625,157.5681179094347,47,3,0,5,113.93386987297586,43.634248036458835,0.0,10,3,27,0
ereq_e3d62aa5-f34e-48dd-9476-2299aa8d961a,2026-09-17T23:46:27.104641Z,games-bond-gota:v6,58af3f96-f479-4fc3-b777-276e53f48b06,Games Bond,4,Berserker,RedTeam,10313,1225,118.78211965480462,19,5,0,6,46.05837292737322,72.7237467274314,0.0,10,5,27,0
ereq_e3d62aa5-f34e-48dd-9476-2299aa8d961a,2026-09-17T23:46:27.104641Z,aaron-gota-ir-perimeter-blue_repair-0916-aaron:v1,b64f1ccb-02e1-4ad5-b75b-f374222e9e9a,Aaron,5,Vanguard Knight,BlueTeam,10313,875,84.8443711820033,5,5,0,7,12.1206244545719,72.7237467274314,0.0,9,5,21,1
ereq_e3d62aa5-f34e-48dd-9476-2299aa8d961a,2026-09-17T23:46:27.104641Z,gota-g002:v1,a30542cb-54de-4109-92e6-bcabca7db4d8,Alex Smith,6,Ranger,BlueTeam,10313,1275,123.63036943663337,39,2,0,8,94.54087074566081,29.089498690972558,0.0,4,2,21,1
ereq_e3d62aa5-f34e-48dd-9476-2299aa8d961a,2026-09-17T23:46:27.104641Z,james-botts-gota:v13,40d72eea-ac61-44b0-aaf4-7828fbf30170,James Botts,7,Arcanist,BlueTeam,10313,2825,273.92611267332495,71,7,0,4,172.11286725492099,101.81324541840395,0.0,14,7,21,1
ereq_e3d62aa5-f34e-48dd-9476-2299aa8d961a,2026-09-17T23:46:27.104641Z,red-kite:v34,a4590ed4-0b0c-4d86-8968-0844796f30e0,Andrew Brower,8,Druid Warden,BlueTeam,10313,1475,143.02336856394842,53,1,0,4,128.47861921846214,14.544749345486279,0.0,1,1,21,1
ereq_e3d62aa5-f34e-48dd-9476-2299aa8d961a,2026-09-17T23:46:27.104641Z,aaron-gota-ir-coordinated-support-anchor-0916:v1,9cedf3ff-c7ce-4cff-897f-d48b44e049ad,Aaron's Co-play Coach,9,Demon Hunter,BlueTeam,10313,2600,252.10898865509552,50,5,6,4,121.206244545719,72.7237467274314,58.178997381945116,7,5,21,1
ereq_cddaa2a7-998c-472e-a830-de7922926b36,2026-09-17T23:46:27.122807Z,black-kite:v16,d10d7d74-40a7-4f6c-8838-e09729160349,Andrew Brower B,0,Death Knight,RedTeam,6558,1175,179.17047880451358,35,2,0,6,133.42482464165903,45.74565416285453,0.0,3,2,12,0
ereq_cddaa2a7-998c-472e-a830-de7922926b36,2026-09-17T23:46:27.122807Z,gota-codex-side-aware-team-secondary-20260917:v1,a7551ee6-ef55-48f0-81bc-d1ba68ca54c2,daveey-2,1,Crossbowman,RedTeam,6558,100,15.248551387618177,4,0,0,0,15.248551387618177,0.0,0.0,0,0,12,0
ereq_cddaa2a7-998c-472e-a830-de7922926b36,2026-09-17T23:46:27.122807Z,james-botts-gota:v13,40d72eea-ac61-44b0-aaf4-7828fbf30170,James Botts,2,Lich,RedTeam,6558,1175,179.17047880451358,35,2,0,6,133.42482464165903,45.74565416285453,0.0,6,2,12,0
ereq_cddaa2a7-998c-472e-a830-de7922926b36,2026-09-17T23:46:27.122807Z,relh-gods-of-the-arena:v154,99ff8b49-8bb6-4ee2-9204-ff24a8efda4e,relh,3,Warlock,RedTeam,6558,1675,255.41323574260446,47,2,2,3,179.17047880451358,45.74565416285453,30.497102775236353,2,2,12,0
ereq_cddaa2a7-998c-472e-a830-de7922926b36,2026-09-17T23:46:27.122807Z,aaron-gota-ir-coordinated-support-anchor-0916:v1,9cedf3ff-c7ce-4cff-897f-d48b44e049ad,Aaron's Co-play Coach,4,Berserker,RedTeam,6558,925,141.04910033546813,25,2,0,2,95.3034461726136,45.74565416285453,0.0,3,2,12,0
ereq_cddaa2a7-998c-472e-a830-de7922926b36,2026-09-17T23:46:27.122807Z,red-kite:v34,a4590ed4-0b0c-4d86-8968-0844796f30e0,Andrew Brower,5,Vanguard Knight,BlueTeam,6558,1500,228.72827081427263,54,1,0,1,205.85544373284537,22.872827081427264,0.0,3,1,17,1
ereq_cddaa2a7-998c-472e-a830-de7922926b36,2026-09-17T23:46:27.122807Z,richard-gods-of-the-arena:v78,881a807d-68ab-4a62-9b6c-e98694cf0bc3,richard,6,Ranger,BlueTeam,6558,3700,564.1964013418725,60,12,4,2,228.72827081427263,274.4739249771272,60.99420555047271,14,12,17,1
ereq_cddaa2a7-998c-472e-a830-de7922926b36,2026-09-17T23:46:27.122807Z,macromackie-gota:v4,1a78a3f9-8112-4c2c-831a-f0ffee8dbacc,macromackie,7,Arcanist,BlueTeam,6558,1025,156.29765172308632,33,0,2,2,125.80054894784996,0.0,30.497102775236353,3,0,17,1
ereq_cddaa2a7-998c-472e-a830-de7922926b36,2026-09-17T23:46:27.122807Z,gota-g003:v2,8cea4626-a0f1-4dd0-b066-58e6bd194ad3,Scott Smith,8,Druid Warden,BlueTeam,6558,500,76.24275693809088,14,1,0,3,53.36992985666362,22.872827081427264,0.0,6,1,17,1
ereq_cddaa2a7-998c-472e-a830-de7922926b36,2026-09-17T23:46:27.122807Z,gota-g002:v1,a30542cb-54de-4109-92e6-bcabca7db4d8,Alex Smith,9,Demon Hunter,BlueTeam,6558,425,64.80634339737725,5,2,0,4,19.06068923452272,45.74565416285453,0.0,6,2,17,1
ereq_d27064cc-7fbe-4a5e-8d57-d4f7f50f8aa1,2026-09-17T23:46:27.102383Z,red-kite:v34,a4590ed4-0b0c-4d86-8968-0844796f30e0,Andrew Brower,0,Death Knight,RedTeam,6188,1025,165.6431803490627,23,3,0,8,92.92178409825469,72.72139625080801,0.0,5,3,14,0
ereq_d27064cc-7fbe-4a5e-8d57-d4f7f50f8aa1,2026-09-17T23:46:27.102383Z,black-kite:v16,d10d7d74-40a7-4f6c-8838-e09729160349,Andrew Brower B,1,Crossbowman,RedTeam,6188,2800,452.4886877828054,72,6,1,5,290.88558500323205,145.44279250161603,16.160310277957336,6,6,14,0
ereq_d27064cc-7fbe-4a5e-8d57-d4f7f50f8aa1,2026-09-17T23:46:27.102383Z,aaron-gota-ir-coordinated-support-anchor-0916:v1,9cedf3ff-c7ce-4cff-897f-d48b44e049ad,Aaron's Co-play Coach,2,Lich,RedTeam,6188,1125,181.80349062702004,19,3,2,1,76.76147382029735,72.72139625080801,32.32062055591467,4,3,14,0
ereq_d27064cc-7fbe-4a5e-8d57-d4f7f50f8aa1,2026-09-17T23:46:27.102383Z,aaron-gota-ir-perimeter-blue_repair-0916-aaron:v1,b64f1ccb-02e1-4ad5-b75b-f374222e9e9a,Aaron,3,Warlock,RedTeam,6188,725,117.1622495151907,11,1,3,1,44.440853264382675,24.240465416936004,48.48093083387201,4,1,14,0
ereq_d27064cc-7fbe-4a5e-8d57-d4f7f50f8aa1,2026-09-17T23:46:27.102383Z,james-botts-gota:v13,40d72eea-ac61-44b0-aaf4-7828fbf30170,James Botts,4,Berserker,RedTeam,6188,325,52.52100840336134,13,0,0,0,52.52100840336134,0.0,0.0,5,0,14,0
ereq_d27064cc-7fbe-4a5e-8d57-d4f7f50f8aa1,2026-09-17T23:46:27.102383Z,relh-gods-of-the-arena:v154,99ff8b49-8bb6-4ee2-9204-ff24a8efda4e,relh,5,Vanguard Knight,BlueTeam,6188,400,64.64124111182934,12,0,1,3,48.48093083387201,0.0,16.160310277957336,3,0,15,1
ereq_d27064cc-7fbe-4a5e-8d57-d4f7f50f8aa1,2026-09-17T23:46:27.102383Z,Jordan-ply_bcb80069-fb0c-4ba5-a45c-06b647870aeb:v218,f1cf890b-42d5-4cca-98cc-782774a7e9a7,Jordan,6,Ranger,BlueTeam,6188,1975,319.1661279896574,31,6,3,1,125.24240465416936,145.44279250161603,48.48093083387201,9,6,15,1
ereq_d27064cc-7fbe-4a5e-8d57-d4f7f50f8aa1,2026-09-17T23:46:27.102383Z,gota-g002:v1,a30542cb-54de-4109-92e6-bcabca7db4d8,Alex Smith,7,Arcanist,BlueTeam,6188,1500,242.40465416936004,26,5,1,2,105.04201680672269,121.20232708468002,16.160310277957336,8,5,15,1
ereq_d27064cc-7fbe-4a5e-8d57-d4f7f50f8aa1,2026-09-17T23:46:27.102383Z,macromackie-gota:v4,1a78a3f9-8112-4c2c-831a-f0ffee8dbacc,macromackie,8,Druid Warden,BlueTeam,6188,325,52.52100840336134,13,0,0,3,52.52100840336134,0.0,0.0,5,0,15,1
ereq_d27064cc-7fbe-4a5e-8d57-d4f7f50f8aa1,2026-09-17T23:46:27.102383Z,Polyworld GOTA base.bas:v1,e8aed568-d03c-49bf-beaf-68c731f05d26,Andre von Houck,9,Demon Hunter,BlueTeam,6188,1775,286.84550743374274,35,4,3,5,141.40271493212668,96.96186166774402,48.48093083387201,9,4,15,1
ereq_06264276-4904-441e-b9f3-8fe95ec6b3a1,2026-09-17T23:46:27.125399Z,Jordan-ply_bcb80069-fb0c-4ba5-a45c-06b647870aeb:v218,f1cf890b-42d5-4cca-98cc-782774a7e9a7,Jordan,0,Death Knight,RedTeam,8409,2050,243.78641931264121,48,5,1,2,142.70424545130217,89.19015340706386,11.892020454275182,13,4,31,0
ereq_06264276-4904-441e-b9f3-8fe95ec6b3a1,2026-09-17T23:46:27.125399Z,gota-codex-side-aware-team-secondary-20260917:v1,a7551ee6-ef55-48f0-81bc-d1ba68ca54c2,daveey-2,1,Crossbowman,RedTeam,8409,2975,353.78760851468667,53,11,0,3,157.56927101914616,196.21833749554048,0.0,16,10,31,0
ereq_06264276-4904-441e-b9f3-8fe95ec6b3a1,2026-09-17T23:46:27.125399Z,aaron-gota-ir-coordinated-support-anchor-0916:v1,9cedf3ff-c7ce-4cff-897f-d48b44e049ad,Aaron's Co-play Coach,2,Lich,RedTeam,8409,2575,306.21952669758593,53,5,5,3,157.56927101914616,89.19015340706386,59.46010227137591,8,5,31,0
ereq_06264276-4904-441e-b9f3-8fe95ec6b3a1,2026-09-17T23:46:27.125399Z,gota-g002:v1,a30542cb-54de-4109-92e6-bcabca7db4d8,Alex Smith,3,Warlock,RedTeam,8409,1325,157.56927101914616,13,6,1,3,38.64906647639434,107.02818408847664,11.892020454275182,15,6,31,0
ereq_06264276-4904-441e-b9f3-8fe95ec6b3a1,2026-09-17T23:46:27.125399Z,james-botts-gota:v13,40d72eea-ac61-44b0-aaf4-7828fbf30170,James Botts,4,Berserker,RedTeam,8409,1150,136.7582352241646,46,0,0,2,136.7582352241646,0.0,0.0,2,0,31,0
ereq_06264276-4904-441e-b9f3-8fe95ec6b3a1,2026-09-17T23:46:27.125399Z,aaron-gota-ir-perimeter-blue_repair-0916-aaron:v1,b64f1ccb-02e1-4ad5-b75b-f374222e9e9a,Aaron,5,Vanguard Knight,BlueTeam,8409,2125,252.7054346533476,39,5,4,2,115.94719942918302,89.19015340706386,47.568081817100726,5,5,13,1
ereq_06264276-4904-441e-b9f3-8fe95ec6b3a1,2026-09-17T23:46:27.125399Z,relh-gods-of-the-arena:v154,99ff8b49-8bb6-4ee2-9204-ff24a8efda4e,relh,6,Ranger,BlueTeam,8409,1825,217.02937329052207,55,3,0,7,163.51528124628373,53.51409204423832,0.0,7,3,13,1
ereq_06264276-4904-441e-b9f3-8fe95ec6b3a1,2026-09-17T23:46:27.125399Z,red-kite:v34,a4590ed4-0b0c-4d86-8968-0844796f30e0,Andrew Brower,7,Arcanist,BlueTeam,8409,2025,240.8134141990724,67,1,2,1,199.19134260910928,17.83803068141277,23.784040908550363,3,1,13,1
ereq_06264276-4904-441e-b9f3-8fe95ec6b3a1,2026-09-17T23:46:27.125399Z,gota-vanguard-rally-hold:v1,3ccd4955-3d9c-4c79-a243-e5dc12d650ad,daveey,8,Druid Warden,BlueTeam,8409,550,65.4061124985135,22,0,0,9,65.4061124985135,0.0,0.0,5,0,13,1
ereq_06264276-4904-441e-b9f3-8fe95ec6b3a1,2026-09-17T23:46:27.125399Z,khors:v1,fa00903c-0ba4-4eec-b20f-4c082550d80f,Andre von Auto,9,Demon Hunter,BlueTeam,8409,700,83.24414317992627,22,1,0,12,65.4061124985135,17.83803068141277,0.0,5,1,13,1
ereq_348259d6-dbbb-4611-8532-bbd019092dd5,2026-09-17T23:46:27.124695Z,aaron-gota-ir-coordinated-support-anchor-0916:v1,9cedf3ff-c7ce-4cff-897f-d48b44e049ad,Aaron's Co-play Coach,0,Death Knight,RedTeam,5664,1375,242.76129943502823,29,3,2,1,128.00141242937852,79.44915254237289,35.31073446327684,3,3,10,0
ereq_348259d6-dbbb-4611-8532-bbd019092dd5,2026-09-17T23:46:27.124695Z,red-kite:v34,a4590ed4-0b0c-4d86-8968-0844796f30e0,Andrew Brower,1,Crossbowman,RedTeam,5664,825,145.65677966101694,27,1,0,1,119.17372881355932,26.483050847457626,0.0,4,1,10,0
ereq_348259d6-dbbb-4611-8532-bbd019092dd5,2026-09-17T23:46:27.124695Z,richard-gods-of-the-arena:v78,881a807d-68ab-4a62-9b6c-e98694cf0bc3,richard,2,Lich,RedTeam,5664,1225,216.27824858757063,37,2,0,7,163.31214689265536,52.96610169491525,0.0,3,2,10,0
ereq_348259d6-dbbb-4611-8532-bbd019092dd5,2026-09-17T23:46:27.124695Z,james-botts-gota:v13,40d72eea-ac61-44b0-aaf4-7828fbf30170,James Botts,3,Warlock,RedTeam,5664,200,35.31073446327684,8,0,0,7,35.31073446327684,0.0,0.0,1,0,10,0
ereq_348259d6-dbbb-4611-8532-bbd019092dd5,2026-09-17T23:46:27.124695Z,Jordan-ply_bcb80069-fb0c-4ba5-a45c-06b647870aeb:v218,f1cf890b-42d5-4cca-98cc-782774a7e9a7,Jordan,4,Berserker,RedTeam,5664,925,163.31214689265536,31,1,0,3,136.82909604519773,26.483050847457626,0.0,1,1,10,0
ereq_348259d6-dbbb-4611-8532-bbd019092dd5,2026-09-17T23:46:27.124695Z,aaron-gota-ir-perimeter-blue_repair-0916-aaron:v1,b64f1ccb-02e1-4ad5-b75b-f374222e9e9a,Aaron,5,Vanguard Knight,BlueTeam,5664,950,167.72598870056498,14,4,0,3,61.793785310734464,105.9322033898305,0.0,4,4,19,1
ereq_348259d6-dbbb-4611-8532-bbd019092dd5,2026-09-17T23:46:27.124695Z,gota-g002:v1,a30542cb-54de-4109-92e6-bcabca7db4d8,Alex Smith,6,Ranger,BlueTeam,5664,2575,454.6257062146893,33,9,4,0,145.65677966101694,238.34745762711864,70.62146892655367,13,9,19,1
ereq_348259d6-dbbb-4611-8532-bbd019092dd5,2026-09-17T23:46:27.124695Z,black-kite:v16,d10d7d74-40a7-4f6c-8838-e09729160349,Andrew Brower B,7,Arcanist,BlueTeam,5664,1125,198.6228813559322,33,2,0,1,145.65677966101694,52.96610169491525,0.0,4,2,19,1
ereq_348259d6-dbbb-4611-8532-bbd019092dd5,2026-09-17T23:46:27.124695Z,gota-g003:v2,8cea4626-a0f1-4dd0-b066-58e6bd194ad3,Scott Smith,8,Druid Warden,BlueTeam,5664,1225,216.27824858757063,27,3,1,2,119.17372881355932,79.44915254237289,17.65536723163842,7,3,19,1
ereq_348259d6-dbbb-4611-8532-bbd019092dd5,2026-09-17T23:46:27.124695Z,macromackie-gota:v4,1a78a3f9-8112-4c2c-831a-f0ffee8dbacc,macromackie,9,Demon Hunter,BlueTeam,5664,850,150.07062146892656,24,1,1,4,105.9322033898305,26.483050847457626,17.65536723163842,6,1,19,1
ereq_61a17c77-0467-4953-9b4b-2ea33b6eed3f,2026-09-17T23:46:27.100966Z,relh-gods-of-the-arena:v154,99ff8b49-8bb6-4ee2-9204-ff24a8efda4e,relh,0,Death Knight,RedTeam,11737,500,42.6003237624606,16,0,1,7,34.08025900996848,0.0,8.52006475249212,3,0,35,0
ereq_61a17c77-0467-4953-9b4b-2ea33b6eed3f,2026-09-17T23:46:27.100966Z,gota-g002:v1,a30542cb-54de-4109-92e6-bcabca7db4d8,Alex Smith,1,Crossbowman,RedTeam,11737,4075,347.19263866405385,55,16,3,5,117.15089034676663,204.48155405981086,25.560194257476358,24,16,35,0
ereq_61a17c77-0467-4953-9b4b-2ea33b6eed3f,2026-09-17T23:46:27.100966Z,james-botts-gota:v13,40d72eea-ac61-44b0-aaf4-7828fbf30170,James Botts,2,Lich,RedTeam,11737,2525,215.131635000426,77,4,0,0,164.0112464854733,51.120388514952715,0.0,24,4,35,0
ereq_61a17c77-0467-4953-9b4b-2ea33b6eed3f,2026-09-17T23:46:27.100966Z,gota-vanguard-rally-hold:v1,3ccd4955-3d9c-4c79-a243-e5dc12d650ad,daveey,3,Warlock,RedTeam,11737,1925,164.0112464854733,43,5,1,6,91.59069608929028,63.90048564369089,8.52006475249212,19,5,35,0
ereq_61a17c77-0467-4953-9b4b-2ea33b6eed3f,2026-09-17T23:46:27.100966Z,black-kite:v16,d10d7d74-40a7-4f6c-8838-e09729160349,Andrew Brower B,4,Berserker,RedTeam,11737,2575,219.39166737667207,67,6,0,11,142.71108460424298,76.68058277242908,0.0,13,6,35,0
ereq_61a17c77-0467-4953-9b4b-2ea33b6eed3f,2026-09-17T23:46:27.100966Z,richard-gods-of-the-arena:v78,881a807d-68ab-4a62-9b6c-e98694cf0bc3,richard,5,Vanguard Knight,BlueTeam,11737,1375,117.15089034676663,43,2,0,10,91.59069608929028,25.560194257476358,0.0,7,2,29,1
ereq_61a17c77-0467-4953-9b4b-2ea33b6eed3f,2026-09-17T23:46:27.100966Z,gota-g003:v2,8cea4626-a0f1-4dd0-b066-58e6bd194ad3,Scott Smith,6,Ranger,BlueTeam,11737,2325,198.09150549544177,65,4,1,10,138.45105222799694,51.120388514952715,8.52006475249212,9,4,29,1
ereq_61a17c77-0467-4953-9b4b-2ea33b6eed3f,2026-09-17T23:46:27.100966Z,aaron-gota-ir-coordinated-support-anchor-0916:v1,9cedf3ff-c7ce-4cff-897f-d48b44e049ad,Aaron's Co-play Coach,7,Arcanist,BlueTeam,11737,3900,332.28252534719263,60,14,3,4,127.80097128738178,178.9213598023345,25.560194257476358,20,14,29,1
ereq_61a17c77-0467-4953-9b4b-2ea33b6eed3f,2026-09-17T23:46:27.100966Z,aaron-gota-ir-perimeter-blue_repair-0916-aaron:v1,b64f1ccb-02e1-4ad5-b75b-f374222e9e9a,Aaron,8,Druid Warden,BlueTeam,11737,1950,166.14126267359632,36,3,6,3,76.68058277242908,38.34029138621454,51.120388514952715,10,3,29,1
ereq_61a17c77-0467-4953-9b4b-2ea33b6eed3f,2026-09-17T23:46:27.100966Z,Jordan-ply_bcb80069-fb0c-4ba5-a45c-06b647870aeb:v218,f1cf890b-42d5-4cca-98cc-782774a7e9a7,Jordan,9,Demon Hunter,BlueTeam,11737,1800,153.36116554485815,44,4,1,8,93.72071227741331,51.120388514952715,8.52006475249212,6,4,29,1
ereq_372c20c2-0eab-4f0f-b3dd-62395c8fc229,2026-09-17T23:46:27.109834Z,gota-g002:v1,a30542cb-54de-4109-92e6-bcabca7db4d8,Alex Smith,0,Death Knight,RedTeam,6385,700,109.6319498825372,12,2,1,4,46.985121378230225,46.985121378230225,15.661707126076742,3,2,11,0
ereq_372c20c2-0eab-4f0f-b3dd-62395c8fc229,2026-09-17T23:46:27.109834Z,richard-gods-of-the-arena:v78,881a807d-68ab-4a62-9b6c-e98694cf0bc3,richard,1,Crossbowman,RedTeam,6385,2050,321.06499608457324,60,3,1,4,234.92560689115115,70.47768206734534,15.661707126076742,4,3,11,0
ereq_372c20c2-0eab-4f0f-b3dd-62395c8fc229,2026-09-17T23:46:27.109834Z,gota-vanguard-rally-hold:v1,3ccd4955-3d9c-4c79-a243-e5dc12d650ad,daveey,2,Lich,RedTeam,6385,1000,156.61707126076743,22,3,0,6,86.13938919342208,70.47768206734534,0.0,4,3,11,0
ereq_372c20c2-0eab-4f0f-b3dd-62395c8fc229,2026-09-17T23:46:27.109834Z,black-kite:v16,d10d7d74-40a7-4f6c-8838-e09729160349,Andrew Brower B,3,Warlock,RedTeam,6385,1100,172.27877838684415,32,2,0,6,125.29365700861393,46.985121378230225,0.0,2,2,11,0
ereq_372c20c2-0eab-4f0f-b3dd-62395c8fc229,2026-09-17T23:46:27.109834Z,james-botts-gota:v13,40d72eea-ac61-44b0-aaf4-7828fbf30170,James Botts,4,Berserker,RedTeam,6385,1300,203.60219263899765,52,0,0,0,203.60219263899765,0.0,0.0,1,0,11,0
ereq_372c20c2-0eab-4f0f-b3dd-62395c8fc229,2026-09-17T23:46:27.109834Z,relh-gods-of-the-arena:v154,99ff8b49-8bb6-4ee2-9204-ff24a8efda4e,relh,5,Vanguard Knight,BlueTeam,6385,400,62.64682850430697,6,1,1,4,23.492560689115113,23.492560689115113,15.661707126076742,2,1,20,1
ereq_372c20c2-0eab-4f0f-b3dd-62395c8fc229,2026-09-17T23:46:27.109834Z,Jordan-ply_bcb80069-fb0c-4ba5-a45c-06b647870aeb:v218,f1cf890b-42d5-4cca-98cc-782774a7e9a7,Jordan,6,Ranger,BlueTeam,6385,3350,524.6671887235709,40,13,4,1,156.61707126076743,305.4032889584965,62.64682850430697,15,13,20,1
ereq_372c20c2-0eab-4f0f-b3dd-62395c8fc229,2026-09-17T23:46:27.109834Z,red-kite:v34,a4590ed4-0b0c-4d86-8968-0844796f30e0,Andrew Brower,7,Arcanist,BlueTeam,6385,1150,180.10963194988253,46,0,0,1,180.10963194988253,0.0,0.0,2,0,20,1
ereq_372c20c2-0eab-4f0f-b3dd-62395c8fc229,2026-09-17T23:46:27.109834Z,aaron-gota-ir-coordinated-support-anchor-0916:v1,9cedf3ff-c7ce-4cff-897f-d48b44e049ad,Aaron's Co-play Coach,8,Druid Warden,BlueTeam,6385,1800,281.91072826938137,34,3,5,1,133.1245105716523,70.47768206734534,78.30853563038372,11,3,20,1
ereq_372c20c2-0eab-4f0f-b3dd-62395c8fc229,2026-09-17T23:46:27.109834Z,macromackie-gota:v4,1a78a3f9-8112-4c2c-831a-f0ffee8dbacc,macromackie,9,Demon Hunter,BlueTeam,6385,1625,254.50274079874706,39,3,2,4,152.70164447924824,70.47768206734534,31.323414252153484,3,3,20,1
ereq_80677591-1669-46bb-9b03-ce4f627f10c8,2026-09-17T23:46:27.107588Z,macromackie-gota:v4,1a78a3f9-8112-4c2c-831a-f0ffee8dbacc,macromackie,0,Death Knight,RedTeam,4839,1500,309.98140111593307,26,5,1,3,134.3252738169043,154.99070055796653,20.665426741062202,5,5,9,0
ereq_80677591-1669-46bb-9b03-ce4f627f10c8,2026-09-17T23:46:27.107588Z,james-botts-gota:v13,40d72eea-ac61-44b0-aaf4-7828fbf30170,James Botts,1,Crossbowman,RedTeam,4839,1200,247.98512089274644,42,1,0,0,216.98698078115314,30.998140111593305,0.0,2,1,9,0
ereq_80677591-1669-46bb-9b03-ce4f627f10c8,2026-09-17T23:46:27.107588Z,gota-g003:v2,8cea4626-a0f1-4dd0-b066-58e6bd194ad3,Scott Smith,2,Lich,RedTeam,4839,375,77.49535027898327,3,2,0,3,15.499070055796652,61.99628022318661,0.0,2,2,9,0
ereq_80677591-1669-46bb-9b03-ce4f627f10c8,2026-09-17T23:46:27.107588Z,black-kite:v16,d10d7d74-40a7-4f6c-8838-e09729160349,Andrew Brower B,3,Warlock,RedTeam,4839,1175,242.81876420748088,47,0,0,2,242.81876420748088,0.0,0.0,1,0,9,0
ereq_80677591-1669-46bb-9b03-ce4f627f10c8,2026-09-17T23:46:27.107588Z,Jordan-ply_bcb80069-fb0c-4ba5-a45c-06b647870aeb:v218,f1cf890b-42d5-4cca-98cc-782774a7e9a7,Jordan,4,Berserker,RedTeam,4839,725,149.82434387270098,29,0,0,3,149.82434387270098,0.0,0.0,2,0,9,0
ereq_80677591-1669-46bb-9b03-ce4f627f10c8,2026-09-17T23:46:27.107588Z,relh-gods-of-the-arena:v154,99ff8b49-8bb6-4ee2-9204-ff24a8efda4e,relh,5,Vanguard Knight,BlueTeam,4839,400,82.66170696424881,16,0,0,2,82.66170696424881,0.0,0.0,0,0,11,1
ereq_80677591-1669-46bb-9b03-ce4f627f10c8,2026-09-17T23:46:27.107588Z,gota-vanguard-rally-hold:v1,3ccd4955-3d9c-4c79-a243-e5dc12d650ad,daveey,6,Ranger,BlueTeam,4839,750,154.99070055796653,12,3,0,3,61.99628022318661,92.99442033477992,0.0,6,3,11,1
ereq_80677591-1669-46bb-9b03-ce4f627f10c8,2026-09-17T23:46:27.107588Z,richard-gods-of-the-arena:v78,881a807d-68ab-4a62-9b6c-e98694cf0bc3,richard,7,Arcanist,BlueTeam,4839,1175,242.81876420748088,31,2,1,2,160.15705724323206,61.99628022318661,20.665426741062202,7,2,11,1
ereq_80677591-1669-46bb-9b03-ce4f627f10c8,2026-09-17T23:46:27.107588Z,aaron-gota-ir-coordinated-support-anchor-0916:v1,9cedf3ff-c7ce-4cff-897f-d48b44e049ad,Aaron's Co-play Coach,8,Druid Warden,BlueTeam,4839,1025,211.82062409588758,23,1,3,1,118.82620376110766,30.998140111593305,61.99628022318661,3,1,11,1
ereq_80677591-1669-46bb-9b03-ce4f627f10c8,2026-09-17T23:46:27.107588Z,aaron-gota-ir-perimeter-blue_repair-0916-aaron:v1,b64f1ccb-02e1-4ad5-b75b-f374222e9e9a,Aaron,9,Demon Hunter,BlueTeam,4839,1975,408.1421781359785,31,4,6,1,160.15705724323206,123.99256044637322,123.99256044637322,5,4,11,1
ereq_cf01d2cb-ab6c-4568-bcdd-a007bf9d39bb,2026-09-17T23:46:27.094948Z,nancy-goa:v2,2777766f-4931-4fd9-83f2-44a3f509ede1,NanosaurusX,0,Death Knight,RedTeam,22434,3000,133.7255950788981,96,4,0,21,106.98047606311849,26.745119015779622,0.0,16,4,82,1
ereq_cf01d2cb-ab6c-4568-bcdd-a007bf9d39bb,2026-09-17T23:46:27.094948Z,gota-g003:v2,8cea4626-a0f1-4dd0-b066-58e6bd194ad3,Scott Smith,1,Crossbowman,RedTeam,22434,8000,356.6015868770616,114,31,5,4,127.0393153249532,207.27467237229206,22.28759917981635,44,31,82,1
ereq_cf01d2cb-ab6c-4568-bcdd-a007bf9d39bb,2026-09-17T23:46:27.094948Z,relh-gods-of-the-arena:v154,99ff8b49-8bb6-4ee2-9204-ff24a8efda4e,relh,2,Lich,RedTeam,22434,7150,318.7126682713738,128,25,2,18,142.64063475082463,167.15699384862262,8.91503967192654,31,25,82,1
ereq_cf01d2cb-ab6c-4568-bcdd-a007bf9d39bb,2026-09-17T23:46:27.094948Z,red-kite:v34,a4590ed4-0b0c-4d86-8968-0844796f30e0,Andrew Brower,3,Warlock,RedTeam,22434,4950,220.64723188018186,118,12,2,17,131.49683516091648,80.23535704733887,8.91503967192654,19,12,82,1
ereq_cf01d2cb-ab6c-4568-bcdd-a007bf9d39bb,2026-09-17T23:46:27.094948Z,james-botts-gota:v13,40d72eea-ac61-44b0-aaf4-7828fbf30170,James Botts,4,Berserker,RedTeam,22434,3275,145.9837746277971,101,5,0,3,112.55237585807257,33.431398769724524,0.0,28,5,82,1
ereq_cf01d2cb-ab6c-4568-bcdd-a007bf9d39bb,2026-09-17T23:46:27.094948Z,aaron-gota-ir-perimeter-blue_repair-0916-aaron:v1,b64f1ccb-02e1-4ad5-b75b-f374222e9e9a,Aaron,5,Vanguard Knight,BlueTeam,22434,2300,102.5229562271552,66,3,2,14,73.54907729339395,20.058839261834716,8.91503967192654,10,3,63,0
ereq_cf01d2cb-ab6c-4568-bcdd-a007bf9d39bb,2026-09-17T23:46:27.094948Z,black-kite:v16,d10d7d74-40a7-4f6c-8838-e09729160349,Andrew Brower B,6,Ranger,BlueTeam,22434,8300,369.97414638495144,104,36,3,5,115.89551573504502,240.70607114201658,13.372559507889811,38,36,63,0
ereq_cf01d2cb-ab6c-4568-bcdd-a007bf9d39bb,2026-09-17T23:46:27.094948Z,gota-g002:v1,a30542cb-54de-4109-92e6-bcabca7db4d8,Alex Smith,7,Arcanist,BlueTeam,22434,6900,307.56886868146563,152,20,1,22,169.38575376660427,133.7255950788981,4.45751983596327,20,19,63,0
ereq_cf01d2cb-ab6c-4568-bcdd-a007bf9d39bb,2026-09-17T23:46:27.094948Z,richard-gods-of-the-arena:v78,881a807d-68ab-4a62-9b6c-e98694cf0bc3,richard,8,Druid Warden,BlueTeam,22434,1650,73.54907729339395,60,1,0,22,66.86279753944905,6.6862797539449055,0.0,9,1,63,0
ereq_cf01d2cb-ab6c-4568-bcdd-a007bf9d39bb,2026-09-17T23:46:27.094948Z,gota-codex-side-aware-team-secondary-20260917:v1,a7551ee6-ef55-48f0-81bc-d1ba68ca54c2,daveey-2,9,Demon Hunter,BlueTeam,22434,1950,86.92163680128377,60,3,0,19,66.86279753944905,20.058839261834716,0.0,3,3,63,0
ereq_2d80c036-c891-4557-8e93-d138c6f8c1ee,2026-09-17T23:46:27.095893Z,black-kite:v16,d10d7d74-40a7-4f6c-8838-e09729160349,Andrew Brower B,0,Death Knight,RedTeam,5417,1625,299.9815395975632,55,1,1,3,253.83053350563043,27.690603655159684,18.460402436773123,1,1,11,0
ereq_2d80c036-c891-4557-8e93-d138c6f8c1ee,2026-09-17T23:46:27.095893Z,richard-gods-of-the-arena:v78,881a807d-68ab-4a62-9b6c-e98694cf0bc3,richard,1,Crossbowman,RedTeam,5417,1525,281.5211371607901,33,4,1,1,152.29832010337824,110.76241462063874,18.460402436773123,6,4,11,0
ereq_2d80c036-c891-4557-8e93-d138c6f8c1ee,2026-09-17T23:46:27.095893Z,gota-codex-side-aware-team-secondary-20260917:v1,a7551ee6-ef55-48f0-81bc-d1ba68ca54c2,daveey-2,2,Lich,RedTeam,5417,300,55.38120731031937,6,1,0,2,27.690603655159684,27.690603655159684,0.0,3,1,11,0
ereq_2d80c036-c891-4557-8e93-d138c6f8c1ee,2026-09-17T23:46:27.095893Z,gota-vanguard-rally-hold:v1,3ccd4955-3d9c-4c79-a243-e5dc12d650ad,daveey,3,Warlock,RedTeam,5417,825,152.29832010337824,17,2,1,4,78.45671035628577,55.38120731031937,18.460402436773123,8,2,11,0
ereq_2d80c036-c891-4557-8e93-d138c6f8c1ee,2026-09-17T23:46:27.095893Z,aaron-gota-ir-perimeter-blue_repair-0916-aaron:v1,b64f1ccb-02e1-4ad5-b75b-f374222e9e9a,Aaron,4,Berserker,RedTeam,5417,725,133.83791766660514,23,1,0,4,106.14731401144545,27.690603655159684,0.0,2,1,11,0
ereq_2d80c036-c891-4557-8e93-d138c6f8c1ee,2026-09-17T23:46:27.095893Z,james-botts-gota:v13,40d72eea-ac61-44b0-aaf4-7828fbf30170,James Botts,5,Vanguard Knight,BlueTeam,5417,1300,239.98523167805058,46,1,0,0,212.2946280228909,27.690603655159684,0.0,1,1,14,1
ereq_2d80c036-c891-4557-8e93-d138c6f8c1ee,2026-09-17T23:46:27.095893Z,aaron-gota-ir-coordinated-support-anchor-0916:v1,9cedf3ff-c7ce-4cff-897f-d48b44e049ad,Aaron's Co-play Coach,6,Ranger,BlueTeam,5417,2100,387.66845117223556,44,6,1,1,203.06442680450434,166.1436219309581,18.460402436773123,7,6,14,1
ereq_2d80c036-c891-4557-8e93-d138c6f8c1ee,2026-09-17T23:46:27.095893Z,red-kite:v34,a4590ed4-0b0c-4d86-8968-0844796f30e0,Andrew Brower,7,Arcanist,BlueTeam,5417,1475,272.29093594240356,27,4,2,2,124.60771644821857,110.76241462063874,36.920804873546246,9,4,14,1
ereq_2d80c036-c891-4557-8e93-d138c6f8c1ee,2026-09-17T23:46:27.095893Z,gota-g002:v1,a30542cb-54de-4109-92e6-bcabca7db4d8,Alex Smith,8,Druid Warden,BlueTeam,5417,500,92.30201218386561,8,2,0,4,36.920804873546246,55.38120731031937,0.0,7,2,14,1
ereq_2d80c036-c891-4557-8e93-d138c6f8c1ee,2026-09-17T23:46:27.095893Z,Polyworld GOTA base.bas:v1,e8aed568-d03c-49bf-beaf-68c731f05d26,Andre von Houck,9,Demon Hunter,BlueTeam,5417,700,129.22281705741185,14,1,2,4,64.61140852870592,27.690603655159684,36.920804873546246,7,1,14,1
ereq_f94abfce-69fa-4de6-85ee-e051477fa761,2026-09-17T23:46:27.105339Z,gota-g002:v1,a30542cb-54de-4109-92e6-bcabca7db4d8,Alex Smith,0,Death Knight,RedTeam,7061,1050,148.70414955388756,14,4,1,4,49.568049851295854,84.9737997450786,14.1622999575131,13,4,20,0
ereq_f94abfce-69fa-4de6-85ee-e051477fa761,2026-09-17T23:46:27.105339Z,red-kite:v34,a4590ed4-0b0c-4d86-8968-0844796f30e0,Andrew Brower,1,Crossbowman,RedTeam,7061,2475,350.51692394844923,89,1,1,1,315.1111740546665,21.24344993626965,14.1622999575131,1,1,20,0
ereq_f94abfce-69fa-4de6-85ee-e051477fa761,2026-09-17T23:46:27.105339Z,richard-gods-of-the-arena:v78,881a807d-68ab-4a62-9b6c-e98694cf0bc3,richard,2,Lich,RedTeam,7061,2500,354.0574989378275,26,11,2,2,92.05494972383515,233.67794929896615,28.3245999150262,16,11,20,0
ereq_f94abfce-69fa-4de6-85ee-e051477fa761,2026-09-17T23:46:27.105339Z,Polyworld GOTA base.bas:v1,e8aed568-d03c-49bf-beaf-68c731f05d26,Andre von Houck,3,Warlock,RedTeam,7061,750,106.21724968134825,18,2,0,1,63.73034980880895,42.4868998725393,0.0,12,2,20,0
ereq_f94abfce-69fa-4de6-85ee-e051477fa761,2026-09-17T23:46:27.105339Z,aaron-gota-ir-coordinated-support-anchor-0916:v1,9cedf3ff-c7ce-4cff-897f-d48b44e049ad,Aaron's Co-play Coach,4,Berserker,RedTeam,7061,825,116.83897464948308,13,2,2,4,46.027474861917575,42.4868998725393,28.3245999150262,14,2,20,0
ereq_f94abfce-69fa-4de6-85ee-e051477fa761,2026-09-17T23:46:27.105339Z,gota-codex-side-aware-team-secondary-20260917:v1,a7551ee6-ef55-48f0-81bc-d1ba68ca54c2,daveey-2,5,Vanguard Knight,BlueTeam,7061,125,17.702874946891374,5,0,0,3,17.702874946891374,0.0,0.0,2,0,12,1
ereq_f94abfce-69fa-4de6-85ee-e051477fa761,2026-09-17T23:46:27.105339Z,relh-gods-of-the-arena:v154,99ff8b49-8bb6-4ee2-9204-ff24a8efda4e,relh,6,Ranger,BlueTeam,7061,950,134.54184959637445,28,1,1,4,99.13609970259171,21.24344993626965,14.1622999575131,3,1,12,1
ereq_f94abfce-69fa-4de6-85ee-e051477fa761,2026-09-17T23:46:27.105339Z,Jordan-ply_bcb80069-fb0c-4ba5-a45c-06b647870aeb:v218,f1cf890b-42d5-4cca-98cc-782774a7e9a7,Jordan,7,Arcanist,BlueTeam,7061,2225,315.1111740546665,39,7,2,2,138.08242458575273,148.70414955388756,28.3245999150262,7,7,12,1
ereq_f94abfce-69fa-4de6-85ee-e051477fa761,2026-09-17T23:46:27.105339Z,james-botts-gota:v13,40d72eea-ac61-44b0-aaf4-7828fbf30170,James Botts,8,Druid Warden,BlueTeam,7061,1725,244.29967426710098,69,0,0,3,244.29967426710098,0.0,0.0,3,0,12,1
ereq_f94abfce-69fa-4de6-85ee-e051477fa761,2026-09-17T23:46:27.105339Z,black-kite:v16,d10d7d74-40a7-4f6c-8838-e09729160349,Andrew Brower B,9,Demon Hunter,BlueTeam,7061,1500,212.4344993626965,46,1,2,8,162.86644951140065,21.24344993626965,28.3245999150262,3,1,12,1
ereq_9a3dee3d-fc5a-4d18-802d-643def651e53,2026-09-17T23:46:27.098805Z,gota-codex-side-aware-team-secondary-20260917:v1,a7551ee6-ef55-48f0-81bc-d1ba68ca54c2,daveey-2,0,Death Knight,RedTeam,16882,1275,75.52422698732377,15,6,0,7,22.213007937448168,53.31121904987561,0.0,11,6,55,1
ereq_9a3dee3d-fc5a-4d18-802d-643def651e53,2026-09-17T23:46:27.098805Z,richard-gods-of-the-arena:v78,881a807d-68ab-4a62-9b6c-e98694cf0bc3,richard,1,Crossbowman,RedTeam,16882,3400,201.3979386328634,56,12,2,9,82.92856296647317,106.62243809975122,11.846937566639024,20,12,55,1
ereq_9a3dee3d-fc5a-4d18-802d-643def651e53,2026-09-17T23:46:27.098805Z,aaron-gota-ir-perimeter-blue_repair-0916-aaron:v1,b64f1ccb-02e1-4ad5-b75b-f374222e9e9a,Aaron,2,Lich,RedTeam,16882,6200,367.25506456580973,122,17,6,5,180.66579789124512,151.04845397464754,35.54081269991707,17,17,55,1
ereq_9a3dee3d-fc5a-4d18-802d-643def651e53,2026-09-17T23:46:27.098805Z,Jordan-ply_bcb80069-fb0c-4ba5-a45c-06b647870aeb:v218,f1cf890b-42d5-4cca-98cc-782774a7e9a7,Jordan,3,Warlock,RedTeam,16882,1775,105.14157090392133,35,6,0,11,51.83035185404573,53.31121904987561,0.0,16,6,55,1
ereq_9a3dee3d-fc5a-4d18-802d-643def651e53,2026-09-17T23:46:27.098805Z,gota-g003:v2,8cea4626-a0f1-4dd0-b066-58e6bd194ad3,Scott Smith,4,Berserker,RedTeam,16882,4075,241.3813529202701,69,13,4,9,102.17983651226157,115.50764127473049,23.69387513327805,21,13,55,1
ereq_9a3dee3d-fc5a-4d18-802d-643def651e53,2026-09-17T23:46:27.098805Z,gota-vanguard-rally-hold:v1,3ccd4955-3d9c-4c79-a243-e5dc12d650ad,daveey,5,Vanguard Knight,BlueTeam,16882,1700,100.6989693164317,32,6,0,14,47.3877502665561,53.31121904987561,0.0,19,6,41,0
ereq_9a3dee3d-fc5a-4d18-802d-643def651e53,2026-09-17T23:46:27.098805Z,relh-gods-of-the-arena:v154,99ff8b49-8bb6-4ee2-9204-ff24a8efda4e,relh,6,Ranger,BlueTeam,16882,5950,352.446392607511,162,10,4,9,239.90048572444024,88.85203174979267,23.69387513327805,23,10,41,0
ereq_9a3dee3d-fc5a-4d18-802d-643def651e53,2026-09-17T23:46:27.098805Z,gota-g002:v1,a30542cb-54de-4109-92e6-bcabca7db4d8,Alex Smith,7,Arcanist,BlueTeam,16882,5450,322.8290486909134,112,17,1,12,165.85712593294633,151.04845397464754,5.923468783319512,26,17,41,0
ereq_9a3dee3d-fc5a-4d18-802d-643def651e53,2026-09-17T23:46:27.098805Z,black-kite:v16,d10d7d74-40a7-4f6c-8838-e09729160349,Andrew Brower B,8,Druid Warden,BlueTeam,16882,1750,103.66070370809146,34,6,0,15,50.34948465821585,53.31121904987561,0.0,23,6,41,0
ereq_9a3dee3d-fc5a-4d18-802d-643def651e53,2026-09-17T23:46:27.098805Z,james-botts-gota:v13,40d72eea-ac61-44b0-aaf4-7828fbf30170,James Botts,9,Demon Hunter,BlueTeam,16882,4050,239.90048572444024,162,0,0,5,239.90048572444024,0.0,0.0,7,0,41,0
ereq_a9de973b-b89a-4b63-ad58-24858b8afb0b,2026-09-17T23:46:27.109063Z,relh-gods-of-the-arena:v154,99ff8b49-8bb6-4ee2-9204-ff24a8efda4e,relh,0,Death Knight,RedTeam,9006,175,19.431490117699312,7,0,0,6,19.431490117699312,0.0,0.0,1,0,19,0
ereq_a9de973b-b89a-4b63-ad58-24858b8afb0b,2026-09-17T23:46:27.109063Z,red-kite:v34,a4590ed4-0b0c-4d86-8968-0844796f30e0,Andrew Brower,1,Crossbowman,RedTeam,9006,2500,277.592715967133,68,4,2,2,188.76304685765047,66.62225183211193,22.20741727737064,4,4,19,0
ereq_a9de973b-b89a-4b63-ad58-24858b8afb0b,2026-09-17T23:46:27.109063Z,aaron-gota-ir-perimeter-blue_repair-0916-aaron:v1,b64f1ccb-02e1-4ad5-b75b-f374222e9e9a,Aaron,2,Lich,RedTeam,9006,1150,127.69264934488119,10,6,0,7,27.7592715967133,99.93337774816789,0.0,8,6,19,0
ereq_a9de973b-b89a-4b63-ad58-24858b8afb0b,2026-09-17T23:46:27.109063Z,james-botts-gota:v13,40d72eea-ac61-44b0-aaf4-7828fbf30170,James Botts,3,Warlock,RedTeam,9006,1650,183.21119253830778,66,0,0,1,183.21119253830778,0.0,0.0,1,0,19,0
ereq_a9de973b-b89a-4b63-ad58-24858b8afb0b,2026-09-17T23:46:27.109063Z,black-kite:v16,d10d7d74-40a7-4f6c-8838-e09729160349,Andrew Brower B,4,Berserker,RedTeam,9006,2300,255.38529868976238,62,5,0,11,172.10748389962248,83.27781479013991,0.0,10,5,19,0
ereq_a9de973b-b89a-4b63-ad58-24858b8afb0b,2026-09-17T23:46:27.109063Z,richard-gods-of-the-arena:v78,881a807d-68ab-4a62-9b6c-e98694cf0bc3,richard,5,Vanguard Knight,BlueTeam,9006,375,41.63890739506996,15,0,0,6,41.63890739506996,0.0,0.0,5,0,27,1
ereq_a9de973b-b89a-4b63-ad58-24858b8afb0b,2026-09-17T23:46:27.109063Z,Jordan-ply_bcb80069-fb0c-4ba5-a45c-06b647870aeb:v218,f1cf890b-42d5-4cca-98cc-782774a7e9a7,Jordan,6,Ranger,BlueTeam,9006,3300,366.42238507661557,18,17,3,3,49.96668887408394,283.1445702864757,33.311125916055964,20,17,27,1
ereq_a9de973b-b89a-4b63-ad58-24858b8afb0b,2026-09-17T23:46:27.109063Z,gota-vanguard-rally-hold:v1,3ccd4955-3d9c-4c79-a243-e5dc12d650ad,daveey,7,Arcanist,BlueTeam,9006,2050,227.6260270930491,42,6,1,1,116.58894070619587,99.93337774816789,11.10370863868532,12,6,27,1
ereq_a9de973b-b89a-4b63-ad58-24858b8afb0b,2026-09-17T23:46:27.109063Z,Polyworld GOTA base.bas:v1,e8aed568-d03c-49bf-beaf-68c731f05d26,Andre von Houck,8,Druid Warden,BlueTeam,9006,475,52.742616033755276,9,1,1,2,24.98334443704197,16.655562958027982,11.10370863868532,11,1,27,1
ereq_a9de973b-b89a-4b63-ad58-24858b8afb0b,2026-09-17T23:46:27.109063Z,macromackie-gota:v4,1a78a3f9-8112-4c2c-831a-f0ffee8dbacc,macromackie,9,Demon Hunter,BlueTeam,9006,375,41.63890739506996,5,1,1,7,13.87963579835665,16.655562958027982,11.10370863868532,4,1,27,1
ereq_160fc105-2862-4370-98fd-52105975c0fa,2026-09-17T23:46:27.094212Z,red-kite:v34,a4590ed4-0b0c-4d86-8968-0844796f30e0,Andrew Brower,0,Death Knight,RedTeam,4675,775,165.77540106951872,27,0,1,1,144.3850267379679,0.0,21.390374331550802,1,0,9,0
ereq_160fc105-2862-4370-98fd-52105975c0fa,2026-09-17T23:46:27.094212Z,gota-g002:v1,a30542cb-54de-4109-92e6-bcabca7db4d8,Alex Smith,1,Crossbowman,RedTeam,4675,1675,358.28877005347596,35,4,2,0,187.1657754010695,128.3422459893048,42.780748663101605,4,4,9,0
ereq_160fc105-2862-4370-98fd-52105975c0fa,2026-09-17T23:46:27.094212Z,gota-vanguard-rally-hold:v1,3ccd4955-3d9c-4c79-a243-e5dc12d650ad,daveey,2,Lich,RedTeam,4675,500,106.95187165775401,14,1,0,5,74.8663101604278,32.0855614973262,0.0,3,1,9,0
ereq_160fc105-2862-4370-98fd-52105975c0fa,2026-09-17T23:46:27.094212Z,james-botts-gota:v13,40d72eea-ac61-44b0-aaf4-7828fbf30170,James Botts,3,Warlock,RedTeam,4675,675,144.3850267379679,27,0,0,2,144.3850267379679,0.0,0.0,1,0,9,0
ereq_160fc105-2862-4370-98fd-52105975c0fa,2026-09-17T23:46:27.094212Z,black-kite:v16,d10d7d74-40a7-4f6c-8838-e09729160349,Andrew Brower B,4,Berserker,RedTeam,4675,1000,213.90374331550802,26,1,2,1,139.0374331550802,32.0855614973262,42.780748663101605,1,1,9,0
ereq_160fc105-2862-4370-98fd-52105975c0fa,2026-09-17T23:46:27.094212Z,relh-gods-of-the-arena:v154,99ff8b49-8bb6-4ee2-9204-ff24a8efda4e,relh,5,Vanguard Knight,BlueTeam,4675,50,10.695187165775401,2,0,0,3,10.695187165775401,0.0,0.0,0,0,9,1
ereq_160fc105-2862-4370-98fd-52105975c0fa,2026-09-17T23:46:27.094212Z,richard-gods-of-the-arena:v78,881a807d-68ab-4a62-9b6c-e98694cf0bc3,richard,6,Ranger,BlueTeam,4675,2025,433.1550802139037,39,5,3,2,208.55614973262033,160.42780748663102,64.1711229946524,6,5,9,1
ereq_160fc105-2862-4370-98fd-52105975c0fa,2026-09-17T23:46:27.094212Z,games-bond-gota:v6,58af3f96-f479-4fc3-b777-276e53f48b06,Games Bond,7,Arcanist,BlueTeam,4675,350,74.8663101604278,2,2,0,1,10.695187165775401,64.1711229946524,0.0,2,2,9,1
ereq_160fc105-2862-4370-98fd-52105975c0fa,2026-09-17T23:46:27.094212Z,aaron-gota-ir-perimeter-blue_repair-0916-aaron:v1,b64f1ccb-02e1-4ad5-b75b-f374222e9e9a,Aaron,8,Druid Warden,BlueTeam,4675,1300,278.0748663101604,30,1,4,0,160.42780748663102,32.0855614973262,85.56149732620321,6,1,9,1
ereq_160fc105-2862-4370-98fd-52105975c0fa,2026-09-17T23:46:27.094212Z,gota-codex-side-aware-team-secondary-20260917:v1,a7551ee6-ef55-48f0-81bc-d1ba68ca54c2,daveey-2,9,Demon Hunter,BlueTeam,4675,575,122.99465240641712,17,1,0,3,90.9090909090909,32.0855614973262,0.0,1,1,9,1
ereq_dd03a1d6-6462-4c77-91e0-a990bba4f3e6,2026-09-17T23:46:27.119977Z,nancy-goa:v2,2777766f-4931-4fd9-83f2-44a3f509ede1,NanosaurusX,0,Death Knight,RedTeam,19123,4175,218.3234848088689,113,9,0,16,147.72786696648015,70.59561784238875,0.0,15,9,47,0
ereq_dd03a1d6-6462-4c77-91e0-a990bba4f3e6,2026-09-17T23:46:27.119977Z,richard-gods-of-the-arena:v78,881a807d-68ab-4a62-9b6c-e98694cf0bc3,richard,1,Crossbowman,RedTeam,19123,3300,172.56706583695026,84,8,0,11,109.81540553260471,62.75166030434555,0.0,10,8,47,0
ereq_dd03a1d6-6462-4c77-91e0-a990bba4f3e6,2026-09-17T23:46:27.119977Z,black-kite:v16,d10d7d74-40a7-4f6c-8838-e09729160349,Andrew Brower B,2,Lich,RedTeam,19123,5400,282.382471369555,120,14,3,7,156.8791507608639,109.81540553260471,15.687915076086387,16,14,47,0
ereq_dd03a1d6-6462-4c77-91e0-a990bba4f3e6,2026-09-17T23:46:27.119977Z,relh-gods-of-the-arena:v154,99ff8b49-8bb6-4ee2-9204-ff24a8efda4e,relh,3,Warlock,RedTeam,19123,2750,143.80588819745856,92,3,0,10,120.27401558332897,23.531872614129583,0.0,13,3,47,0
ereq_dd03a1d6-6462-4c77-91e0-a990bba4f3e6,2026-09-17T23:46:27.119977Z,macromackie-gota:v4,1a78a3f9-8112-4c2c-831a-f0ffee8dbacc,macromackie,4,Berserker,RedTeam,19123,3975,207.86487475814465,85,11,2,13,111.12273178894525,86.28353291847513,10.458610050724259,16,11,47,0
ereq_dd03a1d6-6462-4c77-91e0-a990bba4f3e6,2026-09-17T23:46:27.119977Z,gota-g003:v2,8cea4626-a0f1-4dd0-b066-58e6bd194ad3,Scott Smith,5,Vanguard Knight,BlueTeam,19123,1975,103.27877425090206,33,7,1,14,43.141766459237566,54.90770276630236,5.229305025362129,23,7,57,1
ereq_dd03a1d6-6462-4c77-91e0-a990bba4f3e6,2026-09-17T23:46:27.119977Z,Polyworld GOTA base.bas:v1,e8aed568-d03c-49bf-beaf-68c731f05d26,Andre von Houck,6,Ranger,BlueTeam,19123,4775,249.69931496104167,101,15,0,9,132.03995189039378,117.65936307064791,0.0,29,15,57,1
ereq_dd03a1d6-6462-4c77-91e0-a990bba4f3e6,2026-09-17T23:46:27.119977Z,red-kite:v34,a4590ed4-0b0c-4d86-8968-0844796f30e0,Andrew Brower,7,Arcanist,BlueTeam,19123,3750,196.09893845107985,56,15,1,13,73.21027035506981,117.65936307064791,5.229305025362129,20,15,57,1
ereq_dd03a1d6-6462-4c77-91e0-a990bba4f3e6,2026-09-17T23:46:27.119977Z,james-botts-gota:v13,40d72eea-ac61-44b0-aaf4-7828fbf30170,James Botts,8,Druid Warden,BlueTeam,19123,2400,125.5033206086911,84,2,0,2,109.81540553260471,15.687915076086387,0.0,3,2,57,1
ereq_dd03a1d6-6462-4c77-91e0-a990bba4f3e6,2026-09-17T23:46:27.119977Z,aaron-gota-ir-perimeter-blue_repair-0916-aaron:v1,b64f1ccb-02e1-4ad5-b75b-f374222e9e9a,Aaron,9,Demon Hunter,BlueTeam,19123,4525,236.62605239763636,53,16,8,9,69.28829158604822,125.5033206086911,41.834440202897035,20,16,57,1
ereq_dd0fa076-c754-42da-a5cd-0d8b2999a536,2026-09-17T23:46:27.101680Z,gota-g003:v2,8cea4626-a0f1-4dd0-b066-58e6bd194ad3,Scott Smith,0,Death Knight,RedTeam,7528,1625,215.86078639744952,39,3,2,5,129.51647183846973,59.77683315621679,26.56748140276302,11,3,35,0
ereq_dd0fa076-c754-42da-a5cd-0d8b2999a536,2026-09-17T23:46:27.101680Z,gota-g002:v1,a30542cb-54de-4109-92e6-bcabca7db4d8,Alex Smith,1,Crossbowman,RedTeam,7528,3075,408.4750265674814,13,17,2,2,43.1721572794899,338.7353878852285,26.56748140276302,26,17,35,0
ereq_dd0fa076-c754-42da-a5cd-0d8b2999a536,2026-09-17T23:46:27.101680Z,red-kite:v34,a4590ed4-0b0c-4d86-8968-0844796f30e0,Andrew Brower,2,Lich,RedTeam,7528,2800,371.9447396386823,62,7,2,1,205.89798087141338,139.47927736450583,26.56748140276302,17,7,35,0
ereq_dd0fa076-c754-42da-a5cd-0d8b2999a536,2026-09-17T23:46:27.101680Z,james-botts-gota:v13,40d72eea-ac61-44b0-aaf4-7828fbf30170,James Botts,3,Warlock,RedTeam,7528,1775,235.7863974495218,71,0,0,3,235.7863974495218,0.0,0.0,1,0,35,0
ereq_dd0fa076-c754-42da-a5cd-0d8b2999a536,2026-09-17T23:46:27.101680Z,khors:v1,fa00903c-0ba4-4eec-b20f-4c082550d80f,Andre von Auto,4,Berserker,RedTeam,7528,1800,239.10733262486715,36,6,0,4,119.55366631243358,119.55366631243358,0.0,15,6,35,0
ereq_dd0fa076-c754-42da-a5cd-0d8b2999a536,2026-09-17T23:46:27.101680Z,daf-gota-v1:v1,e7d1ba41-3be1-4785-815d-b3c9ad8f46b9,docxology,5,Vanguard Knight,BlueTeam,7528,650,86.3443145589798,20,1,0,10,66.41870350690755,19.925611052072263,0.0,2,1,15,1
ereq_dd0fa076-c754-42da-a5cd-0d8b2999a536,2026-09-17T23:46:27.101680Z,aaron-gota-ir-coordinated-support-anchor-0916:v1,9cedf3ff-c7ce-4cff-897f-d48b44e049ad,Aaron's Co-play Coach,6,Ranger,BlueTeam,7528,3725,494.8193411264612,49,10,10,1,162.72582359192347,199.25611052072264,132.8374070138151,10,10,15,1
ereq_dd0fa076-c754-42da-a5cd-0d8b2999a536,2026-09-17T23:46:27.101680Z,macromackie-gota:v4,1a78a3f9-8112-4c2c-831a-f0ffee8dbacc,macromackie,7,Arcanist,BlueTeam,7528,575,76.38150903294368,17,1,0,6,56.45589798087141,19.925611052072263,0.0,4,1,15,1
ereq_dd0fa076-c754-42da-a5cd-0d8b2999a536,2026-09-17T23:46:27.101680Z,gota-vanguard-rally-hold:v1,3ccd4955-3d9c-4c79-a243-e5dc12d650ad,daveey,8,Druid Warden,BlueTeam,7528,150,19.925611052072263,6,0,0,10,19.925611052072263,0.0,0.0,1,0,15,1
ereq_dd0fa076-c754-42da-a5cd-0d8b2999a536,2026-09-17T23:46:27.101680Z,nancy-goa:v2,2777766f-4931-4fd9-83f2-44a3f509ede1,NanosaurusX,9,Demon Hunter,BlueTeam,7528,1575,209.21891604675878,51,2,0,8,169.36769394261424,39.851222104144526,0.0,4,2,15,1
ereq_fa49e403-7120-447d-b1d5-142e63e6a215,2026-09-17T23:46:27.111311Z,gota-codex-side-aware-team-secondary-20260917:v1,a7551ee6-ef55-48f0-81bc-d1ba68ca54c2,daveey-2,0,Death Knight,RedTeam,4938,50,10.125556905629809,2,0,0,6,10.125556905629809,0.0,0.0,1,0,15,1
ereq_fa49e403-7120-447d-b1d5-142e63e6a215,2026-09-17T23:46:27.111311Z,gota-g002:v1,a30542cb-54de-4109-92e6-bcabca7db4d8,Alex Smith,1,Crossbowman,RedTeam,4938,1400,283.51559335763466,22,5,1,0,111.3811259619279,151.88335358444715,20.251113811259618,10,5,15,1
ereq_fa49e403-7120-447d-b1d5-142e63e6a215,2026-09-17T23:46:27.111311Z,red-kite:v34,a4590ed4-0b0c-4d86-8968-0844796f30e0,Andrew Brower,2,Lich,RedTeam,4938,1600,324.0178209801539,42,3,1,0,212.636695018226,91.13001215066829,20.251113811259618,8,3,15,1
ereq_fa49e403-7120-447d-b1d5-142e63e6a215,2026-09-17T23:46:27.111311Z,khors:v1,fa00903c-0ba4-4eec-b20f-4c082550d80f,Andre von Auto,3,Warlock,RedTeam,4938,1300,263.26447954637507,22,3,3,0,111.3811259619279,91.13001215066829,60.75334143377886,10,3,15,1
ereq_fa49e403-7120-447d-b1d5-142e63e6a215,2026-09-17T23:46:27.111311Z,aaron-gota-ir-perimeter-blue_repair-0916-aaron:v1,b64f1ccb-02e1-4ad5-b75b-f374222e9e9a,Aaron,4,Berserker,RedTeam,4938,1400,283.51559335763466,38,3,0,7,192.38558120696638,91.13001215066829,0.0,3,3,15,1
ereq_fa49e403-7120-447d-b1d5-142e63e6a215,2026-09-17T23:46:27.111311Z,Jordan-ply_bcb80069-fb0c-4ba5-a45c-06b647870aeb:v218,f1cf890b-42d5-4cca-98cc-782774a7e9a7,Jordan,5,Vanguard Knight,BlueTeam,4938,625,126.56946132037262,9,2,1,2,45.565006075334146,60.75334143377886,20.251113811259618,3,2,13,0
ereq_fa49e403-7120-447d-b1d5-142e63e6a215,2026-09-17T23:46:27.111311Z,james-botts-gota:v13,40d72eea-ac61-44b0-aaf4-7828fbf30170,James Botts,6,Ranger,BlueTeam,4938,525,106.318347509113,21,0,0,0,106.318347509113,0.0,0.0,6,0,13,0
ereq_fa49e403-7120-447d-b1d5-142e63e6a215,2026-09-17T23:46:27.111311Z,aaron-gota-ir-coordinated-support-anchor-0916:v1,9cedf3ff-c7ce-4cff-897f-d48b44e049ad,Aaron's Co-play Coach,7,Arcanist,BlueTeam,4938,2650,536.6545159983799,28,11,3,0,141.75779667881733,334.1433778857837,60.75334143377886,13,11,13,0
ereq_fa49e403-7120-447d-b1d5-142e63e6a215,2026-09-17T23:46:27.111311Z,daf-gota-v1:v1,e7d1ba41-3be1-4785-815d-b3c9ad8f46b9,docxology,8,Druid Warden,BlueTeam,4938,475,96.19279060348319,19,0,0,6,96.19279060348319,0.0,0.0,0,0,13,0
ereq_fa49e403-7120-447d-b1d5-142e63e6a215,2026-09-17T23:46:27.111311Z,relh-gods-of-the-arena:v154,99ff8b49-8bb6-4ee2-9204-ff24a8efda4e,relh,9,Demon Hunter,BlueTeam,4938,250,50.62778452814905,6,0,1,7,30.37667071688943,0.0,20.251113811259618,1,0,13,0
ereq_252791bf-dd49-4888-8ddb-c227ed207032,2026-09-17T23:46:27.093445Z,black-kite:v16,d10d7d74-40a7-4f6c-8838-e09729160349,Andrew Brower B,0,Death Knight,RedTeam,28800,7575,263.0208333333333,163,22,2,19,141.49305555555554,114.58333333333333,6.944444444444445,34,22,104,0
ereq_252791bf-dd49-4888-8ddb-c227ed207032,2026-09-17T23:46:27.093445Z,richard-gods-of-the-arena:v78,881a807d-68ab-4a62-9b6c-e98694cf0bc3,richard,1,Crossbowman,RedTeam,28800,8400,291.6666666666667,122,35,1,20,105.90277777777777,182.29166666666666,3.4722222222222223,53,35,104,0
ereq_252791bf-dd49-4888-8ddb-c227ed207032,2026-09-17T23:46:27.093445Z,james-botts-gota:v13,40d72eea-ac61-44b0-aaf4-7828fbf30170,James Botts,2,Lich,RedTeam,28800,3950,137.15277777777777,116,7,0,0,100.69444444444444,36.458333333333336,0.0,76,7,104,0
ereq_252791bf-dd49-4888-8ddb-c227ed207032,2026-09-17T23:46:27.093445Z,gota-g003:v2,8cea4626-a0f1-4dd0-b066-58e6bd194ad3,Scott Smith,3,Warlock,RedTeam,28800,5050,175.34722222222223,124,13,0,24,107.63888888888889,67.70833333333333,0.0,41,13,104,0
ereq_252791bf-dd49-4888-8ddb-c227ed207032,2026-09-17T23:46:27.093445Z,red-kite:v34,a4590ed4-0b0c-4d86-8968-0844796f30e0,Andrew Brower,4,Berserker,RedTeam,28800,8650,300.34722222222223,186,26,1,24,161.45833333333334,135.41666666666666,3.4722222222222223,34,26,104,0
ereq_252791bf-dd49-4888-8ddb-c227ed207032,2026-09-17T23:46:27.093445Z,gota-g002:v1,a30542cb-54de-4109-92e6-bcabca7db4d8,Alex Smith,5,Vanguard Knight,BlueTeam,28800,1400,48.611111111111114,44,2,0,24,38.19444444444444,10.416666666666666,0.0,24,2,87,0
ereq_252791bf-dd49-4888-8ddb-c227ed207032,2026-09-17T23:46:27.093445Z,macromackie-gota:v4,1a78a3f9-8112-4c2c-831a-f0ffee8dbacc,macromackie,6,Ranger,BlueTeam,28800,9550,331.59722222222223,192,31,1,23,166.66666666666666,161.45833333333334,3.4722222222222223,39,31,87,0
ereq_252791bf-dd49-4888-8ddb-c227ed207032,2026-09-17T23:46:27.093445Z,relh-gods-of-the-arena:v154,99ff8b49-8bb6-4ee2-9204-ff24a8efda4e,relh,7,Arcanist,BlueTeam,28800,6875,238.71527777777777,165,17,2,16,143.22916666666666,88.54166666666667,6.944444444444445,31,17,87,0
ereq_252791bf-dd49-4888-8ddb-c227ed207032,2026-09-17T23:46:27.093445Z,aaron-gota-ir-perimeter-blue_repair-0916-aaron:v1,b64f1ccb-02e1-4ad5-b75b-f374222e9e9a,Aaron,8,Druid Warden,BlueTeam,28800,5525,191.84027777777777,93,20,2,17,80.72916666666667,104.16666666666667,6.944444444444445,30,20,87,0
ereq_252791bf-dd49-4888-8ddb-c227ed207032,2026-09-17T23:46:27.093445Z,aaron-gota-ir-coordinated-support-anchor-0916:v1,9cedf3ff-c7ce-4cff-897f-d48b44e049ad,Aaron's Co-play Coach,9,Demon Hunter,BlueTeam,28800,5200,180.55555555555554,104,16,2,24,90.27777777777777,83.33333333333333,6.944444444444445,17,16,87,0
ereq_3e38db74-693b-4237-9cf2-917b9c50192f,2026-09-17T23:46:27.126173Z,relh-gods-of-the-arena:v154,99ff8b49-8bb6-4ee2-9204-ff24a8efda4e,relh,0,Death Knight,RedTeam,3816,225,58.9622641509434,9,0,0,6,58.9622641509434,0.0,0.0,0,0,10,0
ereq_3e38db74-693b-4237-9cf2-917b9c50192f,2026-09-17T23:46:27.126173Z,gota-g003:v2,8cea4626-a0f1-4dd0-b066-58e6bd194ad3,Scott Smith,1,Crossbowman,RedTeam,3816,1500,393.0817610062893,22,5,2,0,144.12997903563942,196.54088050314465,52.41090146750524,8,5,10,0
ereq_3e38db74-693b-4237-9cf2-917b9c50192f,2026-09-17T23:46:27.126173Z,black-kite:v16,d10d7d74-40a7-4f6c-8838-e09729160349,Andrew Brower B,2,Lich,RedTeam,3816,1175,307.9140461215933,29,3,0,0,189.9895178197065,117.9245283018868,0.0,3,3,10,0
ereq_3e38db74-693b-4237-9cf2-917b9c50192f,2026-09-17T23:46:27.126173Z,red-kite:v34,a4590ed4-0b0c-4d86-8968-0844796f30e0,Andrew Brower,3,Warlock,RedTeam,3816,450,117.9245283018868,12,1,0,0,78.61635220125787,39.308176100628934,0.0,3,1,10,0
ereq_3e38db74-693b-4237-9cf2-917b9c50192f,2026-09-17T23:46:27.126173Z,Jordan-ply_bcb80069-fb0c-4ba5-a45c-06b647870aeb:v218,f1cf890b-42d5-4cca-98cc-782774a7e9a7,Jordan,4,Berserker,RedTeam,3816,650,170.33542976939202,16,1,1,2,104.82180293501048,39.308176100628934,26.20545073375262,5,1,10,0
ereq_3e38db74-693b-4237-9cf2-917b9c50192f,2026-09-17T23:46:27.126173Z,james-botts-gota:v13,40d72eea-ac61-44b0-aaf4-7828fbf30170,James Botts,5,Vanguard Knight,BlueTeam,3816,425,111.37316561844864,17,0,0,2,111.37316561844864,0.0,0.0,0,0,8,1
ereq_3e38db74-693b-4237-9cf2-917b9c50192f,2026-09-17T23:46:27.126173Z,aaron-gota-ir-perimeter-blue_repair-0916-aaron:v1,b64f1ccb-02e1-4ad5-b75b-f374222e9e9a,Aaron,6,Ranger,BlueTeam,3816,2325,609.2767295597484,35,5,7,0,229.29769392033543,196.54088050314465,183.43815513626834,6,5,8,1
ereq_3e38db74-693b-4237-9cf2-917b9c50192f,2026-09-17T23:46:27.126173Z,richard-gods-of-the-arena:v78,881a807d-68ab-4a62-9b6c-e98694cf0bc3,richard,7,Arcanist,BlueTeam,3816,550,144.12997903563942,10,2,0,5,65.51362683438155,78.61635220125787,0.0,2,2,8,1
ereq_3e38db74-693b-4237-9cf2-917b9c50192f,2026-09-17T23:46:27.126173Z,gota-g002:v1,a30542cb-54de-4109-92e6-bcabca7db4d8,Alex Smith,8,Druid Warden,BlueTeam,3816,500,131.0272536687631,14,1,0,1,91.71907756813417,39.308176100628934,0.0,4,1,8,1
ereq_3e38db74-693b-4237-9cf2-917b9c50192f,2026-09-17T23:46:27.126173Z,nancy-goa:v2,2777766f-4931-4fd9-83f2-44a3f509ede1,NanosaurusX,9,Demon Hunter,BlueTeam,3816,200,52.41090146750524,8,0,0,2,52.41090146750524,0.0,0.0,2,0,8,1
ereq_a5864f16-094a-4c38-b308-6ac6c8c2e9a8,2026-09-17T23:46:27.099565Z,james-botts-gota:v13,40d72eea-ac61-44b0-aaf4-7828fbf30170,James Botts,0,Death Knight,RedTeam,16354,1975,120.76556194203253,55,4,0,1,84.0772899596429,36.68827198238963,0.0,16,4,53,1
ereq_a5864f16-094a-4c38-b308-6ac6c8c2e9a8,2026-09-17T23:46:27.099565Z,red-kite:v34,a4590ed4-0b0c-4d86-8968-0844796f30e0,Andrew Brower,1,Crossbowman,RedTeam,16354,6300,385.2268558150911,140,18,1,7,214.01491989727285,165.09722392075332,6.114711997064938,24,18,53,1
ereq_a5864f16-094a-4c38-b308-6ac6c8c2e9a8,2026-09-17T23:46:27.099565Z,macromackie-gota:v4,1a78a3f9-8112-4c2c-831a-f0ffee8dbacc,macromackie,2,Lich,RedTeam,16354,5325,325.608413843708,105,18,0,16,160.51118992295463,165.09722392075332,0.0,22,18,53,1
ereq_a5864f16-094a-4c38-b308-6ac6c8c2e9a8,2026-09-17T23:46:27.099565Z,Polyworld GOTA base.bas:v1,e8aed568-d03c-49bf-beaf-68c731f05d26,Andre von Houck,3,Warlock,RedTeam,16354,1325,81.01993396111043,29,4,0,13,44.3316619787208,36.68827198238963,0.0,16,4,53,1
ereq_a5864f16-094a-4c38-b308-6ac6c8c2e9a8,2026-09-17T23:46:27.099565Z,aaron-gota-ir-coordinated-support-anchor-0916:v1,9cedf3ff-c7ce-4cff-897f-d48b44e049ad,Aaron's Co-play Coach,4,Berserker,RedTeam,16354,3525,215.54359789653907,79,7,5,7,120.76556194203253,64.20447596918186,30.573559985324692,12,7,53,1
ereq_a5864f16-094a-4c38-b308-6ac6c8c2e9a8,2026-09-17T23:46:27.099565Z,gota-codex-side-aware-team-secondary-20260917:v1,a7551ee6-ef55-48f0-81bc-d1ba68ca54c2,daveey-2,5,Vanguard Knight,BlueTeam,16354,1100,67.26183196771431,32,2,0,9,48.917695976519504,18.344135991194815,0.0,7,2,44,0
ereq_a5864f16-094a-4c38-b308-6ac6c8c2e9a8,2026-09-17T23:46:27.099565Z,Jordan-ply_bcb80069-fb0c-4ba5-a45c-06b647870aeb:v218,f1cf890b-42d5-4cca-98cc-782774a7e9a7,Jordan,6,Ranger,BlueTeam,16354,1975,120.76556194203253,31,8,0,12,47.389017977253275,73.37654396477926,0.0,12,8,44,0
ereq_a5864f16-094a-4c38-b308-6ac6c8c2e9a8,2026-09-17T23:46:27.099565Z,black-kite:v16,d10d7d74-40a7-4f6c-8838-e09729160349,Andrew Brower B,7,Arcanist,BlueTeam,16354,2750,168.1545799192858,26,14,0,13,39.7456279809221,128.4089519383637,0.0,15,14,44,0
ereq_a5864f16-094a-4c38-b308-6ac6c8c2e9a8,2026-09-17T23:46:27.099565Z,aaron-gota-ir-perimeter-blue_repair-0916-aaron:v1,b64f1ccb-02e1-4ad5-b75b-f374222e9e9a,Aaron,8,Druid Warden,BlueTeam,16354,4500,275.1620398679222,52,16,8,7,79.4912559618442,146.75308792955852,48.917695976519504,19,16,44,0
ereq_a5864f16-094a-4c38-b308-6ac6c8c2e9a8,2026-09-17T23:46:27.099565Z,richard-gods-of-the-arena:v78,881a807d-68ab-4a62-9b6c-e98694cf0bc3,richard,9,Demon Hunter,BlueTeam,16354,2975,181.9126819126819,97,3,1,12,148.28176592882474,27.51620398679222,6.114711997064938,9,3,44,0
ereq_a8ee7361-9c28-4e17-8bbd-1f42ca5562fd,2026-09-17T23:46:27.100271Z,aaron-gota-ir-perimeter-blue_repair-0916-aaron:v1,b64f1ccb-02e1-4ad5-b75b-f374222e9e9a,Aaron,0,Death Knight,RedTeam,20103,1750,87.05168382828434,16,9,0,3,19.897527732179277,67.15415609610505,0.0,24,9,59,1
ereq_a8ee7361-9c28-4e17-8bbd-1f42ca5562fd,2026-09-17T23:46:27.100271Z,james-botts-gota:v13,40d72eea-ac61-44b0-aaf4-7828fbf30170,James Botts,1,Crossbowman,RedTeam,20103,4550,226.33437795353927,170,2,0,4,211.41123215440481,14.923145799134458,0.0,10,2,59,1
ereq_a8ee7361-9c28-4e17-8bbd-1f42ca5562fd,2026-09-17T23:46:27.100271Z,aaron-gota-ir-coordinated-support-anchor-0916:v1,9cedf3ff-c7ce-4cff-897f-d48b44e049ad,Aaron's Co-play Coach,2,Lich,RedTeam,20103,2325,115.65437994329204,15,13,0,3,18.65393224891807,97.00044769437397,0.0,23,13,59,1
ereq_a8ee7361-9c28-4e17-8bbd-1f42ca5562fd,2026-09-17T23:46:27.100271Z,gota-g003:v2,8cea4626-a0f1-4dd0-b066-58e6bd194ad3,Scott Smith,3,Warlock,RedTeam,20103,3250,161.66741282395662,86,6,2,13,106.94921156046361,44.76943739740337,9.948763866089639,18,6,59,1
ereq_a8ee7361-9c28-4e17-8bbd-1f42ca5562fd,2026-09-17T23:46:27.100271Z,gota-g002:v1,a30542cb-54de-4109-92e6-bcabca7db4d8,Alex Smith,4,Berserker,RedTeam,20103,8125,404.16853205989156,139,27,6,14,172.85977217330748,201.46246828831516,29.846291598268916,40,27,59,1
ereq_a8ee7361-9c28-4e17-8bbd-1f42ca5562fd,2026-09-17T23:46:27.100271Z,Jordan-ply_bcb80069-fb0c-4ba5-a45c-06b647870aeb:v218,f1cf890b-42d5-4cca-98cc-782774a7e9a7,Jordan,5,Vanguard Knight,BlueTeam,20103,1200,59.69258319653783,24,4,0,16,29.846291598268916,29.846291598268916,0.0,10,4,37,0
ereq_a8ee7361-9c28-4e17-8bbd-1f42ca5562fd,2026-09-17T23:46:27.100271Z,Polyworld GOTA base.bas:v1,e8aed568-d03c-49bf-beaf-68c731f05d26,Andre von Houck,6,Ranger,BlueTeam,20103,3375,167.88539024026264,69,11,0,5,85.80808834502314,82.07730189523951,0.0,19,11,37,0
ereq_a8ee7361-9c28-4e17-8bbd-1f42ca5562fd,2026-09-17T23:46:27.100271Z,richard-gods-of-the-arena:v78,881a807d-68ab-4a62-9b6c-e98694cf0bc3,richard,7,Arcanist,BlueTeam,20103,5725,284.7833656668159,151,11,3,14,187.78291797244194,82.07730189523951,14.923145799134458,20,11,37,0
ereq_a8ee7361-9c28-4e17-8bbd-1f42ca5562fd,2026-09-17T23:46:27.100271Z,macromackie-gota:v4,1a78a3f9-8112-4c2c-831a-f0ffee8dbacc,macromackie,8,Druid Warden,BlueTeam,20103,2050,101.9748296274188,42,6,1,15,52.2310102969706,44.76943739740337,4.974381933044819,18,6,37,0
ereq_a8ee7361-9c28-4e17-8bbd-1f42ca5562fd,2026-09-17T23:46:27.100271Z,gota-vanguard-rally-hold:v1,3ccd4955-3d9c-4c79-a243-e5dc12d650ad,daveey,9,Demon Hunter,BlueTeam,20103,1850,92.02606576132915,42,4,2,9,52.2310102969706,29.846291598268916,9.948763866089639,16,4,37,0
ereq_478e0b98-f0fb-4d44-9f94-6b32895274c6,2026-09-17T23:46:27.117868Z,red-kite:v34,a4590ed4-0b0c-4d86-8968-0844796f30e0,Andrew Brower,0,Death Knight,RedTeam,13860,3850,277.77777777777777,120,5,1,5,216.45021645021646,54.112554112554115,7.215007215007215,10,5,45,1
ereq_478e0b98-f0fb-4d44-9f94-6b32895274c6,2026-09-17T23:46:27.117868Z,gota-codex-side-aware-team-secondary-20260917:v1,a7551ee6-ef55-48f0-81bc-d1ba68ca54c2,daveey-2,1,Crossbowman,RedTeam,13860,3900,281.38528138528136,58,15,2,7,104.61760461760461,162.33766233766235,14.43001443001443,22,15,45,1
ereq_478e0b98-f0fb-4d44-9f94-6b32895274c6,2026-09-17T23:46:27.117868Z,macromackie-gota:v4,1a78a3f9-8112-4c2c-831a-f0ffee8dbacc,macromackie,2,Lich,RedTeam,13860,1900,137.0851370851371,42,5,1,8,75.75757575757575,54.112554112554115,7.215007215007215,13,5,45,1
ereq_478e0b98-f0fb-4d44-9f94-6b32895274c6,2026-09-17T23:46:27.117868Z,Jordan-ply_bcb80069-fb0c-4ba5-a45c-06b647870aeb:v218,f1cf890b-42d5-4cca-98cc-782774a7e9a7,Jordan,3,Warlock,RedTeam,13860,3275,236.29148629148628,57,9,5,5,102.81385281385282,97.40259740259741,36.075036075036074,14,9,45,1
ereq_478e0b98-f0fb-4d44-9f94-6b32895274c6,2026-09-17T23:46:27.117868Z,gota-g002:v1,a30542cb-54de-4109-92e6-bcabca7db4d8,Alex Smith,4,Berserker,RedTeam,13860,1925,138.88888888888889,29,8,0,11,52.308802308802306,86.58008658008659,0.0,14,8,45,1
ereq_478e0b98-f0fb-4d44-9f94-6b32895274c6,2026-09-17T23:46:27.117868Z,james-botts-gota:v13,40d72eea-ac61-44b0-aaf4-7828fbf30170,James Botts,5,Vanguard Knight,BlueTeam,13860,1025,73.95382395382396,41,0,0,4,73.95382395382396,0.0,0.0,7,0,36,0
ereq_478e0b98-f0fb-4d44-9f94-6b32895274c6,2026-09-17T23:46:27.117868Z,relh-gods-of-the-arena:v154,99ff8b49-8bb6-4ee2-9204-ff24a8efda4e,relh,6,Ranger,BlueTeam,13860,3675,265.1515151515151,93,7,3,10,167.74891774891776,75.75757575757575,21.645021645021647,11,7,36,0
ereq_478e0b98-f0fb-4d44-9f94-6b32895274c6,2026-09-17T23:46:27.117868Z,richard-gods-of-the-arena:v78,881a807d-68ab-4a62-9b6c-e98694cf0bc3,richard,7,Arcanist,BlueTeam,13860,4700,339.1053391053391,116,10,3,10,209.23520923520923,108.22510822510823,21.645021645021647,16,10,36,0
ereq_478e0b98-f0fb-4d44-9f94-6b32895274c6,2026-09-17T23:46:27.117868Z,Polyworld GOTA base.bas:v1,e8aed568-d03c-49bf-beaf-68c731f05d26,Andre von Houck,8,Druid Warden,BlueTeam,13860,575,41.486291486291485,11,2,0,15,19.841269841269842,21.645021645021647,0.0,12,2,36,0
ereq_478e0b98-f0fb-4d44-9f94-6b32895274c6,2026-09-17T23:46:27.117868Z,black-kite:v16,d10d7d74-40a7-4f6c-8838-e09729160349,Andrew Brower B,9,Demon Hunter,BlueTeam,13860,4650,335.4978354978355,116,11,1,6,209.23520923520923,119.04761904761905,7.215007215007215,14,11,36,0
ereq_3ba84a37-29dc-48b9-9fbd-c7dff8fc1b68,2026-09-17T23:46:27.106123Z,Jordan-ply_bcb80069-fb0c-4ba5-a45c-06b647870aeb:v218,f1cf890b-42d5-4cca-98cc-782774a7e9a7,Jordan,0,Death Knight,RedTeam,14204,3275,230.5688538439876,89,7,0,9,156.64601520698395,73.92283863700366,0.0,10,7,29,1
ereq_3ba84a37-29dc-48b9-9fbd-c7dff8fc1b68,2026-09-17T23:46:27.106123Z,aaron-gota-ir-coordinated-support-anchor-0916:v1,9cedf3ff-c7ce-4cff-897f-d48b44e049ad,Aaron's Co-play Coach,1,Crossbowman,RedTeam,14204,4050,285.13094902844267,72,13,3,6,126.72486623486341,137.28527175443537,21.120811039143902,14,13,29,1
ereq_3ba84a37-29dc-48b9-9fbd-c7dff8fc1b68,2026-09-17T23:46:27.106123Z,Polyworld GOTA base.bas:v1,e8aed568-d03c-49bf-beaf-68c731f05d26,Andre von Houck,2,Lich,RedTeam,14204,2825,198.88763728527175,83,5,0,6,146.085609687412,52.802027597859755,0.0,9,5,29,1
ereq_3ba84a37-29dc-48b9-9fbd-c7dff8fc1b68,2026-09-17T23:46:27.106123Z,richard-gods-of-the-arena:v78,881a807d-68ab-4a62-9b6c-e98694cf0bc3,richard,3,Warlock,RedTeam,14204,1325,93.28358208955224,35,3,0,14,61.60236553083639,31.681216558715853,0.0,7,3,29,1
ereq_3ba84a37-29dc-48b9-9fbd-c7dff8fc1b68,2026-09-17T23:46:27.106123Z,gota-vanguard-rally-hold:v1,3ccd4955-3d9c-4c79-a243-e5dc12d650ad,daveey,4,Berserker,RedTeam,14204,950,66.88256829062236,30,0,2,9,52.802027597859755,0.0,14.080540692762602,8,0,29,1
ereq_3ba84a37-29dc-48b9-9fbd-c7dff8fc1b68,2026-09-17T23:46:27.106123Z,gota-g002:v1,a30542cb-54de-4109-92e6-bcabca7db4d8,Alex Smith,5,Vanguard Knight,BlueTeam,14204,2375,167.2064207265559,77,3,0,16,135.52520416784006,31.681216558715853,0.0,11,3,44,0
ereq_3ba84a37-29dc-48b9-9fbd-c7dff8fc1b68,2026-09-17T23:46:27.106123Z,red-kite:v34,a4590ed4-0b0c-4d86-8968-0844796f30e0,Andrew Brower,6,Ranger,BlueTeam,14204,7600,535.0605463249789,128,28,2,3,225.28865108420163,295.69135454801466,14.080540692762602,29,28,44,0
ereq_3ba84a37-29dc-48b9-9fbd-c7dff8fc1b68,2026-09-17T23:46:27.106123Z,aaron-gota-ir-perimeter-blue_repair-0916-aaron:v1,b64f1ccb-02e1-4ad5-b75b-f374222e9e9a,Aaron,7,Arcanist,BlueTeam,14204,2475,174.2466910729372,41,9,1,4,72.16277105040834,95.04364967614757,7.040270346381301,13,9,44,0
ereq_3ba84a37-29dc-48b9-9fbd-c7dff8fc1b68,2026-09-17T23:46:27.106123Z,black-kite:v16,d10d7d74-40a7-4f6c-8838-e09729160349,Andrew Brower B,8,Druid Warden,BlueTeam,14204,675,47.52182483807378,21,1,0,4,36.96141931850183,10.560405519571951,0.0,17,1,44,0
ereq_3ba84a37-29dc-48b9-9fbd-c7dff8fc1b68,2026-09-17T23:46:27.106123Z,james-botts-gota:v13,40d72eea-ac61-44b0-aaf4-7828fbf30170,James Botts,9,Demon Hunter,BlueTeam,14204,3650,256.9698676429175,140,1,0,2,246.40946212334555,10.560405519571951,0.0,3,1,44,0
ereq_0225e9c5-caab-4f4d-9dd1-322e7ef255df,2026-09-17T23:46:27.106825Z,james-botts-gota:v13,40d72eea-ac61-44b0-aaf4-7828fbf30170,James Botts,0,Death Knight,RedTeam,10483,975,93.00772679576457,29,1,1,3,69.1595917199275,14.308881045502241,9.539254030334828,6,1,27,0
ereq_0225e9c5-caab-4f4d-9dd1-322e7ef255df,2026-09-17T23:46:27.106825Z,red-kite:v34,a4590ed4-0b0c-4d86-8968-0844796f30e0,Andrew Brower,1,Crossbowman,RedTeam,10483,3075,293.33206143279597,75,6,3,2,178.86101306877802,85.85328627301345,28.617762091004483,10,6,27,0
ereq_0225e9c5-caab-4f4d-9dd1-322e7ef255df,2026-09-17T23:46:27.106825Z,gota-g003:v2,8cea4626-a0f1-4dd0-b066-58e6bd194ad3,Scott Smith,2,Lich,RedTeam,10483,3825,364.8764666603072,85,8,5,3,202.70914814461509,114.47104836401793,47.69627015167414,10,8,27,0
ereq_0225e9c5-caab-4f4d-9dd1-322e7ef255df,2026-09-17T23:46:27.106825Z,Jordan-ply_bcb80069-fb0c-4ba5-a45c-06b647870aeb:v218,f1cf890b-42d5-4cca-98cc-782774a7e9a7,Jordan,3,Warlock,RedTeam,10483,1050,100.16216731851569,30,2,0,3,71.5444052275112,28.617762091004483,0.0,7,2,27,0
ereq_0225e9c5-caab-4f4d-9dd1-322e7ef255df,2026-09-17T23:46:27.106825Z,black-kite:v16,d10d7d74-40a7-4f6c-8838-e09729160349,Andrew Brower B,4,Berserker,RedTeam,10483,2575,245.6357912811218,49,9,0,11,116.85586187160165,128.77992940952018,0.0,9,8,27,0
ereq_0225e9c5-caab-4f4d-9dd1-322e7ef255df,2026-09-17T23:46:27.106825Z,gota-codex-side-aware-team-secondary-20260917:v1,a7551ee6-ef55-48f0-81bc-d1ba68ca54c2,daveey-2,5,Vanguard Knight,BlueTeam,10483,875,83.46847276542974,23,2,0,6,54.85071067442526,28.617762091004483,0.0,4,2,22,1
ereq_0225e9c5-caab-4f4d-9dd1-322e7ef255df,2026-09-17T23:46:27.106825Z,macromackie-gota:v4,1a78a3f9-8112-4c2c-831a-f0ffee8dbacc,macromackie,6,Ranger,BlueTeam,10483,2175,207.47877515978251,29,7,4,5,69.1595917199275,100.16216731851569,38.15701612133931,11,7,22,1
ereq_0225e9c5-caab-4f4d-9dd1-322e7ef255df,2026-09-17T23:46:27.106825Z,gota-vanguard-rally-hold:v1,3ccd4955-3d9c-4c79-a243-e5dc12d650ad,daveey,7,Arcanist,BlueTeam,10483,2750,262.3294858342078,66,4,5,2,157.39769150052467,57.235524182008966,47.69627015167414,16,4,22,1
ereq_0225e9c5-caab-4f4d-9dd1-322e7ef255df,2026-09-17T23:46:27.106825Z,Polyworld GOTA base.bas:v1,e8aed568-d03c-49bf-beaf-68c731f05d26,Andre von Houck,8,Druid Warden,BlueTeam,10483,550,52.46589716684155,4,3,0,6,9.539254030334828,42.926643136506726,0.0,12,3,22,1
ereq_0225e9c5-caab-4f4d-9dd1-322e7ef255df,2026-09-17T23:46:27.106825Z,aaron-gota-ir-perimeter-blue_repair-0916-aaron:v1,b64f1ccb-02e1-4ad5-b75b-f374222e9e9a,Aaron,9,Demon Hunter,BlueTeam,10483,2525,240.8661642659544,71,3,3,8,169.3217590384432,42.926643136506726,28.617762091004483,6,3,22,1
ereq_4ea99e62-e7cd-4667-8907-03e64480e580,2026-09-17T23:46:27.091879Z,james-botts-gota:v13,40d72eea-ac61-44b0-aaf4-7828fbf30170,James Botts,0,Death Knight,RedTeam,4927,850,172.51877410188754,28,1,0,0,142.07428455449565,30.44448954739192,0.0,3,1,10,0
ereq_4ea99e62-e7cd-4667-8907-03e64480e580,2026-09-17T23:46:27.091879Z,macromackie-gota:v4,1a78a3f9-8112-4c2c-831a-f0ffee8dbacc,macromackie,1,Crossbowman,RedTeam,4927,1375,279.0744875177593,31,2,3,1,157.2965293281916,60.88897909478384,60.88897909478384,4,2,10,0
ereq_4ea99e62-e7cd-4667-8907-03e64480e580,2026-09-17T23:46:27.091879Z,gota-g002:v1,a30542cb-54de-4109-92e6-bcabca7db4d8,Alex Smith,2,Lich,RedTeam,4927,625,126.85203978079967,3,3,1,1,15.22224477369596,91.33346864217576,20.29632636492795,6,3,10,0
ereq_4ea99e62-e7cd-4667-8907-03e64480e580,2026-09-17T23:46:27.091879Z,Jordan-ply_bcb80069-fb0c-4ba5-a45c-06b647870aeb:v218,f1cf890b-42d5-4cca-98cc-782774a7e9a7,Jordan,3,Warlock,RedTeam,4927,250,50.74081591231987,10,0,0,2,50.74081591231987,0.0,0.0,5,0,10,0
ereq_4ea99e62-e7cd-4667-8907-03e64480e580,2026-09-17T23:46:27.091879Z,gota-codex-side-aware-team-secondary-20260917:v1,a7551ee6-ef55-48f0-81bc-d1ba68ca54c2,daveey-2,4,Berserker,RedTeam,4927,1400,284.1485691089913,32,4,0,3,162.3706109194236,121.77795818956768,0.0,5,4,10,0
ereq_4ea99e62-e7cd-4667-8907-03e64480e580,2026-09-17T23:46:27.091879Z,gota-g003:v2,8cea4626-a0f1-4dd0-b066-58e6bd194ad3,Scott Smith,5,Vanguard Knight,BlueTeam,4927,375,76.11122386847981,9,1,0,5,45.66673432108788,30.44448954739192,0.0,2,1,7,1
ereq_4ea99e62-e7cd-4667-8907-03e64480e580,2026-09-17T23:46:27.091879Z,aaron-gota-ir-coordinated-support-anchor-0916:v1,9cedf3ff-c7ce-4cff-897f-d48b44e049ad,Aaron's Co-play Coach,6,Ranger,BlueTeam,4927,1900,385.630200933631,38,5,2,0,192.8151004668155,152.22244773695962,40.5926527298559,6,5,7,1
ereq_4ea99e62-e7cd-4667-8907-03e64480e580,2026-09-17T23:46:27.091879Z,red-kite:v34,a4590ed4-0b0c-4d86-8968-0844796f30e0,Andrew Brower,7,Arcanist,BlueTeam,4927,975,197.88918205804748,27,0,3,1,137.00020296326366,0.0,60.88897909478384,0,0,7,1
ereq_4ea99e62-e7cd-4667-8907-03e64480e580,2026-09-17T23:46:27.091879Z,relh-gods-of-the-arena:v154,99ff8b49-8bb6-4ee2-9204-ff24a8efda4e,relh,8,Druid Warden,BlueTeam,4927,150,30.44448954739192,6,0,0,3,30.44448954739192,0.0,0.0,0,0,7,1
ereq_4ea99e62-e7cd-4667-8907-03e64480e580,2026-09-17T23:46:27.091879Z,aaron-gota-ir-perimeter-blue_repair-0916-aaron:v1,b64f1ccb-02e1-4ad5-b75b-f374222e9e9a,Aaron,9,Demon Hunter,BlueTeam,4927,825,167.44469251065559,13,0,5,1,65.96306068601584,0.0,101.48163182463973,0,0,7,1
ereq_35d8ca46-4067-4647-9231-4f5386e011da,2026-09-17T23:46:27.115671Z,gota-g003:v2,8cea4626-a0f1-4dd0-b066-58e6bd194ad3,Scott Smith,0,Death Knight,RedTeam,14297,2925,204.58837518360494,59,9,1,10,103.16849688745891,94.42540393089459,6.994474365251452,21,8,48,0
ereq_35d8ca46-4067-4647-9231-4f5386e011da,2026-09-17T23:46:27.115671Z,macromackie-gota:v4,1a78a3f9-8112-4c2c-831a-f0ffee8dbacc,macromackie,1,Crossbowman,RedTeam,14297,5550,388.19332727145553,124,15,2,8,216.828705322795,157.37567321815766,13.988948730502903,32,15,48,0
ereq_35d8ca46-4067-4647-9231-4f5386e011da,2026-09-17T23:46:27.115671Z,james-botts-gota:v13,40d72eea-ac61-44b0-aaf4-7828fbf30170,James Botts,2,Lich,RedTeam,14297,950,66.4475064698888,26,2,0,4,45.46408337413443,20.983423095754354,0.0,25,2,48,0
ereq_35d8ca46-4067-4647-9231-4f5386e011da,2026-09-17T23:46:27.115671Z,gota-g002:v1,a30542cb-54de-4109-92e6-bcabca7db4d8,Alex Smith,3,Warlock,RedTeam,14297,3275,229.06903546198504,49,13,1,12,85.68231097433028,136.3922501224033,6.994474365251452,35,13,48,0
ereq_35d8ca46-4067-4647-9231-4f5386e011da,2026-09-17T23:46:27.115671Z,Jordan-ply_bcb80069-fb0c-4ba5-a45c-06b647870aeb:v218,f1cf890b-42d5-4cca-98cc-782774a7e9a7,Jordan,4,Berserker,RedTeam,14297,2100,146.88396167028048,42,7,0,13,73.44198083514024,73.44198083514024,0.0,20,7,48,0
ereq_35d8ca46-4067-4647-9231-4f5386e011da,2026-09-17T23:46:27.115671Z,gota-codex-side-aware-team-secondary-20260917:v1,a7551ee6-ef55-48f0-81bc-d1ba68ca54c2,daveey-2,5,Vanguard Knight,BlueTeam,14297,1075,75.1905994264531,7,4,3,9,12.24033013919004,41.96684619150871,20.983423095754354,11,4,47,1
ereq_35d8ca46-4067-4647-9231-4f5386e011da,2026-09-17T23:46:27.115671Z,aaron-gota-ir-coordinated-support-anchor-0916:v1,9cedf3ff-c7ce-4cff-897f-d48b44e049ad,Aaron's Co-play Coach,6,Ranger,BlueTeam,14297,6450,451.1435965587186,52,29,8,6,90.92816674826886,304.25963488843814,55.95579492201161,34,29,47,1
ereq_35d8ca46-4067-4647-9231-4f5386e011da,2026-09-17T23:46:27.115671Z,red-kite:v34,a4590ed4-0b0c-4d86-8968-0844796f30e0,Andrew Brower,7,Arcanist,BlueTeam,14297,3125,218.57732391410786,69,8,2,7,120.65468280058754,83.93369238301742,13.988948730502903,8,8,47,1
ereq_35d8ca46-4067-4647-9231-4f5386e011da,2026-09-17T23:46:27.115671Z,richard-gods-of-the-arena:v78,881a807d-68ab-4a62-9b6c-e98694cf0bc3,richard,8,Druid Warden,BlueTeam,14297,725,50.70993914807302,13,2,1,13,22.732041687067216,20.983423095754354,6.994474365251452,13,2,47,1
ereq_35d8ca46-4067-4647-9231-4f5386e011da,2026-09-17T23:46:27.115671Z,relh-gods-of-the-arena:v154,99ff8b49-8bb6-4ee2-9204-ff24a8efda4e,relh,9,Demon Hunter,BlueTeam,14297,1200,83.93369238301742,26,3,1,13,45.46408337413443,31.47513464363153,6.994474365251452,7,3,47,1
ereq_26a45e06-1d73-4171-a914-c03ac652e0d8,2026-09-17T23:46:27.119282Z,Jordan-ply_bcb80069-fb0c-4ba5-a45c-06b647870aeb:v218,f1cf890b-42d5-4cca-98cc-782774a7e9a7,Jordan,0,Death Knight,RedTeam,18159,2950,162.45387961892175,78,6,1,14,107.38476788369404,49.56220056170494,5.506911173522771,16,6,48,0
ereq_26a45e06-1d73-4171-a914-c03ac652e0d8,2026-09-17T23:46:27.119282Z,richard-gods-of-the-arena:v78,881a807d-68ab-4a62-9b6c-e98694cf0bc3,richard,1,Crossbowman,RedTeam,18159,6000,330.4146704113663,132,18,0,15,181.72806872625145,148.68660168511482,0.0,24,18,48,0
ereq_26a45e06-1d73-4171-a914-c03ac652e0d8,2026-09-17T23:46:27.119282Z,red-kite:v34,a4590ed4-0b0c-4d86-8968-0844796f30e0,Andrew Brower,2,Lich,RedTeam,18159,4775,262.9550085357123,117,11,2,14,161.07715182554105,90.86403436312573,11.013822347045542,16,11,48,0
ereq_26a45e06-1d73-4171-a914-c03ac652e0d8,2026-09-17T23:46:27.119282Z,nancy-goa:v2,2777766f-4931-4fd9-83f2-44a3f509ede1,NanosaurusX,3,Warlock,RedTeam,18159,775,42.67856159480148,31,0,0,10,42.67856159480148,0.0,0.0,6,0,48,0
ereq_26a45e06-1d73-4171-a914-c03ac652e0d8,2026-09-17T23:46:27.119282Z,khors:v1,fa00903c-0ba4-4eec-b20f-4c082550d80f,Andre von Auto,4,Berserker,RedTeam,18159,3675,202.37898562696185,81,11,0,20,111.51495126383611,90.86403436312573,0.0,20,11,48,0
ereq_26a45e06-1d73-4171-a914-c03ac652e0d8,2026-09-17T23:46:27.119282Z,Polyworld GOTA base.bas:v1,e8aed568-d03c-49bf-beaf-68c731f05d26,Andre von Houck,5,Vanguard Knight,BlueTeam,18159,950,52.315656148466324,32,1,0,14,44.05528938818217,8.260366760284157,0.0,20,1,73,1
ereq_26a45e06-1d73-4171-a914-c03ac652e0d8,2026-09-17T23:46:27.119282Z,aaron-gota-ir-perimeter-blue_repair-0916-aaron:v1,b64f1ccb-02e1-4ad5-b75b-f374222e9e9a,Aaron,6,Ranger,BlueTeam,18159,11350,625.0344181948345,118,50,9,7,162.45387961892175,413.0183380142078,49.56220056170494,57,50,73,1
ereq_26a45e06-1d73-4171-a914-c03ac652e0d8,2026-09-17T23:46:27.119282Z,james-botts-gota:v13,40d72eea-ac61-44b0-aaf4-7828fbf30170,James Botts,7,Arcanist,BlueTeam,18159,2925,161.07715182554105,63,9,0,3,86.73385098298364,74.34330084255741,0.0,43,8,73,1
ereq_26a45e06-1d73-4171-a914-c03ac652e0d8,2026-09-17T23:46:27.119282Z,black-kite:v16,d10d7d74-40a7-4f6c-8838-e09729160349,Andrew Brower B,8,Druid Warden,BlueTeam,18159,1000,55.06911173522771,40,0,0,9,55.06911173522771,0.0,0.0,3,0,73,1
ereq_26a45e06-1d73-4171-a914-c03ac652e0d8,2026-09-17T23:46:27.119282Z,macromackie-gota:v4,1a78a3f9-8112-4c2c-831a-f0ffee8dbacc,macromackie,9,Demon Hunter,BlueTeam,18159,4200,231.2902692879564,120,8,0,15,165.20733520568314,66.08293408227325,0.0,19,8,73,1
ereq_8d88b3ee-9ce8-400b-9148-da56fd38261b,2026-09-17T23:46:27.092689Z,gota-g002:v1,a30542cb-54de-4109-92e6-bcabca7db4d8,Alex Smith,0,Death Knight,RedTeam,3555,325,91.42053445850914,9,0,1,2,63.29113924050633,0.0,28.129395218002813,4,0,10,0
ereq_8d88b3ee-9ce8-400b-9148-da56fd38261b,2026-09-17T23:46:27.092689Z,james-botts-gota:v13,40d72eea-ac61-44b0-aaf4-7828fbf30170,James Botts,1,Crossbowman,RedTeam,3555,375,105.48523206751055,9,1,0,2,63.29113924050633,42.19409282700422,0.0,1,1,10,0
ereq_8d88b3ee-9ce8-400b-9148-da56fd38261b,2026-09-17T23:46:27.092689Z,aaron-gota-ir-coordinated-support-anchor-0916:v1,9cedf3ff-c7ce-4cff-897f-d48b44e049ad,Aaron's Co-play Coach,2,Lich,RedTeam,3555,1400,393.8115330520394,34,3,1,1,239.0998593530239,126.58227848101266,28.129395218002813,3,3,10,0
ereq_8d88b3ee-9ce8-400b-9148-da56fd38261b,2026-09-17T23:46:27.092689Z,richard-gods-of-the-arena:v78,881a807d-68ab-4a62-9b6c-e98694cf0bc3,richard,3,Warlock,RedTeam,3555,850,239.0998593530239,16,3,0,1,112.51758087201125,126.58227848101266,0.0,3,2,10,0
ereq_8d88b3ee-9ce8-400b-9148-da56fd38261b,2026-09-17T23:46:27.092689Z,khors:v1,fa00903c-0ba4-4eec-b20f-4c082550d80f,Andre von Auto,4,Berserker,RedTeam,3555,1050,295.3586497890295,8,3,4,0,56.258790436005626,126.58227848101266,112.51758087201125,6,3,10,0
ereq_8d88b3ee-9ce8-400b-9148-da56fd38261b,2026-09-17T23:46:27.092689Z,black-kite:v16,d10d7d74-40a7-4f6c-8838-e09729160349,Andrew Brower B,5,Vanguard Knight,BlueTeam,3555,525,147.67932489451476,15,1,0,3,105.48523206751055,42.19409282700422,0.0,2,1,6,1
ereq_8d88b3ee-9ce8-400b-9148-da56fd38261b,2026-09-17T23:46:27.092689Z,Jordan-ply_bcb80069-fb0c-4ba5-a45c-06b647870aeb:v218,f1cf890b-42d5-4cca-98cc-782774a7e9a7,Jordan,6,Ranger,BlueTeam,3555,950,267.22925457102673,12,3,2,0,84.38818565400844,126.58227848101266,56.258790436005626,3,3,6,1
ereq_8d88b3ee-9ce8-400b-9148-da56fd38261b,2026-09-17T23:46:27.092689Z,aaron-gota-ir-perimeter-blue_repair-0916-aaron:v1,b64f1ccb-02e1-4ad5-b75b-f374222e9e9a,Aaron,7,Arcanist,BlueTeam,3555,875,246.13220815752462,23,0,3,0,161.74402250351616,0.0,84.38818565400844,2,0,6,1
ereq_8d88b3ee-9ce8-400b-9148-da56fd38261b,2026-09-17T23:46:27.092689Z,relh-gods-of-the-arena:v154,99ff8b49-8bb6-4ee2-9204-ff24a8efda4e,relh,8,Druid Warden,BlueTeam,3555,400,112.51758087201125,12,0,1,5,84.38818565400844,0.0,28.129395218002813,1,0,6,1
ereq_8d88b3ee-9ce8-400b-9148-da56fd38261b,2026-09-17T23:46:27.092689Z,red-kite:v34,a4590ed4-0b0c-4d86-8968-0844796f30e0,Andrew Brower,9,Demon Hunter,BlueTeam,3555,75,21.09704641350211,3,0,0,2,21.09704641350211,0.0,0.0,0,0,6,1
ereq_00012fe8-59d1-4ef0-9d7a-3cf53b9a7198,2026-09-17T23:46:27.097350Z,red-kite:v34,a4590ed4-0b0c-4d86-8968-0844796f30e0,Andrew Brower,0,Death Knight,RedTeam,6957,700,100.61808250682766,16,2,0,0,57.49604714675866,43.12203536006899,0.0,2,2,9,0
ereq_00012fe8-59d1-4ef0-9d7a-3cf53b9a7198,2026-09-17T23:46:27.097350Z,relh-gods-of-the-arena:v154,99ff8b49-8bb6-4ee2-9204-ff24a8efda4e,relh,1,Crossbowman,RedTeam,6957,1050,150.92712376024147,36,1,0,4,129.36610608020698,21.561017680034496,0.0,5,1,9,0
ereq_00012fe8-59d1-4ef0-9d7a-3cf53b9a7198,2026-09-17T23:46:27.097350Z,richard-gods-of-the-arena:v78,881a807d-68ab-4a62-9b6c-e98694cf0bc3,richard,2,Lich,RedTeam,6957,1225,176.0816443869484,21,4,1,4,75.46356188012074,86.24407072013798,14.374011786689666,5,4,9,0
ereq_00012fe8-59d1-4ef0-9d7a-3cf53b9a7198,2026-09-17T23:46:27.097350Z,Polyworld GOTA base.bas:v1,e8aed568-d03c-49bf-beaf-68c731f05d26,Andre von Houck,3,Warlock,RedTeam,6957,675,97.02457956015525,27,0,0,10,97.02457956015525,0.0,0.0,1,0,9,0
ereq_00012fe8-59d1-4ef0-9d7a-3cf53b9a7198,2026-09-17T23:46:27.097350Z,gota-g003:v2,8cea4626-a0f1-4dd0-b066-58e6bd194ad3,Scott Smith,4,Berserker,RedTeam,6957,1025,147.33362081356907,35,1,0,10,125.77260313353457,21.561017680034496,0.0,2,1,9,0
ereq_00012fe8-59d1-4ef0-9d7a-3cf53b9a7198,2026-09-17T23:46:27.097350Z,gota-codex-side-aware-team-secondary-20260917:v1,a7551ee6-ef55-48f0-81bc-d1ba68ca54c2,daveey-2,5,Vanguard Knight,BlueTeam,6957,50,7.187005893344833,2,0,0,2,7.187005893344833,0.0,0.0,0,0,28,1
ereq_00012fe8-59d1-4ef0-9d7a-3cf53b9a7198,2026-09-17T23:46:27.097350Z,aaron-gota-ir-perimeter-blue_repair-0916-aaron:v1,b64f1ccb-02e1-4ad5-b75b-f374222e9e9a,Aaron,6,Ranger,BlueTeam,6957,4675,671.9850510277419,43,18,9,0,154.5206267069139,388.098318240621,129.36610608020698,18,18,28,1
ereq_00012fe8-59d1-4ef0-9d7a-3cf53b9a7198,2026-09-17T23:46:27.097350Z,james-botts-gota:v13,40d72eea-ac61-44b0-aaf4-7828fbf30170,James Botts,7,Arcanist,BlueTeam,6957,1575,226.39068564036222,39,4,0,0,140.14661492022424,86.24407072013798,0.0,10,4,28,1
ereq_00012fe8-59d1-4ef0-9d7a-3cf53b9a7198,2026-09-17T23:46:27.097350Z,black-kite:v16,d10d7d74-40a7-4f6c-8838-e09729160349,Andrew Brower B,8,Druid Warden,BlueTeam,6957,650,93.43107661348283,8,3,0,3,28.74802357337933,64.68305304010349,0.0,8,3,28,1
ereq_00012fe8-59d1-4ef0-9d7a-3cf53b9a7198,2026-09-17T23:46:27.097350Z,macromackie-gota:v4,1a78a3f9-8112-4c2c-831a-f0ffee8dbacc,macromackie,9,Demon Hunter,BlueTeam,6957,1575,226.39068564036222,39,2,3,4,140.14661492022424,43.12203536006899,43.12203536006899,3,2,28,1
ereq_004ca585-f092-41f2-ad00-937f48879327,2026-09-17T23:46:27.112782Z,Polyworld GOTA base.bas:v1,e8aed568-d03c-49bf-beaf-68c731f05d26,Andre von Houck,0,Death Knight,RedTeam,5929,25,4.2165626581210995,1,0,0,7,4.2165626581210995,0.0,0.0,0,0,9,0
ereq_004ca585-f092-41f2-ad00-937f48879327,2026-09-17T23:46:27.112782Z,khors:v1,fa00903c-0ba4-4eec-b20f-4c082550d80f,Andre von Auto,1,Crossbowman,RedTeam,5929,1100,185.5287569573284,26,3,0,4,109.6306291111486,75.89812784617979,0.0,5,3,9,0
ereq_004ca585-f092-41f2-ad00-937f48879327,2026-09-17T23:46:27.112782Z,gota-vanguard-rally-hold:v1,3ccd4955-3d9c-4c79-a243-e5dc12d650ad,daveey,2,Lich,RedTeam,5929,1125,189.7453196154495,29,2,1,4,122.2803170855119,50.5987518974532,16.866250632484398,5,2,9,0
ereq_004ca585-f092-41f2-ad00-937f48879327,2026-09-17T23:46:27.112782Z,black-kite:v16,d10d7d74-40a7-4f6c-8838-e09729160349,Andrew Brower B,3,Warlock,RedTeam,5929,1100,185.5287569573284,38,1,0,7,160.2293810086018,25.2993759487266,0.0,1,1,9,0
ereq_004ca585-f092-41f2-ad00-937f48879327,2026-09-17T23:46:27.112782Z,aaron-gota-ir-coordinated-support-anchor-0916:v1,9cedf3ff-c7ce-4cff-897f-d48b44e049ad,Aaron's Co-play Coach,4,Berserker,RedTeam,5929,1725,290.94282341035586,49,2,2,2,206.61157024793388,50.5987518974532,33.732501264968796,2,2,9,0
ereq_004ca585-f092-41f2-ad00-937f48879327,2026-09-17T23:46:27.112782Z,red-kite:v34,a4590ed4-0b0c-4d86-8968-0844796f30e0,Andrew Brower,5,Vanguard Knight,BlueTeam,5929,1225,206.61157024793388,31,3,0,2,130.7134424017541,75.89812784617979,0.0,4,3,24,1
ereq_004ca585-f092-41f2-ad00-937f48879327,2026-09-17T23:46:27.112782Z,aaron-gota-ir-perimeter-blue_repair-0916-aaron:v1,b64f1ccb-02e1-4ad5-b75b-f374222e9e9a,Aaron,6,Ranger,BlueTeam,5929,4025,678.866587957497,39,15,8,0,164.44594366672288,379.490639230899,134.93000505987519,17,15,24,1
ereq_004ca585-f092-41f2-ad00-937f48879327,2026-09-17T23:46:27.112782Z,gota-codex-side-aware-team-secondary-20260917:v1,a7551ee6-ef55-48f0-81bc-d1ba68ca54c2,daveey-2,7,Arcanist,BlueTeam,5929,1425,240.34407151290267,31,3,2,3,130.7134424017541,75.89812784617979,33.732501264968796,6,3,24,1
ereq_004ca585-f092-41f2-ad00-937f48879327,2026-09-17T23:46:27.112782Z,james-botts-gota:v13,40d72eea-ac61-44b0-aaf4-7828fbf30170,James Botts,8,Druid Warden,BlueTeam,5929,450,75.89812784617979,12,1,0,1,50.5987518974532,25.2993759487266,0.0,9,1,24,1
ereq_004ca585-f092-41f2-ad00-937f48879327,2026-09-17T23:46:27.112782Z,gota-g002:v1,a30542cb-54de-4109-92e6-bcabca7db4d8,Alex Smith,9,Demon Hunter,BlueTeam,5929,1325,223.47782088041828,37,2,1,3,156.0128183504807,50.5987518974532,16.866250632484398,4,2,24,1
ereq_23a61e87-ef13-4c0b-badd-f7d0e15b061c,2026-09-17T23:46:27.110589Z,red-kite:v34,a4590ed4-0b0c-4d86-8968-0844796f30e0,Andrew Brower,0,Death Knight,RedTeam,8031,900,112.06574523720583,24,2,0,8,74.71049682480388,37.35524841240194,0.0,2,2,15,0
ereq_23a61e87-ef13-4c0b-badd-f7d0e15b061c,2026-09-17T23:46:27.110589Z,macromackie-gota:v4,1a78a3f9-8112-4c2c-831a-f0ffee8dbacc,macromackie,1,Crossbowman,RedTeam,8031,1750,217.90561573901132,42,4,1,5,130.7433694434068,74.71049682480388,12.451749470800648,7,4,15,0
ereq_23a61e87-ef13-4c0b-badd-f7d0e15b061c,2026-09-17T23:46:27.110589Z,gota-g003:v2,8cea4626-a0f1-4dd0-b066-58e6bd194ad3,Scott Smith,2,Lich,RedTeam,8031,1375,171.2115552235089,49,1,0,10,152.53393101730794,18.67762420620097,0.0,1,1,15,0
ereq_23a61e87-ef13-4c0b-badd-f7d0e15b061c,2026-09-17T23:46:27.110589Z,relh-gods-of-the-arena:v154,99ff8b49-8bb6-4ee2-9204-ff24a8efda4e,relh,3,Warlock,RedTeam,8031,1400,174.32449259120907,46,1,1,6,143.19511891420746,18.67762420620097,12.451749470800648,1,1,15,0
ereq_23a61e87-ef13-4c0b-badd-f7d0e15b061c,2026-09-17T23:46:27.110589Z,aaron-gota-ir-coordinated-support-anchor-0916:v1,9cedf3ff-c7ce-4cff-897f-d48b44e049ad,Aaron's Co-play Coach,4,Berserker,RedTeam,8031,2275,283.27730046071474,49,7,0,4,152.53393101730794,130.7433694434068,0.0,8,7,15,0
ereq_23a61e87-ef13-4c0b-badd-f7d0e15b061c,2026-09-17T23:46:27.110589Z,james-botts-gota:v13,40d72eea-ac61-44b0-aaf4-7828fbf30170,James Botts,5,Vanguard Knight,BlueTeam,8031,1100,136.96924417880712,38,1,0,1,118.29161997260616,18.67762420620097,0.0,7,1,33,1
ereq_23a61e87-ef13-4c0b-badd-f7d0e15b061c,2026-09-17T23:46:27.110589Z,aaron-gota-ir-perimeter-blue_repair-0916-aaron:v1,b64f1ccb-02e1-4ad5-b75b-f374222e9e9a,Aaron,6,Ranger,BlueTeam,8031,5525,687.9591582617358,63,19,11,0,196.1150541651102,354.87485991781847,136.96924417880712,19,19,33,1
ereq_23a61e87-ef13-4c0b-badd-f7d0e15b061c,2026-09-17T23:46:27.110589Z,gota-g002:v1,a30542cb-54de-4109-92e6-bcabca7db4d8,Alex Smith,7,Arcanist,BlueTeam,8031,2175,270.82555098991406,53,5,1,5,164.98568048810858,93.38812103100486,12.451749470800648,9,5,33,1
ereq_23a61e87-ef13-4c0b-badd-f7d0e15b061c,2026-09-17T23:46:27.110589Z,Jordan-ply_bcb80069-fb0c-4ba5-a45c-06b647870aeb:v218,f1cf890b-42d5-4cca-98cc-782774a7e9a7,Jordan,8,Druid Warden,BlueTeam,8031,1100,136.96924417880712,18,3,2,4,56.032872618602916,56.032872618602916,24.903498941601296,8,3,33,1
ereq_23a61e87-ef13-4c0b-badd-f7d0e15b061c,2026-09-17T23:46:27.110589Z,daf-gota-v1:v1,e7d1ba41-3be1-4785-815d-b3c9ad8f46b9,docxology,9,Demon Hunter,BlueTeam,8031,1175,146.3080562819076,23,4,0,5,71.59755945710373,74.71049682480388,0.0,6,4,33,1
ereq_14a0a20e-7e08-4035-9cd8-240d790ea9d3,2026-09-17T23:46:27.098096Z,richard-gods-of-the-arena:v78,881a807d-68ab-4a62-9b6c-e98694cf0bc3,richard,0,Death Knight,RedTeam,7724,575,74.4432936302434,7,2,1,5,22.656654583117557,38.839979285344384,12.94665976178146,3,2,24,1
ereq_14a0a20e-7e08-4035-9cd8-240d790ea9d3,2026-09-17T23:46:27.098096Z,aaron-gota-ir-coordinated-support-anchor-0916:v1,9cedf3ff-c7ce-4cff-897f-d48b44e049ad,Aaron's Co-play Coach,1,Crossbowman,RedTeam,7724,2875,372.216468151217,53,7,5,1,171.54324184360436,135.93992749870534,64.7332988089073,9,7,24,1
ereq_14a0a20e-7e08-4035-9cd8-240d790ea9d3,2026-09-17T23:46:27.098096Z,red-kite:v34,a4590ed4-0b0c-4d86-8968-0844796f30e0,Andrew Brower,2,Lich,RedTeam,7724,2175,281.58984981874676,53,5,1,1,171.54324184360436,97.09994821336095,12.94665976178146,8,5,24,1
ereq_14a0a20e-7e08-4035-9cd8-240d790ea9d3,2026-09-17T23:46:27.098096Z,gota-g003:v2,8cea4626-a0f1-4dd0-b066-58e6bd194ad3,Scott Smith,3,Warlock,RedTeam,7724,700,90.62661833247023,22,1,0,7,71.20662868979804,19.419989642672192,0.0,9,1,24,1
ereq_14a0a20e-7e08-4035-9cd8-240d790ea9d3,2026-09-17T23:46:27.098096Z,Polyworld GOTA base.bas:v1,e8aed568-d03c-49bf-beaf-68c731f05d26,Andre von Houck,4,Berserker,RedTeam,7724,2425,313.9564992232004,49,8,0,5,158.5965820818229,155.35991714137754,0.0,11,8,24,1
ereq_14a0a20e-7e08-4035-9cd8-240d790ea9d3,2026-09-17T23:46:27.098096Z,nancy-goa:v2,2777766f-4931-4fd9-83f2-44a3f509ede1,NanosaurusX,5,Vanguard Knight,BlueTeam,7724,1075,139.1765924391507,37,1,0,4,119.7566027964785,19.419989642672192,0.0,5,1,19,0
ereq_14a0a20e-7e08-4035-9cd8-240d790ea9d3,2026-09-17T23:46:27.098096Z,macromackie-gota:v4,1a78a3f9-8112-4c2c-831a-f0ffee8dbacc,macromackie,6,Ranger,BlueTeam,7724,1250,161.83324702226827,44,1,0,5,142.41325737959608,19.419989642672192,0.0,13,1,19,0
ereq_14a0a20e-7e08-4035-9cd8-240d790ea9d3,2026-09-17T23:46:27.098096Z,black-kite:v16,d10d7d74-40a7-4f6c-8838-e09729160349,Andrew Brower B,7,Arcanist,BlueTeam,7724,875,113.28327291558777,29,1,0,8,93.86328327291558,19.419989642672192,0.0,1,1,19,0
ereq_14a0a20e-7e08-4035-9cd8-240d790ea9d3,2026-09-17T23:46:27.098096Z,james-botts-gota:v13,40d72eea-ac61-44b0-aaf4-7828fbf30170,James Botts,8,Druid Warden,BlueTeam,7724,1525,197.43656136716726,61,0,0,3,197.43656136716726,0.0,0.0,2,0,19,0
ereq_14a0a20e-7e08-4035-9cd8-240d790ea9d3,2026-09-17T23:46:27.098096Z,gota-g002:v1,a30542cb-54de-4109-92e6-bcabca7db4d8,Alex Smith,9,Demon Hunter,BlueTeam,7724,3325,430.47643707923356,37,14,3,4,119.7566027964785,271.8798549974107,38.839979285344384,18,14,19,0
ereq_6d19b420-247d-4a72-981b-b940c0dd01c1,2026-09-17T23:46:27.120734Z,daf-gota-v1:v1,e7d1ba41-3be1-4785-815d-b3c9ad8f46b9,docxology,0,Death Knight,RedTeam,7484,725,96.87332977017638,17,2,0,2,56.78781400320684,40.085515766969536,0.0,5,2,15,0
ereq_6d19b420-247d-4a72-981b-b940c0dd01c1,2026-09-17T23:46:27.120734Z,khors:v1,fa00903c-0ba4-4eec-b20f-4c082550d80f,Andre von Auto,1,Crossbowman,RedTeam,7484,2225,297.30090860502406,39,7,2,1,130.27792624265098,140.29930518439338,26.723677177979692,9,7,15,0
ereq_6d19b420-247d-4a72-981b-b940c0dd01c1,2026-09-17T23:46:27.120734Z,macromackie-gota:v4,1a78a3f9-8112-4c2c-831a-f0ffee8dbacc,macromackie,2,Lich,RedTeam,7484,1675,223.8107963655799,51,2,1,5,170.3634420096205,40.085515766969536,13.361838588989846,4,2,15,0
ereq_6d19b420-247d-4a72-981b-b940c0dd01c1,2026-09-17T23:46:27.120734Z,aaron-gota-ir-coordinated-support-anchor-0916:v1,9cedf3ff-c7ce-4cff-897f-d48b44e049ad,Aaron's Co-play Coach,3,Warlock,RedTeam,7484,2325,310.6627471940139,63,3,3,1,210.44895777659005,60.128273650454304,40.085515766969536,6,3,15,0
ereq_6d19b420-247d-4a72-981b-b940c0dd01c1,2026-09-17T23:46:27.120734Z,Jordan-ply_bcb80069-fb0c-4ba5-a45c-06b647870aeb:v218,f1cf890b-42d5-4cca-98cc-782774a7e9a7,Jordan,4,Berserker,RedTeam,7484,875,116.91608765366114,31,0,1,4,103.5542490646713,0.0,13.361838588989846,5,0,15,0
ereq_6d19b420-247d-4a72-981b-b940c0dd01c1,2026-09-17T23:46:27.120734Z,relh-gods-of-the-arena:v154,99ff8b49-8bb6-4ee2-9204-ff24a8efda4e,relh,5,Vanguard Knight,BlueTeam,7484,175,23.383217530732228,7,0,0,4,23.383217530732228,0.0,0.0,1,0,13,1
ereq_6d19b420-247d-4a72-981b-b940c0dd01c1,2026-09-17T23:46:27.120734Z,gota-codex-side-aware-team-secondary-20260917:v1,a7551ee6-ef55-48f0-81bc-d1ba68ca54c2,daveey-2,6,Ranger,BlueTeam,7484,1700,227.15125601282736,30,5,2,2,100.21378941742384,100.21378941742384,26.723677177979692,5,5,13,1
ereq_6d19b420-247d-4a72-981b-b940c0dd01c1,2026-09-17T23:46:27.120734Z,aaron-gota-ir-perimeter-blue_repair-0916-aaron:v1,b64f1ccb-02e1-4ad5-b75b-f374222e9e9a,Aaron,7,Arcanist,BlueTeam,7484,1625,217.129877071085,31,5,1,2,103.5542490646713,100.21378941742384,13.361838588989846,5,5,13,1
ereq_6d19b420-247d-4a72-981b-b940c0dd01c1,2026-09-17T23:46:27.120734Z,red-kite:v34,a4590ed4-0b0c-4d86-8968-0844796f30e0,Andrew Brower,8,Druid Warden,BlueTeam,7484,600,80.17103153393907,14,1,1,3,46.766435061464456,20.042757883484768,13.361838588989846,3,1,13,1
ereq_6d19b420-247d-4a72-981b-b940c0dd01c1,2026-09-17T23:46:27.120734Z,james-botts-gota:v13,40d72eea-ac61-44b0-aaf4-7828fbf30170,James Botts,9,Demon Hunter,BlueTeam,7484,1300,173.703901656868,46,1,0,4,153.66114377338323,20.042757883484768,0.0,5,1,13,1
ereq_6baff5ca-832a-4d27-b50e-89b8fc9561d5,2026-09-17T23:46:27.096627Z,richard-gods-of-the-arena:v78,881a807d-68ab-4a62-9b6c-e98694cf0bc3,richard,0,Death Knight,RedTeam,5720,325,56.81818181818182,13,0,0,5,56.81818181818182,0.0,0.0,2,0,11,0
ereq_6baff5ca-832a-4d27-b50e-89b8fc9561d5,2026-09-17T23:46:27.096627Z,relh-gods-of-the-arena:v154,99ff8b49-8bb6-4ee2-9204-ff24a8efda4e,relh,1,Crossbowman,RedTeam,5720,1475,257.86713286713285,55,0,1,1,240.3846153846154,0.0,17.482517482517483,2,0,11,0
ereq_6baff5ca-832a-4d27-b50e-89b8fc9561d5,2026-09-17T23:46:27.096627Z,red-kite:v34,a4590ed4-0b0c-4d86-8968-0844796f30e0,Andrew Brower,2,Lich,RedTeam,5720,1200,209.7902097902098,48,0,0,2,209.7902097902098,0.0,0.0,0,0,11,0
ereq_6baff5ca-832a-4d27-b50e-89b8fc9561d5,2026-09-17T23:46:27.096627Z,gota-vanguard-rally-hold:v1,3ccd4955-3d9c-4c79-a243-e5dc12d650ad,daveey,3,Warlock,RedTeam,5720,1025,179.1958041958042,19,3,1,1,83.04195804195804,78.67132867132867,17.482517482517483,5,3,11,0
ereq_6baff5ca-832a-4d27-b50e-89b8fc9561d5,2026-09-17T23:46:27.096627Z,gota-g002:v1,a30542cb-54de-4109-92e6-bcabca7db4d8,Alex Smith,4,Berserker,RedTeam,5720,2425,423.95104895104896,49,8,0,2,214.16083916083917,209.7902097902098,0.0,9,8,11,0
ereq_6baff5ca-832a-4d27-b50e-89b8fc9561d5,2026-09-17T23:46:27.096627Z,Polyworld GOTA base.bas:v1,e8aed568-d03c-49bf-beaf-68c731f05d26,Andre von Houck,5,Vanguard Knight,BlueTeam,5720,475,83.04195804195804,13,1,0,4,56.81818181818182,26.223776223776223,0.0,4,1,11,1
ereq_6baff5ca-832a-4d27-b50e-89b8fc9561d5,2026-09-17T23:46:27.096627Z,james-botts-gota:v13,40d72eea-ac61-44b0-aaf4-7828fbf30170,James Botts,6,Ranger,BlueTeam,5720,825,144.23076923076923,33,0,0,1,144.23076923076923,0.0,0.0,1,0,11,1
ereq_6baff5ca-832a-4d27-b50e-89b8fc9561d5,2026-09-17T23:46:27.096627Z,aaron-gota-ir-perimeter-blue_repair-0916-aaron:v1,b64f1ccb-02e1-4ad5-b75b-f374222e9e9a,Aaron,7,Arcanist,BlueTeam,5720,825,144.23076923076923,13,2,2,2,56.81818181818182,52.44755244755245,34.96503496503497,4,2,11,1
ereq_6baff5ca-832a-4d27-b50e-89b8fc9561d5,2026-09-17T23:46:27.096627Z,black-kite:v16,d10d7d74-40a7-4f6c-8838-e09729160349,Andrew Brower B,8,Druid Warden,BlueTeam,5720,1175,205.41958041958043,31,2,1,3,135.48951048951048,52.44755244755245,17.482517482517483,4,2,11,1
ereq_6baff5ca-832a-4d27-b50e-89b8fc9561d5,2026-09-17T23:46:27.096627Z,aaron-gota-ir-coordinated-support-anchor-0916:v1,9cedf3ff-c7ce-4cff-897f-d48b44e049ad,Aaron's Co-play Coach,9,Demon Hunter,BlueTeam,5720,3125,546.3286713286714,49,6,10,1,214.16083916083917,157.34265734265733,174.82517482517483,6,6,11,1
ereq_8802d8b0-68ee-4376-a083-eb9cb070d249,2026-09-17T23:46:27.114887Z,black-kite:v16,d10d7d74-40a7-4f6c-8838-e09729160349,Andrew Brower B,0,Death Knight,RedTeam,3557,175,49.19876300253022,7,0,0,2,49.19876300253022,0.0,0.0,2,0,9,0
ereq_8802d8b0-68ee-4376-a083-eb9cb070d249,2026-09-17T23:46:27.114887Z,james-botts-gota:v13,40d72eea-ac61-44b0-aaf4-7828fbf30170,James Botts,1,Crossbowman,RedTeam,3557,625,175.70986786617937,13,2,0,2,91.36913129041326,84.3407365757661,0.0,2,2,9,0
ereq_8802d8b0-68ee-4376-a083-eb9cb070d249,2026-09-17T23:46:27.114887Z,aaron-gota-ir-coordinated-support-anchor-0916:v1,9cedf3ff-c7ce-4cff-897f-d48b44e049ad,Aaron's Co-play Coach,2,Lich,RedTeam,3557,1625,456.84565645206635,45,2,2,0,316.27776215912286,84.3407365757661,56.2271577171774,2,2,9,0
ereq_8802d8b0-68ee-4376-a083-eb9cb070d249,2026-09-17T23:46:27.114887Z,richard-gods-of-the-arena:v78,881a807d-68ab-4a62-9b6c-e98694cf0bc3,richard,3,Warlock,RedTeam,3557,700,196.79505201012088,18,1,1,0,126.51110486364914,42.17036828788305,28.1135788585887,5,1,9,0
ereq_8802d8b0-68ee-4376-a083-eb9cb070d249,2026-09-17T23:46:27.114887Z,khors:v1,fa00903c-0ba4-4eec-b20f-4c082550d80f,Andre von Auto,4,Berserker,RedTeam,3557,1175,330.3345515884172,13,3,4,0,91.36913129041326,126.51110486364914,112.4543154343548,5,3,9,0
ereq_8802d8b0-68ee-4376-a083-eb9cb070d249,2026-09-17T23:46:27.114887Z,gota-g002:v1,a30542cb-54de-4109-92e6-bcabca7db4d8,Alex Smith,5,Vanguard Knight,BlueTeam,3557,225,63.25555243182457,3,1,0,2,21.085184143941525,42.17036828788305,0.0,1,1,4,1
ereq_8802d8b0-68ee-4376-a083-eb9cb070d249,2026-09-17T23:46:27.114887Z,macromackie-gota:v4,1a78a3f9-8112-4c2c-831a-f0ffee8dbacc,macromackie,6,Ranger,BlueTeam,3557,325,91.36913129041326,7,1,0,1,49.19876300253022,42.17036828788305,0.0,2,1,4,1
ereq_8802d8b0-68ee-4376-a083-eb9cb070d249,2026-09-17T23:46:27.114887Z,aaron-gota-ir-perimeter-blue_repair-0916-aaron:v1,b64f1ccb-02e1-4ad5-b75b-f374222e9e9a,Aaron,7,Arcanist,BlueTeam,3557,1375,386.5617093055946,25,1,6,0,175.70986786617937,42.17036828788305,168.6814731515322,2,1,4,1
ereq_8802d8b0-68ee-4376-a083-eb9cb070d249,2026-09-17T23:46:27.114887Z,gota-codex-side-aware-team-secondary-20260917:v1,a7551ee6-ef55-48f0-81bc-d1ba68ca54c2,daveey-2,8,Druid Warden,BlueTeam,3557,325,91.36913129041326,7,1,0,2,49.19876300253022,42.17036828788305,0.0,1,1,4,1
ereq_8802d8b0-68ee-4376-a083-eb9cb070d249,2026-09-17T23:46:27.114887Z,relh-gods-of-the-arena:v154,99ff8b49-8bb6-4ee2-9204-ff24a8efda4e,relh,9,Demon Hunter,BlueTeam,3557,300,84.3407365757661,12,0,0,4,84.3407365757661,0.0,0.0,1,0,4,1
ereq_31d6336d-4d19-4aab-9a86-a0ee3b978e36,2026-09-17T23:46:27.126913Z,khors:v1,fa00903c-0ba4-4eec-b20f-4c082550d80f,Andre von Auto,0,Death Knight,RedTeam,16960,625,36.85141509433962,15,1,1,6,22.110849056603772,8.84433962264151,5.89622641509434,12,1,41,1
ereq_31d6336d-4d19-4aab-9a86-a0ee3b978e36,2026-09-17T23:46:27.126913Z,macromackie-gota:v4,1a78a3f9-8112-4c2c-831a-f0ffee8dbacc,macromackie,1,Crossbowman,RedTeam,16960,2775,163.62028301886792,67,6,2,7,98.76179245283019,53.06603773584906,11.79245283018868,14,6,41,1
ereq_31d6336d-4d19-4aab-9a86-a0ee3b978e36,2026-09-17T23:46:27.126913Z,aaron-gota-ir-perimeter-blue_repair-0916-aaron:v1,b64f1ccb-02e1-4ad5-b75b-f374222e9e9a,Aaron,2,Lich,RedTeam,16960,6250,368.5141509433962,102,20,7,5,150.35377358490567,176.88679245283018,41.27358490566038,26,20,41,1
ereq_31d6336d-4d19-4aab-9a86-a0ee3b978e36,2026-09-17T23:46:27.126913Z,gota-g002:v1,a30542cb-54de-4109-92e6-bcabca7db4d8,Alex Smith,3,Warlock,RedTeam,16960,2225,131.19103773584905,53,4,3,7,78.125,35.37735849056604,17.68867924528302,10,4,41,1
ereq_31d6336d-4d19-4aab-9a86-a0ee3b978e36,2026-09-17T23:46:27.126913Z,black-kite:v16,d10d7d74-40a7-4f6c-8838-e09729160349,Andrew Brower B,4,Berserker,RedTeam,16960,2125,125.29481132075472,43,7,0,8,63.384433962264154,61.910377358490564,0.0,8,7,41,1
ereq_31d6336d-4d19-4aab-9a86-a0ee3b978e36,2026-09-17T23:46:27.126913Z,gota-codex-side-aware-team-secondary-20260917:v1,a7551ee6-ef55-48f0-81bc-d1ba68ca54c2,daveey-2,5,Vanguard Knight,BlueTeam,16960,1575,92.86556603773585,39,4,0,9,57.488207547169814,35.37735849056604,0.0,7,4,33,0
ereq_31d6336d-4d19-4aab-9a86-a0ee3b978e36,2026-09-17T23:46:27.126913Z,james-botts-gota:v13,40d72eea-ac61-44b0-aaf4-7828fbf30170,James Botts,6,Ranger,BlueTeam,16960,3200,188.67924528301887,116,2,0,1,170.99056603773585,17.68867924528302,0.0,6,2,33,0
ereq_31d6336d-4d19-4aab-9a86-a0ee3b978e36,2026-09-17T23:46:27.126913Z,Polyworld GOTA base.bas:v1,e8aed568-d03c-49bf-beaf-68c731f05d26,Andre von Houck,7,Arcanist,BlueTeam,16960,6050,356.72169811320754,148,15,1,11,218.16037735849056,132.66509433962264,5.89622641509434,23,15,33,0
ereq_31d6336d-4d19-4aab-9a86-a0ee3b978e36,2026-09-17T23:46:27.126913Z,aaron-gota-ir-coordinated-support-anchor-0916:v1,9cedf3ff-c7ce-4cff-897f-d48b44e049ad,Aaron's Co-play Coach,8,Druid Warden,BlueTeam,16960,1350,79.59905660377359,30,4,0,8,44.221698113207545,35.37735849056604,0.0,17,4,33,0
ereq_31d6336d-4d19-4aab-9a86-a0ee3b978e36,2026-09-17T23:46:27.126913Z,red-kite:v34,a4590ed4-0b0c-4d86-8968-0844796f30e0,Andrew Brower,9,Demon Hunter,BlueTeam,16960,5400,318.39622641509436,180,6,0,12,265.3301886792453,53.06603773584906,0.0,9,6,33,0
ereq_ea2a785b-0209-403b-aa14-733953d6d522,2026-09-17T23:46:27.116390Z,gota-vanguard-rally-hold:v1,3ccd4955-3d9c-4c79-a243-e5dc12d650ad,daveey,0,Death Knight,RedTeam,16234,1725,106.25846987803375,27,7,0,14,41.57940125662191,64.67906862141186,0.0,20,7,47,0
ereq_ea2a785b-0209-403b-aa14-733953d6d522,2026-09-17T23:46:27.116390Z,red-kite:v34,a4590ed4-0b0c-4d86-8968-0844796f30e0,Andrew Brower,1,Crossbowman,RedTeam,16234,4300,264.8761857829247,86,13,2,5,132.43809289146236,120.11827029690772,12.319822594554639,14,13,47,0
ereq_ea2a785b-0209-403b-aa14-733953d6d522,2026-09-17T23:46:27.116390Z,gota-g003:v2,8cea4626-a0f1-4dd0-b066-58e6bd194ad3,Scott Smith,2,Lich,RedTeam,16234,5125,315.6954539854626,115,15,0,14,177.09744979672294,138.59800418873968,0.0,24,15,47,0
ereq_ea2a785b-0209-403b-aa14-733953d6d522,2026-09-17T23:46:27.116390Z,james-botts-gota:v13,40d72eea-ac61-44b0-aaf4-7828fbf30170,James Botts,3,Warlock,RedTeam,16234,3525,217.1368732290255,135,1,0,1,207.89700628310953,9.23986694591598,0.0,6,1,47,0
ereq_ea2a785b-0209-403b-aa14-733953d6d522,2026-09-17T23:46:27.116390Z,khors:v1,fa00903c-0ba4-4eec-b20f-4c082550d80f,Andre von Auto,4,Berserker,RedTeam,16234,2175,133.97807071578168,41,7,1,17,63.13909079709252,64.67906862141186,6.159911297277319,13,6,47,0
ereq_ea2a785b-0209-403b-aa14-733953d6d522,2026-09-17T23:46:27.116390Z,gota-g002:v1,a30542cb-54de-4109-92e6-bcabca7db4d8,Alex Smith,5,Vanguard Knight,BlueTeam,16234,925,56.9791794998152,25,2,0,16,38.49944560798325,18.47973389183196,0.0,11,2,51,1
ereq_ea2a785b-0209-403b-aa14-733953d6d522,2026-09-17T23:46:27.116390Z,aaron-gota-ir-perimeter-blue_repair-0916-aaron:v1,b64f1ccb-02e1-4ad5-b75b-f374222e9e9a,Aaron,6,Ranger,BlueTeam,16234,5775,355.7348774177652,85,21,5,5,130.89811506714304,194.03720586423555,30.799556486386596,34,21,51,1
ereq_ea2a785b-0209-403b-aa14-733953d6d522,2026-09-17T23:46:27.116390Z,nancy-goa:v2,2777766f-4931-4fd9-83f2-44a3f509ede1,NanosaurusX,7,Arcanist,BlueTeam,16234,1925,118.5782924725884,53,4,0,7,81.61882468892448,36.95946778366392,0.0,8,4,51,1
ereq_ea2a785b-0209-403b-aa14-733953d6d522,2026-09-17T23:46:27.116390Z,richard-gods-of-the-arena:v78,881a807d-68ab-4a62-9b6c-e98694cf0bc3,richard,8,Druid Warden,BlueTeam,16234,1800,110.87840335099175,66,1,0,11,101.63853640507577,9.23986694591598,0.0,9,1,51,1
ereq_ea2a785b-0209-403b-aa14-733953d6d522,2026-09-17T23:46:27.116390Z,aaron-gota-ir-coordinated-support-anchor-0916:v1,9cedf3ff-c7ce-4cff-897f-d48b44e049ad,Aaron's Co-play Coach,9,Demon Hunter,BlueTeam,16234,6500,400.3942343230257,126,21,2,8,194.03720586423555,194.03720586423555,12.319822594554639,30,21,51,1
ereq_66ba06ee-7b58-4fd1-a59b-6f02b5fa7081,2026-09-17T23:46:27.103946Z,Jordan-ply_bcb80069-fb0c-4ba5-a45c-06b647870aeb:v218,f1cf890b-42d5-4cca-98cc-782774a7e9a7,Jordan,0,Death Knight,RedTeam,6109,550,90.0311016532984,16,1,0,4,65.47716483876248,24.55393681453593,0.0,9,1,22,1
ereq_66ba06ee-7b58-4fd1-a59b-6f02b5fa7081,2026-09-17T23:46:27.103946Z,richard-gods-of-the-arena:v78,881a807d-68ab-4a62-9b6c-e98694cf0bc3,richard,1,Crossbowman,RedTeam,6109,2500,409.2322802422655,40,10,0,2,163.6929120969062,245.5393681453593,0.0,16,10,22,1
ereq_66ba06ee-7b58-4fd1-a59b-6f02b5fa7081,2026-09-17T23:46:27.103946Z,black-kite:v16,d10d7d74-40a7-4f6c-8838-e09729160349,Andrew Brower B,2,Lich,RedTeam,6109,2200,360.1244066131936,56,4,2,1,229.17007693566867,98.21574725814372,32.73858241938124,5,4,22,1
ereq_66ba06ee-7b58-4fd1-a59b-6f02b5fa7081,2026-09-17T23:46:27.103946Z,Polyworld GOTA base.bas:v1,e8aed568-d03c-49bf-beaf-68c731f05d26,Andre von Houck,3,Warlock,RedTeam,6109,1150,188.24684891144213,20,3,2,1,81.8464560484531,73.66181044360779,32.73858241938124,12,3,22,1
ereq_66ba06ee-7b58-4fd1-a59b-6f02b5fa7081,2026-09-17T23:46:27.103946Z,red-kite:v34,a4590ed4-0b0c-4d86-8968-0844796f30e0,Andrew Brower,4,Berserker,RedTeam,6109,1150,188.24684891144213,32,1,2,6,130.95432967752495,24.55393681453593,32.73858241938124,5,1,22,1
ereq_66ba06ee-7b58-4fd1-a59b-6f02b5fa7081,2026-09-17T23:46:27.103946Z,khors:v1,fa00903c-0ba4-4eec-b20f-4c082550d80f,Andre von Auto,5,Vanguard Knight,BlueTeam,6109,700,114.58503846783434,16,2,0,9,65.47716483876248,49.10787362907186,0.0,3,2,14,0
ereq_66ba06ee-7b58-4fd1-a59b-6f02b5fa7081,2026-09-17T23:46:27.103946Z,james-botts-gota:v13,40d72eea-ac61-44b0-aaf4-7828fbf30170,James Botts,6,Ranger,BlueTeam,6109,450,73.66181044360779,12,1,0,1,49.10787362907186,24.55393681453593,0.0,6,1,14,0
ereq_66ba06ee-7b58-4fd1-a59b-6f02b5fa7081,2026-09-17T23:46:27.103946Z,aaron-gota-ir-perimeter-blue_repair-0916-aaron:v1,b64f1ccb-02e1-4ad5-b75b-f374222e9e9a,Aaron,7,Arcanist,BlueTeam,6109,1600,261.9086593550499,18,5,4,1,73.66181044360779,122.76968407267965,65.47716483876248,7,5,14,0
ereq_66ba06ee-7b58-4fd1-a59b-6f02b5fa7081,2026-09-17T23:46:27.103946Z,aaron-gota-ir-coordinated-support-anchor-0916:v1,9cedf3ff-c7ce-4cff-897f-d48b44e049ad,Aaron's Co-play Coach,8,Druid Warden,BlueTeam,6109,725,118.677361270257,19,1,1,2,77.75413324603045,24.55393681453593,16.36929120969062,3,1,14,0
ereq_66ba06ee-7b58-4fd1-a59b-6f02b5fa7081,2026-09-17T23:46:27.103946Z,gota-g002:v1,a30542cb-54de-4109-92e6-bcabca7db4d8,Alex Smith,9,Demon Hunter,BlueTeam,6109,1500,245.5393681453593,30,5,0,9,122.76968407267965,122.76968407267965,0.0,5,5,14,0
ereq_536e34fe-ee72-4310-9d59-2016182670ed,2026-09-17T23:46:27.117144Z,gota-vanguard-rally-hold:v1,3ccd4955-3d9c-4c79-a243-e5dc12d650ad,daveey,0,Death Knight,RedTeam,28800,4525,157.11805555555554,121,10,0,22,105.03472222222223,52.083333333333336,0.0,33,10,84,0
ereq_536e34fe-ee72-4310-9d59-2016182670ed,2026-09-17T23:46:27.117144Z,gota-g003:v2,8cea4626-a0f1-4dd0-b066-58e6bd194ad3,Scott Smith,1,Crossbowman,RedTeam,28800,8225,285.59027777777777,139,31,1,17,120.65972222222223,161.45833333333334,3.4722222222222223,48,31,84,0
ereq_536e34fe-ee72-4310-9d59-2016182670ed,2026-09-17T23:46:27.117144Z,relh-gods-of-the-arena:v154,99ff8b49-8bb6-4ee2-9204-ff24a8efda4e,relh,2,Lich,RedTeam,28800,8475,294.2708333333333,167,28,1,18,144.96527777777777,145.83333333333334,3.4722222222222223,32,28,84,0
ereq_536e34fe-ee72-4310-9d59-2016182670ed,2026-09-17T23:46:27.117144Z,red-kite:v34,a4590ed4-0b0c-4d86-8968-0844796f30e0,Andrew Brower,3,Warlock,RedTeam,28800,7900,274.30555555555554,254,9,2,18,220.48611111111111,46.875,6.944444444444445,12,9,84,0
ereq_536e34fe-ee72-4310-9d59-2016182670ed,2026-09-17T23:46:27.117144Z,james-botts-gota:v13,40d72eea-ac61-44b0-aaf4-7828fbf30170,James Botts,4,Berserker,RedTeam,28800,4400,152.77777777777777,170,1,0,6,147.56944444444446,5.208333333333333,0.0,13,1,84,0
ereq_536e34fe-ee72-4310-9d59-2016182670ed,2026-09-17T23:46:27.117144Z,richard-gods-of-the-arena:v78,881a807d-68ab-4a62-9b6c-e98694cf0bc3,richard,5,Vanguard Knight,BlueTeam,28800,1000,34.72222222222222,34,1,0,25,29.51388888888889,5.208333333333333,0.0,10,1,81,0
ereq_536e34fe-ee72-4310-9d59-2016182670ed,2026-09-17T23:46:27.117144Z,khors:v1,fa00903c-0ba4-4eec-b20f-4c082550d80f,Andre von Auto,6,Ranger,BlueTeam,28800,5400,187.5,90,21,0,12,78.125,109.375,0.0,35,20,81,0
ereq_536e34fe-ee72-4310-9d59-2016182670ed,2026-09-17T23:46:27.117144Z,daf-gota-v1:v1,e7d1ba41-3be1-4785-815d-b3c9ad8f46b9,docxology,7,Arcanist,BlueTeam,28800,4125,143.22916666666666,101,10,1,11,87.67361111111111,52.083333333333336,3.4722222222222223,19,10,81,0
ereq_536e34fe-ee72-4310-9d59-2016182670ed,2026-09-17T23:46:27.117144Z,aaron-gota-ir-coordinated-support-anchor-0916:v1,9cedf3ff-c7ce-4cff-897f-d48b44e049ad,Aaron's Co-play Coach,8,Druid Warden,BlueTeam,28800,9825,341.1458333333333,119,39,10,8,103.29861111111111,203.125,34.72222222222222,45,39,81,0
ereq_536e34fe-ee72-4310-9d59-2016182670ed,2026-09-17T23:46:27.117144Z,gota-codex-side-aware-team-secondary-20260917:v1,a7551ee6-ef55-48f0-81bc-d1ba68ca54c2,daveey-2,9,Demon Hunter,BlueTeam,28800,1925,66.84027777777777,29,8,0,28,25.17361111111111,41.666666666666664,0.0,15,8,81,0
ereq_02bae666-7c40-4af5-837b-15d4ea5d9c71,2026-09-17T23:46:27.108300Z,richard-gods-of-the-arena:v78,881a807d-68ab-4a62-9b6c-e98694cf0bc3,richard,0,Death Knight,RedTeam,23590,2800,118.69436201780415,88,4,0,14,93.25985587113183,25.43450614667232,0.0,24,4,63,0
ereq_02bae666-7c40-4af5-837b-15d4ea5d9c71,2026-09-17T23:46:27.108300Z,relh-gods-of-the-arena:v154,99ff8b49-8bb6-4ee2-9204-ff24a8efda4e,relh,1,Crossbowman,RedTeam,23590,6225,263.88300127172533,181,10,2,13,191.81856718948708,63.5862653666808,8.47816871555744,22,10,63,0
ereq_02bae666-7c40-4af5-837b-15d4ea5d9c71,2026-09-17T23:46:27.108300Z,james-botts-gota:v13,40d72eea-ac61-44b0-aaf4-7828fbf30170,James Botts,2,Lich,RedTeam,23590,5675,240.56803730394236,125,17,0,5,132.471386180585,108.09665112335736,0.0,37,17,63,0
ereq_02bae666-7c40-4af5-837b-15d4ea5d9c71,2026-09-17T23:46:27.108300Z,khors:v1,fa00903c-0ba4-4eec-b20f-4c082550d80f,Andre von Auto,3,Warlock,RedTeam,23590,3475,147.3081814328105,85,9,0,20,90.08054260279779,57.227638830012715,0.0,37,9,63,0
ereq_02bae666-7c40-4af5-837b-15d4ea5d9c71,2026-09-17T23:46:27.108300Z,aaron-gota-ir-perimeter-blue_repair-0916-aaron:v1,b64f1ccb-02e1-4ad5-b75b-f374222e9e9a,Aaron,4,Berserker,RedTeam,23590,7250,307.33361593895717,154,20,4,11,163.20474777448072,127.1725307333616,16.95633743111488,28,20,63,0
ereq_02bae666-7c40-4af5-837b-15d4ea5d9c71,2026-09-17T23:46:27.108300Z,gota-codex-side-aware-team-secondary-20260917:v1,a7551ee6-ef55-48f0-81bc-d1ba68ca54c2,daveey-2,5,Vanguard Knight,BlueTeam,23590,2500,105.977108944468,44,8,2,11,46.62992793556592,50.86901229334464,8.47816871555744,16,8,63,1
ereq_02bae666-7c40-4af5-837b-15d4ea5d9c71,2026-09-17T23:46:27.108300Z,gota-g002:v1,a30542cb-54de-4109-92e6-bcabca7db4d8,Alex Smith,6,Ranger,BlueTeam,23590,2750,116.57481983891479,42,10,2,16,44.510385756676556,63.5862653666808,8.47816871555744,21,10,63,1
ereq_02bae666-7c40-4af5-837b-15d4ea5d9c71,2026-09-17T23:46:27.108300Z,red-kite:v34,a4590ed4-0b0c-4d86-8968-0844796f30e0,Andrew Brower,7,Arcanist,BlueTeam,23590,8900,377.27850784230606,252,16,2,12,267.06231454005933,101.73802458668928,8.47816871555744,20,16,63,1
ereq_02bae666-7c40-4af5-837b-15d4ea5d9c71,2026-09-17T23:46:27.108300Z,black-kite:v16,d10d7d74-40a7-4f6c-8838-e09729160349,Andrew Brower B,8,Druid Warden,BlueTeam,23590,5125,217.2530733361594,145,10,0,11,153.66680796947858,63.5862653666808,0.0,21,10,63,1
ereq_02bae666-7c40-4af5-837b-15d4ea5d9c71,2026-09-17T23:46:27.108300Z,gota-vanguard-rally-hold:v1,3ccd4955-3d9c-4c79-a243-e5dc12d650ad,daveey,9,Demon Hunter,BlueTeam,23590,6725,285.0784230606189,143,17,6,13,151.54726579058922,108.09665112335736,25.43450614667232,28,17,63,1
ereq_56553ae8-7cc4-44c7-92ba-5082d891a2e4,2026-09-17T23:46:27.114190Z,james-botts-gota:v13,40d72eea-ac61-44b0-aaf4-7828fbf30170,James Botts,0,Death Knight,RedTeam,7692,1625,211.25845033801352,59,1,0,2,191.75767030681226,19.50078003120125,0.0,7,1,30,0
ereq_56553ae8-7cc4-44c7-92ba-5082d891a2e4,2026-09-17T23:46:27.114190Z,red-kite:v34,a4590ed4-0b0c-4d86-8968-0844796f30e0,Andrew Brower,1,Crossbowman,RedTeam,7692,2025,263.26053042121686,57,4,0,3,185.25741029641185,78.003120124805,0.0,4,4,30,0
ereq_56553ae8-7cc4-44c7-92ba-5082d891a2e4,2026-09-17T23:46:27.114190Z,richard-gods-of-the-arena:v78,881a807d-68ab-4a62-9b6c-e98694cf0bc3,richard,2,Lich,RedTeam,7692,3000,390.01560062402496,44,12,1,4,143.00572022880914,234.00936037441497,13.000520020800833,16,12,30,0
ereq_56553ae8-7cc4-44c7-92ba-5082d891a2e4,2026-09-17T23:46:27.114190Z,gota-g002:v1,a30542cb-54de-4109-92e6-bcabca7db4d8,Alex Smith,3,Warlock,RedTeam,7692,1575,204.7581903276131,21,5,3,2,68.25273010920436,97.50390015600624,39.0015600624025,17,5,30,0
ereq_56553ae8-7cc4-44c7-92ba-5082d891a2e4,2026-09-17T23:46:27.114190Z,khors:v1,fa00903c-0ba4-4eec-b20f-4c082550d80f,Andre von Auto,4,Berserker,RedTeam,7692,1475,191.75767030681226,17,7,0,3,55.25221008840354,136.50546021840873,0.0,15,7,30,0
ereq_56553ae8-7cc4-44c7-92ba-5082d891a2e4,2026-09-17T23:46:27.114190Z,aaron-gota-ir-perimeter-blue_repair-0916-aaron:v1,b64f1ccb-02e1-4ad5-b75b-f374222e9e9a,Aaron,5,Vanguard Knight,BlueTeam,7692,675,87.75351014040561,23,0,1,4,74.75299011960479,0.0,13.000520020800833,1,0,14,1
ereq_56553ae8-7cc4-44c7-92ba-5082d891a2e4,2026-09-17T23:46:27.114190Z,relh-gods-of-the-arena:v154,99ff8b49-8bb6-4ee2-9204-ff24a8efda4e,relh,6,Ranger,BlueTeam,7692,2875,373.7649505980239,63,8,1,5,204.7581903276131,156.00624024961,13.000520020800833,8,8,14,1
ereq_56553ae8-7cc4-44c7-92ba-5082d891a2e4,2026-09-17T23:46:27.114190Z,daf-gota-v1:v1,e7d1ba41-3be1-4785-815d-b3c9ad8f46b9,docxology,7,Arcanist,BlueTeam,7692,325,42.2516900676027,13,0,0,10,42.2516900676027,0.0,0.0,2,0,14,1
ereq_56553ae8-7cc4-44c7-92ba-5082d891a2e4,2026-09-17T23:46:27.114190Z,gota-g003:v2,8cea4626-a0f1-4dd0-b066-58e6bd194ad3,Scott Smith,8,Druid Warden,BlueTeam,7692,875,113.75455018200728,29,1,0,8,94.25377015080603,19.50078003120125,0.0,5,1,14,1
ereq_56553ae8-7cc4-44c7-92ba-5082d891a2e4,2026-09-17T23:46:27.114190Z,aaron-gota-ir-coordinated-support-anchor-0916:v1,9cedf3ff-c7ce-4cff-897f-d48b44e049ad,Aaron's Co-play Coach,9,Demon Hunter,BlueTeam,7692,3025,393.2657306292252,79,3,6,3,256.7602704108164,58.50234009360374,78.003120124805,4,3,14,1
