{
 "schema": "crewborg-suspicion-weights/v1",
 "trained": "2026-06-12",
 "dataset": "/Users/jamesboggs/coding/personal_labs/crewrift_lab/suspicion_lab/dataset/dataset.parquet",
 "games": 341,
 "rows": 35137,
 "C": 1.0,
 "cv_auc": 0.811288543563343,
 "cv_log_loss": 0.46780972858892966,
 "intercept": 0.0,
 "linear_clip": 5,
 "bin_spec": {
  "follow_death_samples": [
   2,
   6
  ],
  "tail_obs_samples": [
   5,
   20
  ],
  "tail_obs_max_run": [
   3,
   8
  ],
  "copresence_killrange_samples": [
   5,
   20
  ],
  "task_site_dwell_samples": [
   5,
   20
  ],
  "observed_samples": [
   10,
   40
  ]
 },
 "coefficients": {
  "witnessed_kills": 2.88006299573621,
  "near_body_bodies": 0.7652295914560324,
  "follow_death_samples__0to2": 0.960692393908802,
  "follow_death_samples__2to6": 2.1418967051871762,
  "follow_death_samples__gt6": 2.616450927350478,
  "tail_obs_samples__0to5": -0.28336161050870595,
  "tail_obs_samples__5to20": 0.0,
  "tail_obs_samples__gt20": 0.7853156088144615,
  "tail_obs_max_run__0to3": -0.08772042672855192,
  "tail_obs_max_run__3to8": -0.04703468731479607,
  "tail_obs_max_run__gt8": 0.055262824865214964,
  "vent_visits": 0.118302874576645,
  "tasks_completed_watched": -9.045338736939554,
  "copresence_killrange_samples__0to5": 0.040302260526506935,
  "copresence_killrange_samples__5to20": 0.24840949555040806,
  "copresence_killrange_samples__gt20": 0.8054977785352128,
  "task_site_dwell_samples__0to5": -0.5546640002497951,
  "task_site_dwell_samples__5to20": -1.31613073981209,
  "task_site_dwell_samples__gt20": -0.28219750961995904,
  "observed_samples__0to10": -0.5561382578175097,
  "observed_samples__10to40": 0.0,
  "observed_samples__gt40": 0.7942105412686035,
  "reported_bodies": 0.008747931054429168,
  "button_calls_made": -1.4516590204274222,
  "votes_cast": -0.03982591404021287,
  "votes_skipped": -0.2979931762191886,
  "voted_against_observer": 0.3607754326185304,
  "vote_agreement_with_observer": 0.9977935294690238,
  "accusations_made": 1.194655159284394,
  "times_accused": -0.5135907209009652,
  "times_defended": 0.0
 }
}